{"content": {"suites": {"0": {"status": {"total_pass": 1, "total_skip": 0, "total_xpass": 0, "total_xfail": 0, "total_rerun": 0, "total_fail": 0, "total_error": 0}, "tests": {"0": {"status": "PASS", "message": "", "test_name": "test_15_SetupOS", "rerun": "0"}}, "suite_name": "4LaporanBulanan/7.Laporan7A/Fungsional/test_Laporan7A.py"}}}, "date": "April 12, 2023", "start_time": 1681285430.8768818, "total_suite": 1, "status": "PASS", "status_list": {"pass": "1", "fail": "0", "skip": "0", "error": "0", "xpass": "0", "xfail": "0", "rerun": "0"}, "total_tests": "1"}