{"content": {"suites": {"0": {"status": {"total_pass": 1, "total_skip": 0, "total_xpass": 0, "total_xfail": 0, "total_rerun": 0, "total_fail": 3, "total_error": 0}, "tests": {"0": {"status": "PASS", "message": "", "test_name": "test_15_SetupOs", "rerun": "0"}, "1": {"status": "FAIL", "message": "   selenium.common.exceptions.NoSuchElementException: Message: no such element: Unable to locate element: {\"method\":\"css selector\",\"selector\":\"[id=\"KEA00\"]\"}\n     (Session info: chrome=112.0.5615.49)\n   Stacktrace:\n   0   chromedriver                        0x00000001026d6ae8 chromedriver + 4958952\n   1   chromedriver                        0x00000001026ce7b3 chromedriver + 4925363\n   2   chromedriver                        0x00000001022901d6 chromedriver + 475606\n   3   chromedriver                        0x00000001022d3a20 chromedriver + 752160\n   4   chromedriver                        0x00000001022d3c81 chromedriver + 752769\n   5   chromedriver                        0x0000000102317f64 chromedriver + 1032036\n   6   chromedriver                        0x00000001022f9c3d chromedriver + 908349\n   7   chromedriver                        0x000000010231525b chromedriver + 1020507\n   8   chromedriver                        0x00000001022f99e3 chromedriver + 907747\n   9   chromedriver                        0x00000001022c3aef chromedriver + 686831\n   10  chromedriver                        0x00000001022c500e chromedriver + 692238\n   11  chromedriver                        0x00000001026929ad chromedriver + 4680109\n   12  chromedriver                        0x0000000102697c12 chromedriver + 4701202\n   13  chromedriver                        0x000000010269e79f chromedriver + 4728735\n   14  chromedriver                        0x0000000102698b7a chromedriver + 4705146\n   15  chromedriver                        0x000000010266b27e chromedriver + 4518526\n   16  chromedriver                        0x00000001026b8908 chromedriver + 4835592\n   17  chromedriver                        0x00000001026b8a87 chromedriver + 4835975\n   18  chromedriver                        0x00000001026c800f chromedriver + 4898831\n   19  libsystem_pthread.dylib             0x00007ff815ce31d3 _pthread_start + 125\n   20  libsystem_pthread.dylib             0x00007ff815cdebd3 thread_start + 15\n       assert False\n", "test_name": "test_16_LoginSpv", "rerun": "0"}, "2": {"status": "FAIL", "message": "           ConnectionRefusedError: [Errno 61] Connection refused\n       urllib3.exceptions.NewConnectionError: <urllib3.connection.HTTPConnection object at 0x1180ea2e0>: Failed to establish a new connection: [Errno 61] Connection refused\n       urllib3.exceptions.MaxRetryError: HTTPConnectionPool(host='localhost', port=60282): Max retries exceeded with url: /session/96372145b61305c266df3e2c85134c44/timeouts (Caused by NewConnectionError('<urllib3.connection.HTTPConnection object at 0x1180ea2e0>: Failed to establish a new connection: [Errno 61] Connection refused'))\n", "test_name": "test_17_AksesMenuSpv", "rerun": "0"}, "3": {"status": "FAIL", "message": "           ConnectionRefusedError: [Errno 61] Connection refused\n       urllib3.exceptions.NewConnectionError: <urllib3.connection.HTTPConnection object at 0x11833bc10>: Failed to establish a new connection: [Errno 61] Connection refused\n       urllib3.exceptions.MaxRetryError: HTTPConnectionPool(host='localhost', port=60282): Max retries exceeded with url: /session/96372145b61305c266df3e2c85134c44/timeouts (Caused by NewConnectionError('<urllib3.connection.HTTPConnection object at 0x11833bc10>: Failed to establish a new connection: [Errno 61] Connection refused'))\n", "test_name": "test_18_KirimLaporanSpv", "rerun": "0"}}, "suite_name": "4LaporanBulanan/7.Laporan7A/Fungsional/test_Laporan7A.py"}}}, "date": "April 12, 2023", "start_time": 1681285591.8837702, "total_suite": 1, "status": "FAIL", "status_list": {"pass": "1", "fail": "3", "skip": "0", "error": "0", "xpass": "0", "xfail": "0", "rerun": "0"}, "total_tests": "4"}