{"content": {"suites": {"0": {"status": {"total_pass": 2, "total_skip": 0, "total_xpass": 0, "total_xfail": 0, "total_rerun": 0, "total_fail": 4, "total_error": 0}, "tests": {"0": {"status": "PASS", "message": "", "test_name": "test_1_SetupOs", "rerun": "0"}, "1": {"status": "PASS", "message": "", "test_name": "test_2_Login", "rerun": "0"}, "2": {"status": "FAIL", "message": "   selenium.common.exceptions.ElementNotInteractableException: Message: element not interactable: [object HTMLDivElement] has no size and location\n     (Session info: chrome=112.0.5615.49)\n   Stacktrace:\n   0   chromedriver                        0x0000000100f68ae8 chromedriver + 4958952\n   1   chromedriver                        0x0000000100f607b3 chromedriver + 4925363\n   2   chromedriver                        0x0000000100b221d6 chromedriver + 475606\n   3   chromedriver                        0x0000000100b26274 chromedriver + 492148\n   4   chromedriver                        0x0000000100b25e56 chromedriver + 491094\n   5   chromedriver                        0x0000000100b262fc chromedriver + 492284\n   6   chromedriver                        0x0000000100b6e0af chromedriver + 786607\n   7   chromedriver                        0x0000000100b6d22c chromedriver + 782892\n   8   chromedriver                        0x0000000100bb182f chromedriver + 1062959\n   9   chromedriver                        0x0000000100b8bc12 chromedriver + 908306\n   10  chromedriver                        0x0000000100ba725b chromedriver + 1020507\n   11  chromedriver                        0x0000000100b8b9e3 chromedriver + 907747\n   12  chromedriver                        0x0000000100b55aef chromedriver + 686831\n   13  chromedriver                        0x0000000100b5700e chromedriver + 692238\n   14  chromedriver                        0x0000000100f249ad chromedriver + 4680109\n   15  chromedriver                        0x0000000100f29c12 chromedriver + 4701202\n   16  chromedriver                        0x0000000100f3079f chromedriver + 4728735\n   17  chromedriver                        0x0000000100f2ab7a chromedriver + 4705146\n   18  chromedriver                        0x0000000100efd27e chromedriver + 4518526\n   19  chromedriver                        0x0000000100f4a908 chromedriver + 4835592\n   20  chromedriver                        0x0000000100f4aa87 chromedriver + 4835975\n   21  chromedriver                        0x0000000100f5a00f chromedriver + 4898831\n   22  libsystem_pthread.dylib             0x00007ff815ce31d3 _pthread_start + 125\n   23  libsystem_pthread.dylib             0x00007ff815cdebd3 thread_start + 15\n       assert False\n", "test_name": "test_2_AksesMenu", "rerun": "0"}, "3": {"status": "FAIL", "message": "           ConnectionRefusedError: [Errno 61] Connection refused\n       urllib3.exceptions.NewConnectionError: <urllib3.connection.HTTPConnection object at 0x1175eb3a0>: Failed to establish a new connection: [Errno 61] Connection refused\n       urllib3.exceptions.MaxRetryError: HTTPConnectionPool(host='localhost', port=59104): Max retries exceeded with url: /session/3c1d512b0b8cabc1d91320c7969a724e/timeouts (Caused by NewConnectionError('<urllib3.connection.HTTPConnection object at 0x1175eb3a0>: Failed to establish a new connection: [Errno 61] Connection refused'))\n", "test_name": "test_3_CreateButton", "rerun": "0"}, "4": {"status": "FAIL", "message": "           ConnectionRefusedError: [Errno 61] Connection refused\n       urllib3.exceptions.NewConnectionError: <urllib3.connection.HTTPConnection object at 0x11796e250>: Failed to establish a new connection: [Errno 61] Connection refused\n       urllib3.exceptions.MaxRetryError: HTTPConnectionPool(host='localhost', port=59104): Max retries exceeded with url: /session/3c1d512b0b8cabc1d91320c7969a724e/timeouts (Caused by NewConnectionError('<urllib3.connection.HTTPConnection object at 0x11796e250>: Failed to establish a new connection: [Errno 61] Connection refused'))\n", "test_name": "test_4_InpuNoSuratPerintah", "rerun": "0"}, "5": {"status": "FAIL", "message": "           ConnectionRefusedError: [Errno 61] Connection refused\n       urllib3.exceptions.NewConnectionError: <urllib3.connection.HTTPConnection object at 0x1176eecd0>: Failed to establish a new connection: [Errno 61] Connection refused\n       urllib3.exceptions.MaxRetryError: HTTPConnectionPool(host='localhost', port=59104): Max retries exceeded with url: /session/3c1d512b0b8cabc1d91320c7969a724e/timeouts (Caused by NewConnectionError('<urllib3.connection.HTTPConnection object at 0x1176eecd0>: Failed to establish a new connection: [Errno 61] Connection refused'))\n", "test_name": "test_5_InputTanggalPelaksanaan", "rerun": "0"}}, "suite_name": "4LaporanBulanan/7.Laporan7A/Fungsional/test_Laporan7A.py"}}}, "date": "April 12, 2023", "start_time": 1681285039.103391, "total_suite": 1, "status": "FAIL", "status_list": {"pass": "2", "fail": "4", "skip": "0", "error": "0", "xpass": "0", "xfail": "0", "rerun": "0"}, "total_tests": "6"}