{"content": {"suites": {"0": {"status": {"total_pass": 22, "total_skip": 0, "total_xpass": 0, "total_xfail": 0, "total_rerun": 0, "total_fail": 10, "total_error": 0}, "tests": {"0": {"status": "PASS", "message": "", "test_name": "test_1_SetupOs", "rerun": "0"}, "1": {"status": "PASS", "message": "", "test_name": "test_2_Login", "rerun": "0"}, "2": {"status": "PASS", "message": "", "test_name": "test_2_AksesMenu", "rerun": "0"}, "3": {"status": "FAIL", "message": "   selenium.common.exceptions.TimeoutException: Message: \n   Stacktrace:\n   0   chromedriver                        0x00000001029b3ae8 chromedriver + 4958952\n   1   chromedriver                        0x00000001029ab7b3 chromedriver + 4925363\n   2   chromedriver                        0x000000010256d1d6 chromedriver + 475606\n   3   chromedriver                        0x00000001025b0a20 chromedriver + 752160\n   4   chromedriver                        0x00000001025b0c81 chromedriver + 752769\n   5   chromedriver                        0x00000001025f4f64 chromedriver + 1032036\n   6   chromedriver                        0x00000001025d6c3d chromedriver + 908349\n   7   chromedriver                        0x00000001025f225b chromedriver + 1020507\n   8   chromedriver                        0x00000001025d69e3 chromedriver + 907747\n   9   chromedriver                        0x00000001025a0aef chromedriver + 686831\n   10  chromedriver                        0x00000001025a200e chromedriver + 692238\n   11  chromedriver                        0x000000010296f9ad chromedriver + 4680109\n   12  chromedriver                        0x0000000102974c12 chromedriver + 4701202\n   13  chromedriver                        0x000000010297b79f chromedriver + 4728735\n   14  chromedriver                        0x0000000102975b7a chromedriver + 4705146\n   15  chromedriver                        0x000000010294827e chromedriver + 4518526\n   16  chromedriver                        0x0000000102995908 chromedriver + 4835592\n   17  chromedriver                        0x0000000102995a87 chromedriver + 4835975\n   18  chromedriver                        0x00000001029a500f chromedriver + 4898831\n   19  libsystem_pthread.dylib             0x00007ff80ee0b1d3 _pthread_start + 125\n   20  libsystem_pthread.dylib             0x00007ff80ee06bd3 thread_start + 15\n       assert False\n", "test_name": "test_3_CreateButton", "rerun": "0"}, "4": {"status": "FAIL", "message": "           ConnectionRefusedError: [Errno 61] Connection refused\n       urllib3.exceptions.NewConnectionError: <urllib3.connection.HTTPConnection object at 0x124606280>: Failed to establish a new connection: [Errno 61] Connection refused\n       urllib3.exceptions.MaxRetryError: HTTPConnectionPool(host='localhost', port=51216): Max retries exceeded with url: /session/5523c16fca0f358ab91326be4f6d4e38/timeouts (Caused by NewConnectionError('<urllib3.connection.HTTPConnection object at 0x124606280>: Failed to establish a new connection: [Errno 61] Connection refused'))\n", "test_name": "test_4_JenisGanggguan", "rerun": "0"}, "5": {"status": "FAIL", "message": "           ConnectionRefusedError: [Errno 61] Connection refused\n       urllib3.exceptions.NewConnectionError: <urllib3.connection.HTTPConnection object at 0x125a25370>: Failed to establish a new connection: [Errno 61] Connection refused\n       urllib3.exceptions.MaxRetryError: HTTPConnectionPool(host='localhost', port=51216): Max retries exceeded with url: /session/5523c16fca0f358ab91326be4f6d4e38/timeouts (Caused by NewConnectionError('<urllib3.connection.HTTPConnection object at 0x125a25370>: Failed to establish a new connection: [Errno 61] Connection refused'))\n", "test_name": "test_5_IdentitasPelaku", "rerun": "0"}, "6": {"status": "FAIL", "message": "           ConnectionRefusedError: [Errno 61] Connection refused\n       urllib3.exceptions.NewConnectionError: <urllib3.connection.HTTPConnection object at 0x125b21250>: Failed to establish a new connection: [Errno 61] Connection refused\n       urllib3.exceptions.MaxRetryError: HTTPConnectionPool(host='localhost', port=51216): Max retries exceeded with url: /session/5523c16fca0f358ab91326be4f6d4e38/timeouts (Caused by NewConnectionError('<urllib3.connection.HTTPConnection object at 0x125b21250>: Failed to establish a new connection: [Errno 61] Connection refused'))\n", "test_name": "test_6_WaktuKejadian", "rerun": "0"}, "7": {"status": "FAIL", "message": "           ConnectionRefusedError: [Errno 61] Connection refused\n       urllib3.exceptions.NewConnectionError: <urllib3.connection.HTTPConnection object at 0x125825d60>: Failed to establish a new connection: [Errno 61] Connection refused\n       urllib3.exceptions.MaxRetryError: HTTPConnectionPool(host='localhost', port=51216): Max retries exceeded with url: /session/5523c16fca0f358ab91326be4f6d4e38/timeouts (Caused by NewConnectionError('<urllib3.connection.HTTPConnection object at 0x125825d60>: Failed to establish a new connection: [Errno 61] Connection refused'))\n", "test_name": "test_7_TingkatGangguan", "rerun": "0"}, "8": {"status": "FAIL", "message": "           ConnectionRefusedError: [Errno 61] Connection refused\n       urllib3.exceptions.NewConnectionError: <urllib3.connection.HTTPConnection object at 0x1257a70d0>: Failed to establish a new connection: [Errno 61] Connection refused\n       urllib3.exceptions.MaxRetryError: HTTPConnectionPool(host='localhost', port=51216): Max retries exceeded with url: /session/5523c16fca0f358ab91326be4f6d4e38/timeouts (Caused by NewConnectionError('<urllib3.connection.HTTPConnection object at 0x1257a70d0>: Failed to establish a new connection: [Errno 61] Connection refused'))\n", "test_name": "test_8_Korban", "rerun": "0"}, "9": {"status": "FAIL", "message": "           ConnectionRefusedError: [Errno 61] Connection refused\n       urllib3.exceptions.NewConnectionError: <urllib3.connection.HTTPConnection object at 0x125ba6130>: Failed to establish a new connection: [Errno 61] Connection refused\n       urllib3.exceptions.MaxRetryError: HTTPConnectionPool(host='localhost', port=51216): Max retries exceeded with url: /session/5523c16fca0f358ab91326be4f6d4e38/timeouts (Caused by NewConnectionError('<urllib3.connection.HTTPConnection object at 0x125ba6130>: Failed to establish a new connection: [Errno 61] Connection refused'))\n", "test_name": "test_9_Kerugian", "rerun": "0"}, "10": {"status": "FAIL", "message": "           ConnectionRefusedError: [Errno 61] Connection refused\n       urllib3.exceptions.NewConnectionError: <urllib3.connection.HTTPConnection object at 0x125991310>: Failed to establish a new connection: [Errno 61] Connection refused\n       urllib3.exceptions.MaxRetryError: HTTPConnectionPool(host='localhost', port=51216): Max retries exceeded with url: /session/5523c16fca0f358ab91326be4f6d4e38/timeouts (Caused by NewConnectionError('<urllib3.connection.HTTPConnection object at 0x125991310>: Failed to establish a new connection: [Errno 61] Connection refused'))\n", "test_name": "test_10_TindakLanjut", "rerun": "0"}, "11": {"status": "FAIL", "message": "           ConnectionRefusedError: [Errno 61] Connection refused\n       urllib3.exceptions.NewConnectionError: <urllib3.connection.HTTPConnection object at 0x125770190>: Failed to establish a new connection: [Errno 61] Connection refused\n       urllib3.exceptions.MaxRetryError: HTTPConnectionPool(host='localhost', port=51216): Max retries exceeded with url: /session/5523c16fca0f358ab91326be4f6d4e38/timeouts (Caused by NewConnectionError('<urllib3.connection.HTTPConnection object at 0x125770190>: Failed to establish a new connection: [Errno 61] Connection refused'))\n", "test_name": "test_11_Keterangan", "rerun": "0"}, "12": {"status": "FAIL", "message": "           ConnectionRefusedError: [Errno 61] Connection refused\n       urllib3.exceptions.NewConnectionError: <urllib3.connection.HTTPConnection object at 0x125bab070>: Failed to establish a new connection: [Errno 61] Connection refused\n       urllib3.exceptions.MaxRetryError: HTTPConnectionPool(host='localhost', port=51216): Max retries exceeded with url: /session/5523c16fca0f358ab91326be4f6d4e38/timeouts (Caused by NewConnectionError('<urllib3.connection.HTTPConnection object at 0x125bab070>: Failed to establish a new connection: [Errno 61] Connection refused'))\n", "test_name": "test_12_SubmitButton", "rerun": "0"}, "13": {"status": "PASS", "message": "", "test_name": "test_13_SetupOs", "rerun": "0"}, "14": {"status": "PASS", "message": "", "test_name": "test_14_LoginSPV", "rerun": "0"}, "15": {"status": "PASS", "message": "", "test_name": "test_15_AksesMenuSpv", "rerun": "0"}, "16": {"status": "PASS", "message": "", "test_name": "test_16_KirimLaporanSpv", "rerun": "0"}, "17": {"status": "PASS", "message": "", "test_name": "test_17_loginKanwil", "rerun": "0"}, "18": {"status": "PASS", "message": "", "test_name": "test_18_AksesMenuSpv", "rerun": "0"}, "19": {"status": "PASS", "message": "", "test_name": "test_19_VerifikasiLaporanKanwil", "rerun": "0"}, "20": {"status": "PASS", "message": "", "test_name": "test_20_ClickButtonSearch", "rerun": "0"}, "21": {"status": "PASS", "message": "", "test_name": "test_21_ClickButtonVerifikasi", "rerun": "0"}, "22": {"status": "PASS", "message": "", "test_name": "test_22_StatusVerifikasiModal", "rerun": "0"}, "23": {"status": "PASS", "message": "", "test_name": "test_23_UbahStatus", "rerun": "0"}, "24": {"status": "PASS", "message": "", "test_name": "test_24_Inputketerangan", "rerun": "0"}, "25": {"status": "PASS", "message": "", "test_name": "test_25_SimpanVerifikasi", "rerun": "0"}, "26": {"status": "PASS", "message": "", "test_name": "test_26_loginPusat", "rerun": "0"}, "27": {"status": "PASS", "message": "", "test_name": "test_27_AksesMenuPusat", "rerun": "0"}, "28": {"status": "PASS", "message": "", "test_name": "test_28_PilihKanwil", "rerun": "0"}, "29": {"status": "PASS", "message": "", "test_name": "test_29_PilihUPT", "rerun": "0"}, "30": {"status": "PASS", "message": "", "test_name": "test_30_ClickButtonSearch", "rerun": "0"}, "31": {"status": "PASS", "message": "", "test_name": "test_31_exit", "rerun": "0"}}, "suite_name": "4LaporanBulanan/9.Laporan7C/Fungsional/test_Laporan7C.py"}}}, "date": "April 17, 2023", "start_time": 1681714282.562371, "total_suite": 1, "status": "FAIL", "status_list": {"pass": "22", "fail": "10", "skip": "0", "error": "0", "xpass": "0", "xfail": "0", "rerun": "0"}, "total_tests": "32"}