{"content": {"suites": {"0": {"status": {"total_pass": 1, "total_skip": 0, "total_xpass": 0, "total_xfail": 0, "total_rerun": 0, "total_fail": 2, "total_error": 0}, "tests": {"0": {"status": "PASS", "message": "", "test_name": "test_1_SetupOs", "rerun": "0"}, "1": {"status": "FAIL", "message": "   selenium.common.exceptions.NoSuchElementException: Message: no such element: Unable to locate element: {\"method\":\"css selector\",\"selector\":\"[id=\"login\"]\"}\n     (Session info: chrome=112.0.5615.137)\n   Stacktrace:\n   0   chromedriver                        0x0000000100861ae8 chromedriver + 4958952\n   1   chromedriver                        0x00000001008597b3 chromedriver + 4925363\n   2   chromedriver                        0x000000010041b1d6 chromedriver + 475606\n   3   chromedriver                        0x000000010045ea20 chromedriver + 752160\n   4   chromedriver                        0x000000010045ec81 chromedriver + 752769\n   5   chromedriver                        0x00000001004a2f64 chromedriver + 1032036\n   6   chromedriver                        0x0000000100484c3d chromedriver + 908349\n   7   chromedriver                        0x00000001004a025b chromedriver + 1020507\n   8   chromedriver                        0x00000001004849e3 chromedriver + 907747\n   9   chromedriver                        0x000000010044eaef chromedriver + 686831\n   10  chromedriver                        0x000000010045000e chromedriver + 692238\n   11  chromedriver                        0x000000010081d9ad chromedriver + 4680109\n   12  chromedriver                        0x0000000100822c12 chromedriver + 4701202\n   13  chromedriver                        0x000000010082979f chromedriver + 4728735\n   14  chromedriver                        0x0000000100823b7a chromedriver + 4705146\n   15  chromedriver                        0x00000001007f627e chromedriver + 4518526\n   16  chromedriver                        0x0000000100843908 chromedriver + 4835592\n   17  chromedriver                        0x0000000100843a87 chromedriver + 4835975\n   18  chromedriver                        0x000000010085300f chromedriver + 4898831\n   19  libsystem_pthread.dylib             0x00007ff8161cb1d3 _pthread_start + 125\n   20  libsystem_pthread.dylib             0x00007ff8161c6bd3 thread_start + 15\n", "test_name": "test_2_Login", "rerun": "0"}, "2": {"status": "FAIL", "message": "   selenium.common.exceptions.NoSuchElementException: Message: no such element: Unable to locate element: {\"method\":\"css selector\",\"selector\":\".el-sub-menu__title > #pembinaan-10\"}\n     (Session info: chrome=112.0.5615.137)\n   Stacktrace:\n   0   chromedriver                        0x0000000100861ae8 chromedriver + 4958952\n   1   chromedriver                        0x00000001008597b3 chromedriver + 4925363\n   2   chromedriver                        0x000000010041b1d6 chromedriver + 475606\n   3   chromedriver                        0x000000010045ea20 chromedriver + 752160\n   4   chromedriver                        0x000000010045ec81 chromedriver + 752769\n   5   chromedriver                        0x00000001004a2f64 chromedriver + 1032036\n   6   chromedriver                        0x0000000100484c3d chromedriver + 908349\n   7   chromedriver                        0x00000001004a025b chromedriver + 1020507\n   8   chromedriver                        0x00000001004849e3 chromedriver + 907747\n   9   chromedriver                        0x000000010044eaef chromedriver + 686831\n   10  chromedriver                        0x000000010045000e chromedriver + 692238\n   11  chromedriver                        0x000000010081d9ad chromedriver + 4680109\n   12  chromedriver                        0x0000000100822c12 chromedriver + 4701202\n   13  chromedriver                        0x000000010082979f chromedriver + 4728735\n   14  chromedriver                        0x0000000100823b7a chromedriver + 4705146\n   15  chromedriver                        0x00000001007f627e chromedriver + 4518526\n   16  chromedriver                        0x0000000100843908 chromedriver + 4835592\n   17  chromedriver                        0x0000000100843a87 chromedriver + 4835975\n   18  chromedriver                        0x000000010085300f chromedriver + 4898831\n   19  libsystem_pthread.dylib             0x00007ff8161cb1d3 _pthread_start + 125\n   20  libsystem_pthread.dylib             0x00007ff8161c6bd3 thread_start + 15\n", "test_name": "test_3_AksesMenu", "rerun": "0"}}, "suite_name": "1.KegiatanKerja/Fungsional/test_GiatjaTambah.py"}}}, "date": "May 02, 2023", "start_time": 1683011328.1478589, "total_suite": 1, "status": "FAIL", "status_list": {"pass": "1", "fail": "2", "skip": "0", "error": "0", "xpass": "0", "xfail": "0", "rerun": "0"}, "total_tests": "3"}