{"content": {"suites": {"0": {"status": {"total_pass": 4, "total_skip": 0, "total_xpass": 0, "total_xfail": 0, "total_rerun": 0, "total_fail": 1, "total_error": 0}, "tests": {"0": {"status": "PASS", "message": "", "test_name": "test_SetupOs", "rerun": "0"}, "1": {"status": "PASS", "message": "", "test_name": "test_TC_GIATJA_001", "rerun": "0"}, "2": {"status": "PASS", "message": "", "test_name": "test_TC_GIATJA_002", "rerun": "0"}, "3": {"status": "FAIL", "message": "   selenium.common.exceptions.ElementNotInteractableException: Message: element not interactable\n     (Session info: chrome=112.0.5615.137)\n   Stacktrace:\n   0   chromedriver                        0x0000000102c76ae8 chromedriver + 4958952\n   1   chromedriver                        0x0000000102c6e7b3 chromedriver + 4925363\n   2   chromedriver                        0x0000000102830051 chromedriver + 475217\n   3   chromedriver                        0x00000001028752e8 chromedriver + 758504\n   4   chromedriver                        0x0000000102866283 chromedriver + 696963\n   5   chromedriver                        0x0000000102899c12 chromedriver + 908306\n   6   chromedriver                        0x00000001028658f1 chromedriver + 694513\n   7   chromedriver                        0x0000000102899dce chromedriver + 908750\n   8   chromedriver                        0x00000001028b525b chromedriver + 1020507\n   9   chromedriver                        0x00000001028999e3 chromedriver + 907747\n   10  chromedriver                        0x0000000102863aef chromedriver + 686831\n   11  chromedriver                        0x000000010286500e chromedriver + 692238\n   12  chromedriver                        0x0000000102c329ad chromedriver + 4680109\n   13  chromedriver                        0x0000000102c37c12 chromedriver + 4701202\n   14  chromedriver                        0x0000000102c3e79f chromedriver + 4728735\n   15  chromedriver                        0x0000000102c38b7a chromedriver + 4705146\n   16  chromedriver                        0x0000000102c0b27e chromedriver + 4518526\n   17  chromedriver                        0x0000000102c58908 chromedriver + 4835592\n   18  chromedriver                        0x0000000102c58a87 chromedriver + 4835975\n   19  chromedriver                        0x0000000102c6800f chromedriver + 4898831\n   20  libsystem_pthread.dylib             0x00007ff80f4a71d3 _pthread_start + 125\n   21  libsystem_pthread.dylib             0x00007ff80f4a2bd3 thread_start + 15\n", "test_name": "test_TC_GIATJA_006", "rerun": "0"}, "4": {"status": "PASS", "message": "", "test_name": "test_exit", "rerun": "0"}}, "suite_name": "1.KegiatanKerja/Fungsional/test_GiatjaTambah.py"}}}, "date": "May 03, 2023", "start_time": 1683104134.102514, "total_suite": 1, "status": "FAIL", "status_list": {"pass": "4", "fail": "1", "skip": "0", "error": "0", "xpass": "0", "xfail": "0", "rerun": "0"}, "total_tests": "5"}