{"content": {"suites": {"0": {"status": {"total_pass": 5, "total_skip": 0, "total_xpass": 0, "total_xfail": 0, "total_rerun": 0, "total_fail": 2, "total_error": 0}, "tests": {"0": {"status": "PASS", "message": "", "test_name": "test_1_SetupOs", "rerun": "0"}, "1": {"status": "PASS", "message": "", "test_name": "test_2_Login", "rerun": "0"}, "2": {"status": "PASS", "message": "", "test_name": "test_3_AksesMenu", "rerun": "0"}, "3": {"status": "PASS", "message": "", "test_name": "test_4_ClickButtonTambah", "rerun": "0"}, "4": {"status": "PASS", "message": "", "test_name": "test_5_InputBidangGiatja", "rerun": "0"}, "5": {"status": "FAIL", "message": "   selenium.common.exceptions.ElementClickInterceptedException: Message: element click intercepted: Element <li class=\"el-select-dropdown__item\" id=\"jenisKegiatan8\">...</li> is not clickable at point (1186, 601). Other element would receive the click: <li class=\"el-select-dropdown__item\" id=\"jenisKegiatan7\">...</li>\n     (Session info: chrome=112.0.5615.137)\n   Stacktrace:\n   0   chromedriver                        0x0000000102854ae8 chromedriver + 4958952\n   1   chromedriver                        0x000000010284c7b3 chromedriver + 4925363\n   2   chromedriver                        0x000000010240e1d6 chromedriver + 475606\n   3   chromedriver                        0x000000010245b321 chromedriver + 791329\n   4   chromedriver                        0x000000010245836e chromedriver + 779118\n   5   chromedriver                        0x0000000102454fd4 chromedriver + 765908\n   6   chromedriver                        0x00000001024539af chromedriver + 760239\n   7   chromedriver                        0x0000000102444283 chromedriver + 696963\n   8   chromedriver                        0x0000000102477c12 chromedriver + 908306\n   9   chromedriver                        0x00000001024438f1 chromedriver + 694513\n   10  chromedriver                        0x0000000102477dce chromedriver + 908750\n   11  chromedriver                        0x000000010249325b chromedriver + 1020507\n   12  chromedriver                        0x00000001024779e3 chromedriver + 907747\n   13  chromedriver                        0x0000000102441aef chromedriver + 686831\n   14  chromedriver                        0x000000010244300e chromedriver + 692238\n   15  chromedriver                        0x00000001028109ad chromedriver + 4680109\n   16  chromedriver                        0x0000000102815c12 chromedriver + 4701202\n   17  chromedriver                        0x000000010281c79f chromedriver + 4728735\n   18  chromedriver                        0x0000000102816b7a chromedriver + 4705146\n   19  chromedriver                        0x00000001027e927e chromedriver + 4518526\n   20  chromedriver                        0x0000000102836908 chromedriver + 4835592\n   21  chromedriver                        0x0000000102836a87 chromedriver + 4835975\n   22  chromedriver                        0x000000010284600f chromedriver + 4898831\n   23  libsystem_pthread.dylib             0x00007ff8161cb1d3 _pthread_start + 125\n   24  libsystem_pthread.dylib             0x00007ff8161c6bd3 thread_start + 15\n       assert False\n", "test_name": "test_6_InputJenisKegiatanKerja", "rerun": "0"}, "6": {"status": "FAIL", "message": "           ConnectionRefusedError: [Errno 61] Connection refused\n       urllib3.exceptions.NewConnectionError: <urllib3.connection.HTTPConnection object at 0x14a78fca0>: Failed to establish a new connection: [Errno 61] Connection refused\n       urllib3.exceptions.MaxRetryError: HTTPConnectionPool(host='localhost', port=51073): Max retries exceeded with url: /session/96cbfdf351ee8dfd87d6cdf37dff8046/window (Caused by NewConnectionError('<urllib3.connection.HTTPConnection object at 0x14a78fca0>: Failed to establish a new connection: [Errno 61] Connection refused'))\n", "test_name": "test_32_exit", "rerun": "0"}}, "suite_name": "1.KegiatanKerja/Fungsional/test_GiatjaTambah.py"}}}, "date": "May 02, 2023", "start_time": 1682999750.477799, "total_suite": 1, "status": "FAIL", "status_list": {"pass": "5", "fail": "2", "skip": "0", "error": "0", "xpass": "0", "xfail": "0", "rerun": "0"}, "total_tests": "7"}