{"content": {"suites": {"0": {"status": {"total_pass": 5, "total_skip": 0, "total_xpass": 0, "total_xfail": 0, "total_rerun": 0, "total_fail": 2, "total_error": 0}, "tests": {"0": {"status": "PASS", "message": "", "test_name": "test_1_SetupOs", "rerun": "0"}, "1": {"status": "PASS", "message": "", "test_name": "test_2_Login", "rerun": "0"}, "2": {"status": "PASS", "message": "", "test_name": "test_3_AksesMenu", "rerun": "0"}, "3": {"status": "PASS", "message": "", "test_name": "test_4_ClickButtonTambah", "rerun": "0"}, "4": {"status": "PASS", "message": "", "test_name": "test_5_InputBidangGiatja", "rerun": "0"}, "5": {"status": "FAIL", "message": "   selenium.common.exceptions.TimeoutException: Message: \n   Stacktrace:\n   0   chromedriver                        0x0000000102be8ae8 chromedriver + 4958952\n   1   chromedriver                        0x0000000102be07b3 chromedriver + 4925363\n   2   chromedriver                        0x00000001027a21d6 chromedriver + 475606\n   3   chromedriver                        0x00000001027e5a20 chromedriver + 752160\n   4   chromedriver                        0x00000001027e5c81 chromedriver + 752769\n   5   chromedriver                        0x0000000102829f64 chromedriver + 1032036\n   6   chromedriver                        0x000000010280bc3d chromedriver + 908349\n   7   chromedriver                        0x000000010282725b chromedriver + 1020507\n   8   chromedriver                        0x000000010280b9e3 chromedriver + 907747\n   9   chromedriver                        0x00000001027d5aef chromedriver + 686831\n   10  chromedriver                        0x00000001027d700e chromedriver + 692238\n   11  chromedriver                        0x0000000102ba49ad chromedriver + 4680109\n   12  chromedriver                        0x0000000102ba9c12 chromedriver + 4701202\n   13  chromedriver                        0x0000000102bb079f chromedriver + 4728735\n   14  chromedriver                        0x0000000102baab7a chromedriver + 4705146\n   15  chromedriver                        0x0000000102b7d27e chromedriver + 4518526\n   16  chromedriver                        0x0000000102bca908 chromedriver + 4835592\n   17  chromedriver                        0x0000000102bcaa87 chromedriver + 4835975\n   18  chromedriver                        0x0000000102bda00f chromedriver + 4898831\n   19  libsystem_pthread.dylib             0x00007ff8161cb1d3 _pthread_start + 125\n   20  libsystem_pthread.dylib             0x00007ff8161c6bd3 thread_start + 15\n       assert False\n", "test_name": "test_6_InputJenisKegiatanKerja", "rerun": "0"}, "6": {"status": "FAIL", "message": "           ConnectionRefusedError: [Errno 61] Connection refused\n       urllib3.exceptions.NewConnectionError: <urllib3.connection.HTTPConnection object at 0x1543081f0>: Failed to establish a new connection: [Errno 61] Connection refused\n       urllib3.exceptions.MaxRetryError: HTTPConnectionPool(host='localhost', port=64130): Max retries exceeded with url: /session/eace3eaf955a8fba5d64c2f75c0b4a99/window (Caused by NewConnectionError('<urllib3.connection.HTTPConnection object at 0x1543081f0>: Failed to establish a new connection: [Errno 61] Connection refused'))\n", "test_name": "test_32_exit", "rerun": "0"}}, "suite_name": "1.KegiatanKerja/Fungsional/test_GiatjaTambah.py"}}}, "date": "May 02, 2023", "start_time": 1682999189.2611682, "total_suite": 1, "status": "FAIL", "status_list": {"pass": "5", "fail": "2", "skip": "0", "error": "0", "xpass": "0", "xfail": "0", "rerun": "0"}, "total_tests": "7"}