{"content": {"suites": {"0": {"status": {"total_pass": 5, "total_skip": 0, "total_xpass": 0, "total_xfail": 0, "total_rerun": 0, "total_fail": 1, "total_error": 0}, "tests": {"0": {"status": "PASS", "message": "", "test_name": "test_SetupOs", "rerun": "0"}, "1": {"status": "PASS", "message": "", "test_name": "test_TC_GIATJA_001", "rerun": "0"}, "2": {"status": "PASS", "message": "", "test_name": "test_TC_GIATJA_002", "rerun": "0"}, "3": {"status": "PASS", "message": "", "test_name": "test_TC_GIATJA_005", "rerun": "0"}, "4": {"status": "FAIL", "message": "   selenium.common.exceptions.ElementClickInterceptedException: Message: element click intercepted: Element <button class=\"el-button el-button--default is-plain border-2 text-light-blue-900 !hover:text-light-blue-600 border-light-blue-900 !hover:border-light-blue-600\" type=\"submit\" id=\"submitButton\">...</button> is not clickable at point (1576, 831). Other element would receive the click: <div class=\"el-loading-mask\" style=\"\">...</div>\n     (Session info: chrome=112.0.5615.137)\n   Stacktrace:\n   0   chromedriver                        0x00000001052f5ae8 chromedriver + 4958952\n   1   chromedriver                        0x00000001052ed7b3 chromedriver + 4925363\n   2   chromedriver                        0x0000000104eaf1d6 chromedriver + 475606\n   3   chromedriver                        0x0000000104efc321 chromedriver + 791329\n   4   chromedriver                        0x0000000104ef936e chromedriver + 779118\n   5   chromedriver                        0x0000000104ef5fd4 chromedriver + 765908\n   6   chromedriver                        0x0000000104ef49af chromedriver + 760239\n   7   chromedriver                        0x0000000104ee5283 chromedriver + 696963\n   8   chromedriver                        0x0000000104f18c12 chromedriver + 908306\n   9   chromedriver                        0x0000000104ee48f1 chromedriver + 694513\n   10  chromedriver                        0x0000000104f18dce chromedriver + 908750\n   11  chromedriver                        0x0000000104f3425b chromedriver + 1020507\n   12  chromedriver                        0x0000000104f189e3 chromedriver + 907747\n   13  chromedriver                        0x0000000104ee2aef chromedriver + 686831\n   14  chromedriver                        0x0000000104ee400e chromedriver + 692238\n   15  chromedriver                        0x00000001052b19ad chromedriver + 4680109\n   16  chromedriver                        0x00000001052b6c12 chromedriver + 4701202\n   17  chromedriver                        0x00000001052bd79f chromedriver + 4728735\n   18  chromedriver                        0x00000001052b7b7a chromedriver + 4705146\n   19  chromedriver                        0x000000010528a27e chromedriver + 4518526\n   20  chromedriver                        0x00000001052d7908 chromedriver + 4835592\n   21  chromedriver                        0x00000001052d7a87 chromedriver + 4835975\n   22  chromedriver                        0x00000001052e700f chromedriver + 4898831\n   23  libsystem_pthread.dylib             0x00007ff80f4a71d3 _pthread_start + 125\n   24  libsystem_pthread.dylib             0x00007ff80f4a2bd3 thread_start + 15\n", "test_name": "test_TC_GIATJA_006", "rerun": "0"}, "5": {"status": "PASS", "message": "", "test_name": "test_exit", "rerun": "0"}}, "suite_name": "1.KegiatanKerja/Fungsional/test_GiatjaTambah.py"}}}, "date": "May 03, 2023", "start_time": 1683103408.4614341, "total_suite": 1, "status": "FAIL", "status_list": {"pass": "5", "fail": "1", "skip": "0", "error": "0", "xpass": "0", "xfail": "0", "rerun": "0"}, "total_tests": "6"}