{"content": {"suites": {"0": {"status": {"total_pass": 5, "total_skip": 0, "total_xpass": 0, "total_xfail": 0, "total_rerun": 0, "total_fail": 11, "total_error": 0}, "tests": {"0": {"status": "PASS", "message": "", "test_name": "test_1_SetupOs", "rerun": "0"}, "1": {"status": "PASS", "message": "", "test_name": "test_2_Login", "rerun": "0"}, "2": {"status": "PASS", "message": "", "test_name": "test_3_AksesMenu", "rerun": "0"}, "3": {"status": "PASS", "message": "", "test_name": "test_4_ClickButtonTambah", "rerun": "0"}, "4": {"status": "PASS", "message": "", "test_name": "test_5_InputBidangGiatja", "rerun": "0"}, "5": {"status": "FAIL", "message": "   selenium.common.exceptions.NoSuchElementException: Message: no such element: Unable to locate element: {\"method\":\"css selector\",\"selector\":\"[id=\"jenisKegiatan5\"]\"}\n     (Session info: chrome=112.0.5615.137)\n   Stacktrace:\n   0   chromedriver                        0x0000000102563ae8 chromedriver + 4958952\n   1   chromedriver                        0x000000010255b7b3 chromedriver + 4925363\n   2   chromedriver                        0x000000010211d1d6 chromedriver + 475606\n   3   chromedriver                        0x0000000102160a20 chromedriver + 752160\n   4   chromedriver                        0x0000000102160c81 chromedriver + 752769\n   5   chromedriver                        0x00000001021a4f64 chromedriver + 1032036\n   6   chromedriver                        0x0000000102186c3d chromedriver + 908349\n   7   chromedriver                        0x00000001021a225b chromedriver + 1020507\n   8   chromedriver                        0x00000001021869e3 chromedriver + 907747\n   9   chromedriver                        0x0000000102150aef chromedriver + 686831\n   10  chromedriver                        0x000000010215200e chromedriver + 692238\n   11  chromedriver                        0x000000010251f9ad chromedriver + 4680109\n   12  chromedriver                        0x0000000102524c12 chromedriver + 4701202\n   13  chromedriver                        0x000000010252b79f chromedriver + 4728735\n   14  chromedriver                        0x0000000102525b7a chromedriver + 4705146\n   15  chromedriver                        0x00000001024f827e chromedriver + 4518526\n   16  chromedriver                        0x0000000102545908 chromedriver + 4835592\n   17  chromedriver                        0x0000000102545a87 chromedriver + 4835975\n   18  chromedriver                        0x000000010255500f chromedriver + 4898831\n   19  libsystem_pthread.dylib             0x00007ff8161cb1d3 _pthread_start + 125\n   20  libsystem_pthread.dylib             0x00007ff8161c6bd3 thread_start + 15\n       assert False\n", "test_name": "test_6_InputJenisKegiatanKerja", "rerun": "0"}, "6": {"status": "FAIL", "message": "           ConnectionRefusedError: [Errno 61] Connection refused\n       urllib3.exceptions.NewConnectionError: <urllib3.connection.HTTPConnection object at 0x12ec18b50>: Failed to establish a new connection: [Errno 61] Connection refused\n       urllib3.exceptions.MaxRetryError: HTTPConnectionPool(host='localhost', port=61510): Max retries exceeded with url: /session/c22f726f8a1159a8bd577fbf087cda92/timeouts (Caused by NewConnectionError('<urllib3.connection.HTTPConnection object at 0x12ec18b50>: Failed to establish a new connection: [Errno 61] Connection refused'))\n", "test_name": "test_7_namaKegiatan", "rerun": "0"}, "7": {"status": "FAIL", "message": "           ConnectionRefusedError: [Errno 61] Connection refused\n       urllib3.exceptions.NewConnectionError: <urllib3.connection.HTTPConnection object at 0x12f089c40>: Failed to establish a new connection: [Errno 61] Connection refused\n       urllib3.exceptions.MaxRetryError: HTTPConnectionPool(host='localhost', port=61510): Max retries exceeded with url: /session/c22f726f8a1159a8bd577fbf087cda92/timeouts (Caused by NewConnectionError('<urllib3.connection.HTTPConnection object at 0x12f089c40>: Failed to establish a new connection: [Errno 61] Connection refused'))\n", "test_name": "test_8_skalaKegiatan", "rerun": "0"}, "8": {"status": "FAIL", "message": "           ConnectionRefusedError: [Errno 61] Connection refused\n       urllib3.exceptions.NewConnectionError: <urllib3.connection.HTTPConnection object at 0x12f096e20>: Failed to establish a new connection: [Errno 61] Connection refused\n       urllib3.exceptions.MaxRetryError: HTTPConnectionPool(host='localhost', port=61510): Max retries exceeded with url: /session/c22f726f8a1159a8bd577fbf087cda92/timeouts (Caused by NewConnectionError('<urllib3.connection.HTTPConnection object at 0x12f096e20>: Failed to establish a new connection: [Errno 61] Connection refused'))\n", "test_name": "test_9_tanggalAwalKegiatan", "rerun": "0"}, "9": {"status": "FAIL", "message": "           ConnectionRefusedError: [Errno 61] Connection refused\n       urllib3.exceptions.NewConnectionError: <urllib3.connection.HTTPConnection object at 0x12f18c220>: Failed to establish a new connection: [Errno 61] Connection refused\n       urllib3.exceptions.MaxRetryError: HTTPConnectionPool(host='localhost', port=61510): Max retries exceeded with url: /session/c22f726f8a1159a8bd577fbf087cda92/timeouts (Caused by NewConnectionError('<urllib3.connection.HTTPConnection object at 0x12f18c220>: Failed to establish a new connection: [Errno 61] Connection refused'))\n", "test_name": "test_10_tanggalAkhirKegiatan", "rerun": "0"}, "10": {"status": "FAIL", "message": "           ConnectionRefusedError: [Errno 61] Connection refused\n       urllib3.exceptions.NewConnectionError: <urllib3.connection.HTTPConnection object at 0x12f183310>: Failed to establish a new connection: [Errno 61] Connection refused\n       urllib3.exceptions.MaxRetryError: HTTPConnectionPool(host='localhost', port=61510): Max retries exceeded with url: /session/c22f726f8a1159a8bd577fbf087cda92/timeouts (Caused by NewConnectionError('<urllib3.connection.HTTPConnection object at 0x12f183310>: Failed to establish a new connection: [Errno 61] Connection refused'))\n", "test_name": "test_11_AreaKegiatan", "rerun": "0"}, "11": {"status": "FAIL", "message": "           ConnectionRefusedError: [Errno 61] Connection refused\n       urllib3.exceptions.NewConnectionError: <urllib3.connection.HTTPConnection object at 0x12ed21280>: Failed to establish a new connection: [Errno 61] Connection refused\n       urllib3.exceptions.MaxRetryError: HTTPConnectionPool(host='localhost', port=61510): Max retries exceeded with url: /session/c22f726f8a1159a8bd577fbf087cda92/timeouts (Caused by NewConnectionError('<urllib3.connection.HTTPConnection object at 0x12ed21280>: Failed to establish a new connection: [Errno 61] Connection refused'))\n", "test_name": "test_12_lokasiKegiatan", "rerun": "0"}, "12": {"status": "FAIL", "message": "           ConnectionRefusedError: [Errno 61] Connection refused\n       urllib3.exceptions.NewConnectionError: <urllib3.connection.HTTPConnection object at 0x12f16a340>: Failed to establish a new connection: [Errno 61] Connection refused\n       urllib3.exceptions.MaxRetryError: HTTPConnectionPool(host='localhost', port=61510): Max retries exceeded with url: /session/c22f726f8a1159a8bd577fbf087cda92/timeouts (Caused by NewConnectionError('<urllib3.connection.HTTPConnection object at 0x12f16a340>: Failed to establish a new connection: [Errno 61] Connection refused'))\n", "test_name": "test_13_luas", "rerun": "0"}, "13": {"status": "FAIL", "message": "           ConnectionRefusedError: [Errno 61] Connection refused\n       urllib3.exceptions.NewConnectionError: <urllib3.connection.HTTPConnection object at 0x12efe98e0>: Failed to establish a new connection: [Errno 61] Connection refused\n       urllib3.exceptions.MaxRetryError: HTTPConnectionPool(host='localhost', port=61510): Max retries exceeded with url: /session/c22f726f8a1159a8bd577fbf087cda92/timeouts (Caused by NewConnectionError('<urllib3.connection.HTTPConnection object at 0x12efe98e0>: Failed to establish a new connection: [Errno 61] Connection refused'))\n", "test_name": "test_14_jumlahRuang", "rerun": "0"}, "14": {"status": "FAIL", "message": "           ConnectionRefusedError: [Errno 61] Connection refused\n       urllib3.exceptions.NewConnectionError: <urllib3.connection.HTTPConnection object at 0x12efb10d0>: Failed to establish a new connection: [Errno 61] Connection refused\n       urllib3.exceptions.MaxRetryError: HTTPConnectionPool(host='localhost', port=61510): Max retries exceeded with url: /session/c22f726f8a1159a8bd577fbf087cda92/timeouts (Caused by NewConnectionError('<urllib3.connection.HTTPConnection object at 0x12efb10d0>: Failed to establish a new connection: [Errno 61] Connection refused'))\n", "test_name": "test_15_sarana", "rerun": "0"}, "15": {"status": "FAIL", "message": "           ConnectionRefusedError: [Errno 61] Connection refused\n       urllib3.exceptions.NewConnectionError: <urllib3.connection.HTTPConnection object at 0x12f200160>: Failed to establish a new connection: [Errno 61] Connection refused\n       urllib3.exceptions.MaxRetryError: HTTPConnectionPool(host='localhost', port=61510): Max retries exceeded with url: /session/c22f726f8a1159a8bd577fbf087cda92/window (Caused by NewConnectionError('<urllib3.connection.HTTPConnection object at 0x12f200160>: Failed to establish a new connection: [Errno 61] Connection refused'))\n", "test_name": "test_32_exit", "rerun": "0"}}, "suite_name": "1.KegiatanKerja/Fungsional/test_GiatjaTambah.py"}}}, "date": "May 02, 2023", "start_time": 1683010644.159677, "total_suite": 1, "status": "FAIL", "status_list": {"pass": "5", "fail": "11", "skip": "0", "error": "0", "xpass": "0", "xfail": "0", "rerun": "0"}, "total_tests": "16"}