{"content": {"suites": {"0": {"status": {"total_pass": 3, "total_skip": 0, "total_xpass": 0, "total_xfail": 0, "total_rerun": 0, "total_fail": 6, "total_error": 0}, "tests": {"0": {"status": "PASS", "message": "", "test_name": "test_SetupOs", "rerun": "0"}, "1": {"status": "PASS", "message": "", "test_name": "test_TC_GIATJA_001", "rerun": "0"}, "2": {"status": "PASS", "message": "", "test_name": "test_TC_GIATJA_002", "rerun": "0"}, "3": {"status": "FAIL", "message": "   selenium.common.exceptions.ElementClickInterceptedException: Message: element click intercepted: Element <li class=\"el-select-dropdown__item\" id=\"mitra0\">...</li> is not clickable at point (958, 548). Other element would receive the click: <div class=\"el-col el-col-24 el-col-xs-24 el-col-md-12 is-guttered\" style=\"padding-left: 28px; padding-right: 28px;\">...</div>\n     (Session info: chrome=112.0.5615.137)\n   Stacktrace:\n   0   chromedriver                        0x00000001047d6ae8 chromedriver + 4958952\n   1   chromedriver                        0x00000001047ce7b3 chromedriver + 4925363\n   2   chromedriver                        0x00000001043901d6 chromedriver + 475606\n   3   chromedriver                        0x00000001043dd321 chromedriver + 791329\n   4   chromedriver                        0x00000001043da36e chromedriver + 779118\n   5   chromedriver                        0x00000001043d6fd4 chromedriver + 765908\n   6   chromedriver                        0x00000001043d59af chromedriver + 760239\n   7   chromedriver                        0x00000001043c6283 chromedriver + 696963\n   8   chromedriver                        0x00000001043f9c12 chromedriver + 908306\n   9   chromedriver                        0x00000001043c58f1 chromedriver + 694513\n   10  chromedriver                        0x00000001043f9dce chromedriver + 908750\n   11  chromedriver                        0x000000010441525b chromedriver + 1020507\n   12  chromedriver                        0x00000001043f99e3 chromedriver + 907747\n   13  chromedriver                        0x00000001043c3aef chromedriver + 686831\n   14  chromedriver                        0x00000001043c500e chromedriver + 692238\n   15  chromedriver                        0x00000001047929ad chromedriver + 4680109\n   16  chromedriver                        0x0000000104797c12 chromedriver + 4701202\n   17  chromedriver                        0x000000010479e79f chromedriver + 4728735\n   18  chromedriver                        0x0000000104798b7a chromedriver + 4705146\n   19  chromedriver                        0x000000010476b27e chromedriver + 4518526\n   20  chromedriver                        0x00000001047b8908 chromedriver + 4835592\n   21  chromedriver                        0x00000001047b8a87 chromedriver + 4835975\n   22  chromedriver                        0x00000001047c800f chromedriver + 4898831\n   23  libsystem_pthread.dylib             0x00007ff80f4a71d3 _pthread_start + 125\n   24  libsystem_pthread.dylib             0x00007ff80f4a2bd3 thread_start + 15\n       assert False\n", "test_name": "test_4_TC_GIATJA_003", "rerun": "0"}, "4": {"status": "FAIL", "message": "           ConnectionRefusedError: [Errno 61] Connection refused\n       urllib3.exceptions.NewConnectionError: <urllib3.connection.HTTPConnection object at 0x11e763490>: Failed to establish a new connection: [Errno 61] Connection refused\n       urllib3.exceptions.MaxRetryError: HTTPConnectionPool(host='localhost', port=58645): Max retries exceeded with url: /session/f40db2a18d5d83d2faa69401229eb143/timeouts (Caused by NewConnectionError('<urllib3.connection.HTTPConnection object at 0x11e763490>: Failed to establish a new connection: [Errno 61] Connection refused'))\n", "test_name": "test_TC_GIATJA_004", "rerun": "0"}, "5": {"status": "FAIL", "message": "           ConnectionRefusedError: [Errno 61] Connection refused\n       urllib3.exceptions.NewConnectionError: <urllib3.connection.HTTPConnection object at 0x11f9ed160>: Failed to establish a new connection: [Errno 61] Connection refused\n       urllib3.exceptions.MaxRetryError: HTTPConnectionPool(host='localhost', port=58645): Max retries exceeded with url: /session/f40db2a18d5d83d2faa69401229eb143/element (Caused by NewConnectionError('<urllib3.connection.HTTPConnection object at 0x11f9ed160>: Failed to establish a new connection: [Errno 61] Connection refused'))\n", "test_name": "test_TC_GIATJA_005", "rerun": "0"}, "6": {"status": "FAIL", "message": "           ConnectionRefusedError: [Errno 61] Connection refused\n       urllib3.exceptions.NewConnectionError: <urllib3.connection.HTTPConnection object at 0x11fae4070>: Failed to establish a new connection: [Errno 61] Connection refused\n       urllib3.exceptions.MaxRetryError: HTTPConnectionPool(host='localhost', port=58645): Max retries exceeded with url: /session/f40db2a18d5d83d2faa69401229eb143/element (Caused by NewConnectionError('<urllib3.connection.HTTPConnection object at 0x11fae4070>: Failed to establish a new connection: [Errno 61] Connection refused'))\n", "test_name": "test_TC_GIATJA_006", "rerun": "0"}, "7": {"status": "FAIL", "message": "           ConnectionRefusedError: [Errno 61] Connection refused\n       urllib3.exceptions.NewConnectionError: <urllib3.connection.HTTPConnection object at 0x11e7b7070>: Failed to establish a new connection: [Errno 61] Connection refused\n       urllib3.exceptions.MaxRetryError: HTTPConnectionPool(host='localhost', port=58645): Max retries exceeded with url: /session/f40db2a18d5d83d2faa69401229eb143/element (Caused by NewConnectionError('<urllib3.connection.HTTPConnection object at 0x11e7b7070>: Failed to establish a new connection: [Errno 61] Connection refused'))\n", "test_name": "test_TC_GIATJA_007", "rerun": "0"}, "8": {"status": "FAIL", "message": "           ConnectionRefusedError: [Errno 61] Connection refused\n       urllib3.exceptions.NewConnectionError: <urllib3.connection.HTTPConnection object at 0x11fa0d520>: Failed to establish a new connection: [Errno 61] Connection refused\n       urllib3.exceptions.MaxRetryError: HTTPConnectionPool(host='localhost', port=58645): Max retries exceeded with url: /session/f40db2a18d5d83d2faa69401229eb143/window (Caused by NewConnectionError('<urllib3.connection.HTTPConnection object at 0x11fa0d520>: Failed to establish a new connection: [Errno 61] Connection refused'))\n", "test_name": "test_exit", "rerun": "0"}}, "suite_name": "1.KegiatanKerja/Fungsional/test_OpGiatja.py"}}}, "date": "May 03, 2023", "start_time": 1683104674.5142038, "total_suite": 1, "status": "FAIL", "status_list": {"pass": "3", "fail": "6", "skip": "0", "error": "0", "xpass": "0", "xfail": "0", "rerun": "0"}, "total_tests": "9"}