{"content": {"suites": {"0": {"status": {"total_pass": 5, "total_skip": 0, "total_xpass": 0, "total_xfail": 0, "total_rerun": 0, "total_fail": 1, "total_error": 0}, "tests": {"0": {"status": "PASS", "message": "", "test_name": "test_SetupOs", "rerun": "0"}, "1": {"status": "PASS", "message": "", "test_name": "test_TC_GIATJA_001", "rerun": "0"}, "2": {"status": "PASS", "message": "", "test_name": "test_TC_GIATJA_002", "rerun": "0"}, "3": {"status": "PASS", "message": "", "test_name": "test_TC_GIATJA_005", "rerun": "0"}, "4": {"status": "FAIL", "message": "   selenium.common.exceptions.TimeoutException: Message: \n   Stacktrace:\n   0   chromedriver                        0x00000001006beae8 chromedriver + 4958952\n   1   chromedriver                        0x00000001006b67b3 chromedriver + 4925363\n   2   chromedriver                        0x00000001002781d6 chromedriver + 475606\n   3   chromedriver                        0x00000001002bba20 chromedriver + 752160\n   4   chromedriver                        0x00000001002bbc81 chromedriver + 752769\n   5   chromedriver                        0x00000001002fff64 chromedriver + 1032036\n   6   chromedriver                        0x00000001002e1c3d chromedriver + 908349\n   7   chromedriver                        0x00000001002fd25b chromedriver + 1020507\n   8   chromedriver                        0x00000001002e19e3 chromedriver + 907747\n   9   chromedriver                        0x00000001002abaef chromedriver + 686831\n   10  chromedriver                        0x00000001002ad00e chromedriver + 692238\n   11  chromedriver                        0x000000010067a9ad chromedriver + 4680109\n   12  chromedriver                        0x000000010067fc12 chromedriver + 4701202\n   13  chromedriver                        0x000000010068679f chromedriver + 4728735\n   14  chromedriver                        0x0000000100680b7a chromedriver + 4705146\n   15  chromedriver                        0x000000010065327e chromedriver + 4518526\n   16  chromedriver                        0x00000001006a0908 chromedriver + 4835592\n   17  chromedriver                        0x00000001006a0a87 chromedriver + 4835975\n   18  chromedriver                        0x00000001006b000f chromedriver + 4898831\n   19  libsystem_pthread.dylib             0x00007ff80f4a71d3 _pthread_start + 125\n   20  libsystem_pthread.dylib             0x00007ff80f4a2bd3 thread_start + 15\n", "test_name": "test_TC_GIATJA_006", "rerun": "0"}, "5": {"status": "PASS", "message": "", "test_name": "test_exit", "rerun": "0"}}, "suite_name": "1.KegiatanKerja/Fungsional/test_GiatjaTambah.py"}}}, "date": "May 03, 2023", "start_time": 1683103555.708408, "total_suite": 1, "status": "FAIL", "status_list": {"pass": "5", "fail": "1", "skip": "0", "error": "0", "xpass": "0", "xfail": "0", "rerun": "0"}, "total_tests": "6"}