{"content": {"suites": {"0": {"status": {"total_pass": 1, "total_skip": 0, "total_xpass": 0, "total_xfail": 0, "total_rerun": 0, "total_fail": 1, "total_error": 0}, "tests": {"0": {"status": "PASS", "message": "", "test_name": "test_1_SetupOs", "rerun": "0"}, "1": {"status": "FAIL", "message": "   selenium.common.exceptions.NoSuchElementException: Message: no such element: Unable to locate element: {\"method\":\"css selector\",\"selector\":\"[id=\"login\"]\"}\n     (Session info: chrome=112.0.5615.137)\n   Stacktrace:\n   0   chromedriver                        0x0000000104afcae8 chromedriver + 4958952\n   1   chromedriver                        0x0000000104af47b3 chromedriver + 4925363\n   2   chromedriver                        0x00000001046b61d6 chromedriver + 475606\n   3   chromedriver                        0x00000001046f9a20 chromedriver + 752160\n   4   chromedriver                        0x00000001046f9c81 chromedriver + 752769\n   5   chromedriver                        0x000000010473df64 chromedriver + 1032036\n   6   chromedriver                        0x000000010471fc3d chromedriver + 908349\n   7   chromedriver                        0x000000010473b25b chromedriver + 1020507\n   8   chromedriver                        0x000000010471f9e3 chromedriver + 907747\n   9   chromedriver                        0x00000001046e9aef chromedriver + 686831\n   10  chromedriver                        0x00000001046eb00e chromedriver + 692238\n   11  chromedriver                        0x0000000104ab89ad chromedriver + 4680109\n   12  chromedriver                        0x0000000104abdc12 chromedriver + 4701202\n   13  chromedriver                        0x0000000104ac479f chromedriver + 4728735\n   14  chromedriver                        0x0000000104abeb7a chromedriver + 4705146\n   15  chromedriver                        0x0000000104a9127e chromedriver + 4518526\n   16  chromedriver                        0x0000000104ade908 chromedriver + 4835592\n   17  chromedriver                        0x0000000104adea87 chromedriver + 4835975\n   18  chromedriver                        0x0000000104aee00f chromedriver + 4898831\n   19  libsystem_pthread.dylib             0x00007ff8161cb1d3 _pthread_start + 125\n   20  libsystem_pthread.dylib             0x00007ff8161c6bd3 thread_start + 15\n", "test_name": "test_2_Login", "rerun": "0"}}, "suite_name": "1.KegiatanKerja/Fungsional/test_GiatjaTambah.py"}}}, "date": "May 02, 2023", "start_time": 1683012044.7319949, "total_suite": 1, "status": "FAIL", "status_list": {"pass": "1", "fail": "1", "skip": "0", "error": "0", "xpass": "0", "xfail": "0", "rerun": "0"}, "total_tests": "2"}