{"content": {"suites": {"0": {"status": {"total_pass": 4, "total_skip": 0, "total_xpass": 0, "total_xfail": 0, "total_rerun": 0, "total_fail": 2, "total_error": 0}, "tests": {"0": {"status": "PASS", "message": "", "test_name": "test_1_SetupOs", "rerun": "0"}, "1": {"status": "PASS", "message": "", "test_name": "test_2_Login", "rerun": "0"}, "2": {"status": "PASS", "message": "", "test_name": "test_3_AksesMenu", "rerun": "0"}, "3": {"status": "PASS", "message": "", "test_name": "test_4_ClickButtonTambah", "rerun": "0"}, "4": {"status": "FAIL", "message": "   selenium.common.exceptions.NoSuchElementException: Message: no such element: Unable to locate element: {\"method\":\"xpath\",\"selector\":\"//li[contains(.,'02/05/2023')]\"}\n     (Session info: chrome=112.0.5615.137)\n   Stacktrace:\n   0   chromedriver                        0x0000000104738ae8 chromedriver + 4958952\n   1   chromedriver                        0x00000001047307b3 chromedriver + 4925363\n   2   chromedriver                        0x00000001042f21d6 chromedriver + 475606\n   3   chromedriver                        0x0000000104335a20 chromedriver + 752160\n   4   chromedriver                        0x0000000104335c81 chromedriver + 752769\n   5   chromedriver                        0x0000000104379f64 chromedriver + 1032036\n   6   chromedriver                        0x000000010435bc3d chromedriver + 908349\n   7   chromedriver                        0x000000010437725b chromedriver + 1020507\n   8   chromedriver                        0x000000010435b9e3 chromedriver + 907747\n   9   chromedriver                        0x0000000104325aef chromedriver + 686831\n   10  chromedriver                        0x000000010432700e chromedriver + 692238\n   11  chromedriver                        0x00000001046f49ad chromedriver + 4680109\n   12  chromedriver                        0x00000001046f9c12 chromedriver + 4701202\n   13  chromedriver                        0x000000010470079f chromedriver + 4728735\n   14  chromedriver                        0x00000001046fab7a chromedriver + 4705146\n   15  chromedriver                        0x00000001046cd27e chromedriver + 4518526\n   16  chromedriver                        0x000000010471a908 chromedriver + 4835592\n   17  chromedriver                        0x000000010471aa87 chromedriver + 4835975\n   18  chromedriver                        0x000000010472a00f chromedriver + 4898831\n   19  libsystem_pthread.dylib             0x00007ff8161cb1d3 _pthread_start + 125\n   20  libsystem_pthread.dylib             0x00007ff8161c6bd3 thread_start + 15\n       assert False\n", "test_name": "test_5_InputBidangGiatja", "rerun": "0"}, "5": {"status": "FAIL", "message": "           ConnectionRefusedError: [Errno 61] Connection refused\n       urllib3.exceptions.NewConnectionError: <urllib3.connection.HTTPConnection object at 0x1301b85b0>: Failed to establish a new connection: [Errno 61] Connection refused\n       urllib3.exceptions.MaxRetryError: HTTPConnectionPool(host='localhost', port=59655): Max retries exceeded with url: /session/c9c6ce6468a5259caaf2db404926ce9e/window (Caused by NewConnectionError('<urllib3.connection.HTTPConnection object at 0x1301b85b0>: Failed to establish a new connection: [Errno 61] Connection refused'))\n", "test_name": "test_32_exit", "rerun": "0"}}, "suite_name": "1.KegiatanKerja/Fungsional/test_GiatjaTambah.py"}}}, "date": "May 02, 2023", "start_time": 1682996661.143428, "total_suite": 1, "status": "FAIL", "status_list": {"pass": "4", "fail": "2", "skip": "0", "error": "0", "xpass": "0", "xfail": "0", "rerun": "0"}, "total_tests": "6"}