{"content": {"suites": {"0": {"status": {"total_pass": 4, "total_skip": 0, "total_xpass": 0, "total_xfail": 0, "total_rerun": 0, "total_fail": 1, "total_error": 0}, "tests": {"0": {"status": "PASS", "message": "", "test_name": "test_SetupOs", "rerun": "0"}, "1": {"status": "PASS", "message": "", "test_name": "test_TC_GIATJA_001", "rerun": "0"}, "2": {"status": "PASS", "message": "", "test_name": "test_TC_GIATJA_002", "rerun": "0"}, "3": {"status": "FAIL", "message": "   selenium.common.exceptions.TimeoutException: Message: \n   Stacktrace:\n   0   chromedriver                        0x0000000104f30ae8 chromedriver + 4958952\n   1   chromedriver                        0x0000000104f287b3 chromedriver + 4925363\n   2   chromedriver                        0x0000000104aea1d6 chromedriver + 475606\n   3   chromedriver                        0x0000000104b2da20 chromedriver + 752160\n   4   chromedriver                        0x0000000104b2dc81 chromedriver + 752769\n   5   chromedriver                        0x0000000104b71f64 chromedriver + 1032036\n   6   chromedriver                        0x0000000104b53c3d chromedriver + 908349\n   7   chromedriver                        0x0000000104b6f25b chromedriver + 1020507\n   8   chromedriver                        0x0000000104b539e3 chromedriver + 907747\n   9   chromedriver                        0x0000000104b1daef chromedriver + 686831\n   10  chromedriver                        0x0000000104b1f00e chromedriver + 692238\n   11  chromedriver                        0x0000000104eec9ad chromedriver + 4680109\n   12  chromedriver                        0x0000000104ef1c12 chromedriver + 4701202\n   13  chromedriver                        0x0000000104ef879f chromedriver + 4728735\n   14  chromedriver                        0x0000000104ef2b7a chromedriver + 4705146\n   15  chromedriver                        0x0000000104ec527e chromedriver + 4518526\n   16  chromedriver                        0x0000000104f12908 chromedriver + 4835592\n   17  chromedriver                        0x0000000104f12a87 chromedriver + 4835975\n   18  chromedriver                        0x0000000104f2200f chromedriver + 4898831\n   19  libsystem_pthread.dylib             0x00007ff80f4a71d3 _pthread_start + 125\n   20  libsystem_pthread.dylib             0x00007ff80f4a2bd3 thread_start + 15\n", "test_name": "test_TC_GIATJA_004", "rerun": "0"}, "4": {"status": "PASS", "message": "", "test_name": "test_exit", "rerun": "0"}}, "suite_name": "1.KegiatanKerja/Fungsional/test_GiatjaTambah.py"}}}, "date": "May 03, 2023", "start_time": 1683102296.871146, "total_suite": 1, "status": "FAIL", "status_list": {"pass": "4", "fail": "1", "skip": "0", "error": "0", "xpass": "0", "xfail": "0", "rerun": "0"}, "total_tests": "5"}