{"content": {"suites": {"0": {"status": {"total_pass": 4, "total_skip": 0, "total_xpass": 0, "total_xfail": 0, "total_rerun": 0, "total_fail": 1, "total_error": 0}, "tests": {"0": {"status": "PASS", "message": "", "test_name": "test_SetupOs", "rerun": "0"}, "1": {"status": "PASS", "message": "", "test_name": "test_TC_GIATJA_001", "rerun": "0"}, "2": {"status": "PASS", "message": "", "test_name": "test_TC_GIATJA_006", "rerun": "0"}, "3": {"status": "FAIL", "message": "   selenium.common.exceptions.TimeoutException: Message: \n   Stacktrace:\n   0   chromedriver                        0x00000001005b9ae8 chromedriver + 4958952\n   1   chromedriver                        0x00000001005b17b3 chromedriver + 4925363\n   2   chromedriver                        0x00000001001731d6 chromedriver + 475606\n   3   chromedriver                        0x00000001001b6a20 chromedriver + 752160\n   4   chromedriver                        0x00000001001b6c81 chromedriver + 752769\n   5   chromedriver                        0x00000001001faf64 chromedriver + 1032036\n   6   chromedriver                        0x00000001001dcc3d chromedriver + 908349\n   7   chromedriver                        0x00000001001f825b chromedriver + 1020507\n   8   chromedriver                        0x00000001001dc9e3 chromedriver + 907747\n   9   chromedriver                        0x00000001001a6aef chromedriver + 686831\n   10  chromedriver                        0x00000001001a800e chromedriver + 692238\n   11  chromedriver                        0x00000001005759ad chromedriver + 4680109\n   12  chromedriver                        0x000000010057ac12 chromedriver + 4701202\n   13  chromedriver                        0x000000010058179f chromedriver + 4728735\n   14  chromedriver                        0x000000010057bb7a chromedriver + 4705146\n   15  chromedriver                        0x000000010054e27e chromedriver + 4518526\n   16  chromedriver                        0x000000010059b908 chromedriver + 4835592\n   17  chromedriver                        0x000000010059ba87 chromedriver + 4835975\n   18  chromedriver                        0x00000001005ab00f chromedriver + 4898831\n   19  libsystem_pthread.dylib             0x00007ff80f4a71d3 _pthread_start + 125\n   20  libsystem_pthread.dylib             0x00007ff80f4a2bd3 thread_start + 15\n", "test_name": "test_4_TC_GIATJA_007", "rerun": "0"}, "4": {"status": "PASS", "message": "", "test_name": "test_32_exit", "rerun": "0"}}, "suite_name": "1.KegiatanKerja/Fungsional/test_GiatjaTambah.py"}}}, "date": "May 03, 2023", "start_time": 1683098356.046049, "total_suite": 1, "status": "FAIL", "status_list": {"pass": "4", "fail": "1", "skip": "0", "error": "0", "xpass": "0", "xfail": "0", "rerun": "0"}, "total_tests": "5"}