{"content": {"suites": {"0": {"status": {"total_pass": 2, "total_skip": 0, "total_xpass": 0, "total_xfail": 0, "total_rerun": 0, "total_fail": 6, "total_error": 0}, "tests": {"0": {"status": "PASS", "message": "", "test_name": "test_1_SetupOs", "rerun": "0"}, "1": {"status": "PASS", "message": "", "test_name": "test_2_Login", "rerun": "0"}, "2": {"status": "FAIL", "message": "       AttributeError: move_to requires a WebElement\n", "test_name": "test_3_AksesMenu", "rerun": "0"}, "3": {"status": "FAIL", "message": "   selenium.common.exceptions.NoSuchWindowException: Message: no such window: target window already closed\n   from unknown error: web view not found\n     (Session info: chrome=112.0.5615.137)\n   Stacktrace:\n   0   chromedriver                        0x00000001025cbae8 chromedriver + 4958952\n   1   chromedriver                        0x00000001025c37b3 chromedriver + 4925363\n   2   chromedriver                        0x00000001021851d6 chromedriver + 475606\n   3   chromedriver                        0x000000010215acec chromedriver + 302316\n   4   chromedriver                        0x00000001021f3f2f chromedriver + 929583\n   5   chromedriver                        0x0000000102209926 chromedriver + 1018150\n   6   chromedriver                        0x00000001021ee9e3 chromedriver + 907747\n   7   chromedriver                        0x00000001021b8aef chromedriver + 686831\n   8   chromedriver                        0x00000001021ba00e chromedriver + 692238\n   9   chromedriver                        0x00000001025879ad chromedriver + 4680109\n   10  chromedriver                        0x000000010258cc12 chromedriver + 4701202\n   11  chromedriver                        0x000000010259379f chromedriver + 4728735\n   12  chromedriver                        0x000000010258db7a chromedriver + 4705146\n   13  chromedriver                        0x000000010256027e chromedriver + 4518526\n   14  chromedriver                        0x00000001025ad908 chromedriver + 4835592\n   15  chromedriver                        0x00000001025ada87 chromedriver + 4835975\n   16  chromedriver                        0x00000001025bd00f chromedriver + 4898831\n   17  libsystem_pthread.dylib             0x00007ff80f4a71d3 _pthread_start + 125\n   18  libsystem_pthread.dylib             0x00007ff80f4a2bd3 thread_start + 15\n   selenium.common.exceptions.NoSuchWindowException: Message: no such window: target window already closed\n   from unknown error: web view not found\n     (Session info: chrome=112.0.5615.137)\n   Stacktrace:\n   0   chromedriver                        0x00000001025cbae8 chromedriver + 4958952\n   1   chromedriver                        0x00000001025c37b3 chromedriver + 4925363\n   2   chromedriver                        0x00000001021851d6 chromedriver + 475606\n   3   chromedriver                        0x000000010215acec chromedriver + 302316\n   4   chromedriver                        0x00000001021f3f2f chromedriver + 929583\n   5   chromedriver                        0x00000001021fac7c chromedriver + 957564\n   6   chromedriver                        0x00000001021eebd8 chromedriver + 908248\n   7   chromedriver                        0x00000001021b8aef chromedriver + 686831\n   8   chromedriver                        0x00000001021ba00e chromedriver + 692238\n   9   chromedriver                        0x00000001025879ad chromedriver + 4680109\n   10  chromedriver                        0x000000010258cc12 chromedriver + 4701202\n   11  chromedriver                        0x000000010259379f chromedriver + 4728735\n   12  chromedriver                        0x000000010258db7a chromedriver + 4705146\n   13  chromedriver                        0x000000010256027e chromedriver + 4518526\n   14  chromedriver                        0x00000001025ad908 chromedriver + 4835592\n   15  chromedriver                        0x00000001025ada87 chromedriver + 4835975\n   16  chromedriver                        0x00000001025bd00f chromedriver + 4898831\n   17  libsystem_pthread.dylib             0x00007ff80f4a71d3 _pthread_start + 125\n   18  libsystem_pthread.dylib             0x00007ff80f4a2bd3 thread_start + 15\n", "test_name": "test_4_ClickButtonTambah", "rerun": "0"}, "4": {"status": "FAIL", "message": "   selenium.common.exceptions.NoSuchWindowException: Message: no such window: target window already closed\n   from unknown error: web view not found\n     (Session info: chrome=112.0.5615.137)\n   Stacktrace:\n   0   chromedriver                        0x00000001025cbae8 chromedriver + 4958952\n   1   chromedriver                        0x00000001025c37b3 chromedriver + 4925363\n   2   chromedriver                        0x00000001021851d6 chromedriver + 475606\n   3   chromedriver                        0x000000010215acec chromedriver + 302316\n   4   chromedriver                        0x00000001021f3f2f chromedriver + 929583\n   5   chromedriver                        0x0000000102209926 chromedriver + 1018150\n   6   chromedriver                        0x00000001021ee9e3 chromedriver + 907747\n   7   chromedriver                        0x00000001021b8aef chromedriver + 686831\n   8   chromedriver                        0x00000001021ba00e chromedriver + 692238\n   9   chromedriver                        0x00000001025879ad chromedriver + 4680109\n   10  chromedriver                        0x000000010258cc12 chromedriver + 4701202\n   11  chromedriver                        0x000000010259379f chromedriver + 4728735\n   12  chromedriver                        0x000000010258db7a chromedriver + 4705146\n   13  chromedriver                        0x000000010256027e chromedriver + 4518526\n   14  chromedriver                        0x00000001025ad908 chromedriver + 4835592\n   15  chromedriver                        0x00000001025ada87 chromedriver + 4835975\n   16  chromedriver                        0x00000001025bd00f chromedriver + 4898831\n   17  libsystem_pthread.dylib             0x00007ff80f4a71d3 _pthread_start + 125\n   18  libsystem_pthread.dylib             0x00007ff80f4a2bd3 thread_start + 15\n   selenium.common.exceptions.NoSuchWindowException: Message: no such window: target window already closed\n   from unknown error: web view not found\n     (Session info: chrome=112.0.5615.137)\n   Stacktrace:\n   0   chromedriver                        0x00000001025cbae8 chromedriver + 4958952\n   1   chromedriver                        0x00000001025c37b3 chromedriver + 4925363\n   2   chromedriver                        0x00000001021851d6 chromedriver + 475606\n   3   chromedriver                        0x000000010215acec chromedriver + 302316\n   4   chromedriver                        0x00000001021f3f2f chromedriver + 929583\n   5   chromedriver                        0x00000001021fac7c chromedriver + 957564\n   6   chromedriver                        0x00000001021eebd8 chromedriver + 908248\n   7   chromedriver                        0x00000001021b8aef chromedriver + 686831\n   8   chromedriver                        0x00000001021ba00e chromedriver + 692238\n   9   chromedriver                        0x00000001025879ad chromedriver + 4680109\n   10  chromedriver                        0x000000010258cc12 chromedriver + 4701202\n   11  chromedriver                        0x000000010259379f chromedriver + 4728735\n   12  chromedriver                        0x000000010258db7a chromedriver + 4705146\n   13  chromedriver                        0x000000010256027e chromedriver + 4518526\n   14  chromedriver                        0x00000001025ad908 chromedriver + 4835592\n   15  chromedriver                        0x00000001025ada87 chromedriver + 4835975\n   16  chromedriver                        0x00000001025bd00f chromedriver + 4898831\n   17  libsystem_pthread.dylib             0x00007ff80f4a71d3 _pthread_start + 125\n   18  libsystem_pthread.dylib             0x00007ff80f4a2bd3 thread_start + 15\n", "test_name": "test_5_InputBidangGiatja", "rerun": "0"}, "5": {"status": "FAIL", "message": "   selenium.common.exceptions.NoSuchWindowException: Message: no such window: target window already closed\n   from unknown error: web view not found\n     (Session info: chrome=112.0.5615.137)\n   Stacktrace:\n   0   chromedriver                        0x00000001025cbae8 chromedriver + 4958952\n   1   chromedriver                        0x00000001025c37b3 chromedriver + 4925363\n   2   chromedriver                        0x00000001021851d6 chromedriver + 475606\n   3   chromedriver                        0x000000010215acec chromedriver + 302316\n   4   chromedriver                        0x00000001021f3f2f chromedriver + 929583\n   5   chromedriver                        0x0000000102209926 chromedriver + 1018150\n   6   chromedriver                        0x00000001021ee9e3 chromedriver + 907747\n   7   chromedriver                        0x00000001021b8aef chromedriver + 686831\n   8   chromedriver                        0x00000001021ba00e chromedriver + 692238\n   9   chromedriver                        0x00000001025879ad chromedriver + 4680109\n   10  chromedriver                        0x000000010258cc12 chromedriver + 4701202\n   11  chromedriver                        0x000000010259379f chromedriver + 4728735\n   12  chromedriver                        0x000000010258db7a chromedriver + 4705146\n   13  chromedriver                        0x000000010256027e chromedriver + 4518526\n   14  chromedriver                        0x00000001025ad908 chromedriver + 4835592\n   15  chromedriver                        0x00000001025ada87 chromedriver + 4835975\n   16  chromedriver                        0x00000001025bd00f chromedriver + 4898831\n   17  libsystem_pthread.dylib             0x00007ff80f4a71d3 _pthread_start + 125\n   18  libsystem_pthread.dylib             0x00007ff80f4a2bd3 thread_start + 15\n   selenium.common.exceptions.NoSuchWindowException: Message: no such window: target window already closed\n   from unknown error: web view not found\n     (Session info: chrome=112.0.5615.137)\n   Stacktrace:\n   0   chromedriver                        0x00000001025cbae8 chromedriver + 4958952\n   1   chromedriver                        0x00000001025c37b3 chromedriver + 4925363\n   2   chromedriver                        0x00000001021851d6 chromedriver + 475606\n   3   chromedriver                        0x000000010215acec chromedriver + 302316\n   4   chromedriver                        0x00000001021f3f2f chromedriver + 929583\n   5   chromedriver                        0x00000001021fac7c chromedriver + 957564\n   6   chromedriver                        0x00000001021eebd8 chromedriver + 908248\n   7   chromedriver                        0x00000001021b8aef chromedriver + 686831\n   8   chromedriver                        0x00000001021ba00e chromedriver + 692238\n   9   chromedriver                        0x00000001025879ad chromedriver + 4680109\n   10  chromedriver                        0x000000010258cc12 chromedriver + 4701202\n   11  chromedriver                        0x000000010259379f chromedriver + 4728735\n   12  chromedriver                        0x000000010258db7a chromedriver + 4705146\n   13  chromedriver                        0x000000010256027e chromedriver + 4518526\n   14  chromedriver                        0x00000001025ad908 chromedriver + 4835592\n   15  chromedriver                        0x00000001025ada87 chromedriver + 4835975\n   16  chromedriver                        0x00000001025bd00f chromedriver + 4898831\n   17  libsystem_pthread.dylib             0x00007ff80f4a71d3 _pthread_start + 125\n   18  libsystem_pthread.dylib             0x00007ff80f4a2bd3 thread_start + 15\n", "test_name": "test_18_InputGambar", "rerun": "0"}, "6": {"status": "FAIL", "message": "   selenium.common.exceptions.NoSuchWindowException: Message: no such window: target window already closed\n   from unknown error: web view not found\n     (Session info: chrome=112.0.5615.137)\n   Stacktrace:\n   0   chromedriver                        0x00000001025cbae8 chromedriver + 4958952\n   1   chromedriver                        0x00000001025c37b3 chromedriver + 4925363\n   2   chromedriver                        0x00000001021851d6 chromedriver + 475606\n   3   chromedriver                        0x000000010215acec chromedriver + 302316\n   4   chromedriver                        0x00000001021f3f2f chromedriver + 929583\n   5   chromedriver                        0x0000000102209926 chromedriver + 1018150\n   6   chromedriver                        0x00000001021ee9e3 chromedriver + 907747\n   7   chromedriver                        0x00000001021b8aef chromedriver + 686831\n   8   chromedriver                        0x00000001021ba00e chromedriver + 692238\n   9   chromedriver                        0x00000001025879ad chromedriver + 4680109\n   10  chromedriver                        0x000000010258cc12 chromedriver + 4701202\n   11  chromedriver                        0x000000010259379f chromedriver + 4728735\n   12  chromedriver                        0x000000010258db7a chromedriver + 4705146\n   13  chromedriver                        0x000000010256027e chromedriver + 4518526\n   14  chromedriver                        0x00000001025ad908 chromedriver + 4835592\n   15  chromedriver                        0x00000001025ada87 chromedriver + 4835975\n   16  chromedriver                        0x00000001025bd00f chromedriver + 4898831\n   17  libsystem_pthread.dylib             0x00007ff80f4a71d3 _pthread_start + 125\n   18  libsystem_pthread.dylib             0x00007ff80f4a2bd3 thread_start + 15\n   selenium.common.exceptions.NoSuchWindowException: Message: no such window: target window already closed\n   from unknown error: web view not found\n     (Session info: chrome=112.0.5615.137)\n   Stacktrace:\n   0   chromedriver                        0x00000001025cbae8 chromedriver + 4958952\n   1   chromedriver                        0x00000001025c37b3 chromedriver + 4925363\n   2   chromedriver                        0x00000001021851d6 chromedriver + 475606\n   3   chromedriver                        0x000000010215acec chromedriver + 302316\n   4   chromedriver                        0x00000001021f3f2f chromedriver + 929583\n   5   chromedriver                        0x00000001021fac7c chromedriver + 957564\n   6   chromedriver                        0x00000001021eebd8 chromedriver + 908248\n   7   chromedriver                        0x00000001021b8aef chromedriver + 686831\n   8   chromedriver                        0x00000001021ba00e chromedriver + 692238\n   9   chromedriver                        0x00000001025879ad chromedriver + 4680109\n   10  chromedriver                        0x000000010258cc12 chromedriver + 4701202\n   11  chromedriver                        0x000000010259379f chromedriver + 4728735\n   12  chromedriver                        0x000000010258db7a chromedriver + 4705146\n   13  chromedriver                        0x000000010256027e chromedriver + 4518526\n   14  chromedriver                        0x00000001025ad908 chromedriver + 4835592\n   15  chromedriver                        0x00000001025ada87 chromedriver + 4835975\n   16  chromedriver                        0x00000001025bd00f chromedriver + 4898831\n   17  libsystem_pthread.dylib             0x00007ff80f4a71d3 _pthread_start + 125\n   18  libsystem_pthread.dylib             0x00007ff80f4a2bd3 thread_start + 15\n", "test_name": "test_19_Keterangan", "rerun": "0"}, "7": {"status": "FAIL", "message": "   selenium.common.exceptions.NoSuchWindowException: Message: no such window: target window already closed\n   from unknown error: web view not found\n     (Session info: chrome=112.0.5615.137)\n   Stacktrace:\n   0   chromedriver                        0x00000001025cbae8 chromedriver + 4958952\n   1   chromedriver                        0x00000001025c37b3 chromedriver + 4925363\n   2   chromedriver                        0x00000001021851d6 chromedriver + 475606\n   3   chromedriver                        0x000000010215acec chromedriver + 302316\n   4   chromedriver                        0x00000001021f3f2f chromedriver + 929583\n   5   chromedriver                        0x00000001021fac7c chromedriver + 957564\n   6   chromedriver                        0x00000001021eebd8 chromedriver + 908248\n   7   chromedriver                        0x00000001021b8aef chromedriver + 686831\n   8   chromedriver                        0x00000001021ba00e chromedriver + 692238\n   9   chromedriver                        0x00000001025879ad chromedriver + 4680109\n   10  chromedriver                        0x000000010258cc12 chromedriver + 4701202\n   11  chromedriver                        0x000000010259379f chromedriver + 4728735\n   12  chromedriver                        0x000000010258db7a chromedriver + 4705146\n   13  chromedriver                        0x000000010256027e chromedriver + 4518526\n   14  chromedriver                        0x00000001025ad908 chromedriver + 4835592\n   15  chromedriver                        0x00000001025ada87 chromedriver + 4835975\n   16  chromedriver                        0x00000001025bd00f chromedriver + 4898831\n   17  libsystem_pthread.dylib             0x00007ff80f4a71d3 _pthread_start + 125\n   18  libsystem_pthread.dylib             0x00007ff80f4a2bd3 thread_start + 15\n", "test_name": "test_32_exit", "rerun": "0"}}, "suite_name": "1.KegiatanKerja/Fungsional/test_GiatjaTambah.py"}}}, "date": "May 03, 2023", "start_time": 1683078519.106692, "total_suite": 1, "status": "FAIL", "status_list": {"pass": "2", "fail": "6", "skip": "0", "error": "0", "xpass": "0", "xfail": "0", "rerun": "0"}, "total_tests": "8"}