{"content": {"suites": {"0": {"status": {"total_pass": 15, "total_skip": 0, "total_xpass": 0, "total_xfail": 0, "total_rerun": 0, "total_fail": 5, "total_error": 0}, "tests": {"0": {"status": "PASS", "message": "", "test_name": "test_1_SetupOs", "rerun": "0"}, "1": {"status": "PASS", "message": "", "test_name": "test_2_Login", "rerun": "0"}, "2": {"status": "PASS", "message": "", "test_name": "test_3_AksesMenu", "rerun": "0"}, "3": {"status": "PASS", "message": "", "test_name": "test_4_ClickButtonTambah", "rerun": "0"}, "4": {"status": "PASS", "message": "", "test_name": "test_5_InputBidangGiatja", "rerun": "0"}, "5": {"status": "PASS", "message": "", "test_name": "test_6_InputJenisKegiatanKerja", "rerun": "0"}, "6": {"status": "PASS", "message": "", "test_name": "test_7_namaKegiatan", "rerun": "0"}, "7": {"status": "PASS", "message": "", "test_name": "test_8_skalaKegiatan", "rerun": "0"}, "8": {"status": "PASS", "message": "", "test_name": "test_9_tanggalAwalKegiatan", "rerun": "0"}, "9": {"status": "PASS", "message": "", "test_name": "test_10_tanggalAkhirKegiatan", "rerun": "0"}, "10": {"status": "PASS", "message": "", "test_name": "test_12_lokasiKegiatan", "rerun": "0"}, "11": {"status": "PASS", "message": "", "test_name": "test_11_AreaKegiatan", "rerun": "0"}, "12": {"status": "PASS", "message": "", "test_name": "test_13_luas", "rerun": "0"}, "13": {"status": "PASS", "message": "", "test_name": "test_14_jumlahRuang", "rerun": "0"}, "14": {"status": "PASS", "message": "", "test_name": "test_15_sarana", "rerun": "0"}, "15": {"status": "FAIL", "message": "   selenium.common.exceptions.ElementClickInterceptedException: Message: element click intercepted: Element <input type=\"text\" class=\"el-select__input\" autocomplete=\"off\" style=\"margin-left: 11px; flex-grow: 1; width: 0.0154679%; max-width: 1283px;\"> is not clickable at point (947, 665). Other element would receive the click: <li class=\"el-select-dropdown__item\" id=\"sarana0\">...</li>\n     (Session info: chrome=112.0.5615.137)\n   Stacktrace:\n   0   chromedriver                        0x00000001004d8ae8 chromedriver + 4958952\n   1   chromedriver                        0x00000001004d07b3 chromedriver + 4925363\n   2   chromedriver                        0x00000001000921d6 chromedriver + 475606\n   3   chromedriver                        0x00000001000df321 chromedriver + 791329\n   4   chromedriver                        0x00000001000dc36e chromedriver + 779118\n   5   chromedriver                        0x00000001000d8fd4 chromedriver + 765908\n   6   chromedriver                        0x00000001000d79af chromedriver + 760239\n   7   chromedriver                        0x00000001000c8283 chromedriver + 696963\n   8   chromedriver                        0x00000001000fbc12 chromedriver + 908306\n   9   chromedriver                        0x00000001000c78f1 chromedriver + 694513\n   10  chromedriver                        0x00000001000fbdce chromedriver + 908750\n   11  chromedriver                        0x000000010011725b chromedriver + 1020507\n   12  chromedriver                        0x00000001000fb9e3 chromedriver + 907747\n   13  chromedriver                        0x00000001000c5aef chromedriver + 686831\n   14  chromedriver                        0x00000001000c700e chromedriver + 692238\n   15  chromedriver                        0x00000001004949ad chromedriver + 4680109\n   16  chromedriver                        0x0000000100499c12 chromedriver + 4701202\n   17  chromedriver                        0x00000001004a079f chromedriver + 4728735\n   18  chromedriver                        0x000000010049ab7a chromedriver + 4705146\n   19  chromedriver                        0x000000010046d27e chromedriver + 4518526\n   20  chromedriver                        0x00000001004ba908 chromedriver + 4835592\n   21  chromedriver                        0x00000001004baa87 chromedriver + 4835975\n   22  chromedriver                        0x00000001004ca00f chromedriver + 4898831\n   23  libsystem_pthread.dylib             0x00007ff80f4a71d3 _pthread_start + 125\n   24  libsystem_pthread.dylib             0x00007ff80f4a2bd3 thread_start + 15\n       assert False\n", "test_name": "test_16_prasarana", "rerun": "0"}, "16": {"status": "FAIL", "message": "           ConnectionRefusedError: [Errno 61] Connection refused\n       urllib3.exceptions.NewConnectionError: <urllib3.connection.HTTPConnection object at 0x117a9d370>: Failed to establish a new connection: [Errno 61] Connection refused\n       urllib3.exceptions.MaxRetryError: HTTPConnectionPool(host='localhost', port=62643): Max retries exceeded with url: /session/651cba9f2424e7887ab9bf9b205278e9/timeouts (Caused by NewConnectionError('<urllib3.connection.HTTPConnection object at 0x117a9d370>: Failed to establish a new connection: [Errno 61] Connection refused'))\n", "test_name": "test_17_mitra", "rerun": "0"}, "17": {"status": "FAIL", "message": "           ConnectionRefusedError: [Errno 61] Connection refused\n       urllib3.exceptions.NewConnectionError: <urllib3.connection.HTTPConnection object at 0x117d8bdc0>: Failed to establish a new connection: [Errno 61] Connection refused\n       urllib3.exceptions.MaxRetryError: HTTPConnectionPool(host='localhost', port=62643): Max retries exceeded with url: /session/651cba9f2424e7887ab9bf9b205278e9/timeouts (Caused by NewConnectionError('<urllib3.connection.HTTPConnection object at 0x117d8bdc0>: Failed to establish a new connection: [Errno 61] Connection refused'))\n", "test_name": "test_18_InputGambar", "rerun": "0"}, "18": {"status": "FAIL", "message": "           ConnectionRefusedError: [Errno 61] Connection refused\n       urllib3.exceptions.NewConnectionError: <urllib3.connection.HTTPConnection object at 0x117ebe220>: Failed to establish a new connection: [Errno 61] Connection refused\n       urllib3.exceptions.MaxRetryError: HTTPConnectionPool(host='localhost', port=62643): Max retries exceeded with url: /session/651cba9f2424e7887ab9bf9b205278e9/timeouts (Caused by NewConnectionError('<urllib3.connection.HTTPConnection object at 0x117ebe220>: Failed to establish a new connection: [Errno 61] Connection refused'))\n", "test_name": "test_19_Keterangan", "rerun": "0"}, "19": {"status": "FAIL", "message": "           ConnectionRefusedError: [Errno 61] Connection refused\n       urllib3.exceptions.NewConnectionError: <urllib3.connection.HTTPConnection object at 0x117ce7100>: Failed to establish a new connection: [Errno 61] Connection refused\n       urllib3.exceptions.MaxRetryError: HTTPConnectionPool(host='localhost', port=62643): Max retries exceeded with url: /session/651cba9f2424e7887ab9bf9b205278e9/window (Caused by NewConnectionError('<urllib3.connection.HTTPConnection object at 0x117ce7100>: Failed to establish a new connection: [Errno 61] Connection refused'))\n", "test_name": "test_32_exit", "rerun": "0"}}, "suite_name": "1.KegiatanKerja/Fungsional/test_GiatjaTambah.py"}}}, "date": "May 03, 2023", "start_time": 1683086065.1438122, "total_suite": 1, "status": "FAIL", "status_list": {"pass": "15", "fail": "5", "skip": "0", "error": "0", "xpass": "0", "xfail": "0", "rerun": "0"}, "total_tests": "20"}