{"content": {"suites": {"0": {"status": {"total_pass": 5, "total_skip": 0, "total_xpass": 0, "total_xfail": 0, "total_rerun": 0, "total_fail": 2, "total_error": 0}, "tests": {"0": {"status": "PASS", "message": "", "test_name": "test_1_SetupOs", "rerun": "0"}, "1": {"status": "PASS", "message": "", "test_name": "test_2_Login", "rerun": "0"}, "2": {"status": "PASS", "message": "", "test_name": "test_3_AksesMenu", "rerun": "0"}, "3": {"status": "PASS", "message": "", "test_name": "test_4_ClickButtonTambah", "rerun": "0"}, "4": {"status": "PASS", "message": "", "test_name": "test_5_InputBidangGiatja", "rerun": "0"}, "5": {"status": "FAIL", "message": "   selenium.common.exceptions.NoSuchElementException: Message: no such element: Unable to locate element: {\"method\":\"css selector\",\"selector\":\"[id=\"'jenisKegiatan6'\"]\"}\n     (Session info: chrome=112.0.5615.137)\n   Stacktrace:\n   0   chromedriver                        0x0000000100fd8ae8 chromedriver + 4958952\n   1   chromedriver                        0x0000000100fd07b3 chromedriver + 4925363\n   2   chromedriver                        0x0000000100b921d6 chromedriver + 475606\n   3   chromedriver                        0x0000000100bd5a20 chromedriver + 752160\n   4   chromedriver                        0x0000000100bd5c81 chromedriver + 752769\n   5   chromedriver                        0x0000000100c19f64 chromedriver + 1032036\n   6   chromedriver                        0x0000000100bfbc3d chromedriver + 908349\n   7   chromedriver                        0x0000000100c1725b chromedriver + 1020507\n   8   chromedriver                        0x0000000100bfb9e3 chromedriver + 907747\n   9   chromedriver                        0x0000000100bc5aef chromedriver + 686831\n   10  chromedriver                        0x0000000100bc700e chromedriver + 692238\n   11  chromedriver                        0x0000000100f949ad chromedriver + 4680109\n   12  chromedriver                        0x0000000100f99c12 chromedriver + 4701202\n   13  chromedriver                        0x0000000100fa079f chromedriver + 4728735\n   14  chromedriver                        0x0000000100f9ab7a chromedriver + 4705146\n   15  chromedriver                        0x0000000100f6d27e chromedriver + 4518526\n   16  chromedriver                        0x0000000100fba908 chromedriver + 4835592\n   17  chromedriver                        0x0000000100fbaa87 chromedriver + 4835975\n   18  chromedriver                        0x0000000100fca00f chromedriver + 4898831\n   19  libsystem_pthread.dylib             0x00007ff8161cb1d3 _pthread_start + 125\n   20  libsystem_pthread.dylib             0x00007ff8161c6bd3 thread_start + 15\n       assert False\n", "test_name": "test_6_InputJenisKegiatanKerja", "rerun": "0"}, "6": {"status": "FAIL", "message": "           ConnectionRefusedError: [Errno 61] Connection refused\n       urllib3.exceptions.NewConnectionError: <urllib3.connection.HTTPConnection object at 0x11fef5100>: Failed to establish a new connection: [Errno 61] Connection refused\n       urllib3.exceptions.MaxRetryError: HTTPConnectionPool(host='localhost', port=65056): Max retries exceeded with url: /session/3ea063932f5fa75141a15ee0279e9254/window (Caused by NewConnectionError('<urllib3.connection.HTTPConnection object at 0x11fef5100>: Failed to establish a new connection: [Errno 61] Connection refused'))\n", "test_name": "test_32_exit", "rerun": "0"}}, "suite_name": "1.KegiatanKerja/Fungsional/test_GiatjaTambah.py"}}}, "date": "May 02, 2023", "start_time": 1682999348.393135, "total_suite": 1, "status": "FAIL", "status_list": {"pass": "5", "fail": "2", "skip": "0", "error": "0", "xpass": "0", "xfail": "0", "rerun": "0"}, "total_tests": "7"}