{"content": {"suites": {"0": {"status": {"total_pass": 4, "total_skip": 0, "total_xpass": 0, "total_xfail": 0, "total_rerun": 0, "total_fail": 1, "total_error": 0}, "tests": {"0": {"status": "PASS", "message": "", "test_name": "test_SetupOs", "rerun": "0"}, "1": {"status": "PASS", "message": "", "test_name": "test_TC_GIATJA_001", "rerun": "0"}, "2": {"status": "PASS", "message": "", "test_name": "test_TC_GIATJA_006", "rerun": "0"}, "3": {"status": "FAIL", "message": "   selenium.common.exceptions.InvalidSelectorException: Message: invalid selector: An invalid or illegal selector was specified\n     (Session info: chrome=112.0.5615.137)\n   Stacktrace:\n   0   chromedriver                        0x0000000102d53ae8 chromedriver + 4958952\n   1   chromedriver                        0x0000000102d4b7b3 chromedriver + 4925363\n   2   chromedriver                        0x000000010290d1d6 chromedriver + 475606\n   3   chromedriver                        0x0000000102911274 chromedriver + 492148\n   4   chromedriver                        0x0000000102910e56 chromedriver + 491094\n   5   chromedriver                        0x00000001029112fc chromedriver + 492284\n   6   chromedriver                        0x000000010295063c chromedriver + 751164\n   7   chromedriver                        0x0000000102950c81 chromedriver + 752769\n   8   chromedriver                        0x0000000102994f64 chromedriver + 1032036\n   9   chromedriver                        0x0000000102976c3d chromedriver + 908349\n   10  chromedriver                        0x000000010299225b chromedriver + 1020507\n   11  chromedriver                        0x00000001029769e3 chromedriver + 907747\n   12  chromedriver                        0x0000000102940aef chromedriver + 686831\n   13  chromedriver                        0x000000010294200e chromedriver + 692238\n   14  chromedriver                        0x0000000102d0f9ad chromedriver + 4680109\n   15  chromedriver                        0x0000000102d14c12 chromedriver + 4701202\n   16  chromedriver                        0x0000000102d1b79f chromedriver + 4728735\n   17  chromedriver                        0x0000000102d15b7a chromedriver + 4705146\n   18  chromedriver                        0x0000000102ce827e chromedriver + 4518526\n   19  chromedriver                        0x0000000102d35908 chromedriver + 4835592\n   20  chromedriver                        0x0000000102d35a87 chromedriver + 4835975\n   21  chromedriver                        0x0000000102d4500f chromedriver + 4898831\n   22  libsystem_pthread.dylib             0x00007ff80f4a71d3 _pthread_start + 125\n   23  libsystem_pthread.dylib             0x00007ff80f4a2bd3 thread_start + 15\n", "test_name": "test_4_TC_GIATJA_007", "rerun": "0"}, "4": {"status": "PASS", "message": "", "test_name": "test_32_exit", "rerun": "0"}}, "suite_name": "1.KegiatanKerja/Fungsional/test_GiatjaTambah.py"}}}, "date": "May 03, 2023", "start_time": 1683099197.3684192, "total_suite": 1, "status": "FAIL", "status_list": {"pass": "4", "fail": "1", "skip": "0", "error": "0", "xpass": "0", "xfail": "0", "rerun": "0"}, "total_tests": "5"}