{"content": {"suites": {"0": {"status": {"total_pass": 5, "total_skip": 0, "total_xpass": 0, "total_xfail": 0, "total_rerun": 0, "total_fail": 1, "total_error": 0}, "tests": {"0": {"status": "PASS", "message": "", "test_name": "test_SetupOs", "rerun": "0"}, "1": {"status": "PASS", "message": "", "test_name": "test_TC_GIATJA_001", "rerun": "0"}, "2": {"status": "PASS", "message": "", "test_name": "test_TC_GIATJA_002", "rerun": "0"}, "3": {"status": "PASS", "message": "", "test_name": "test_TC_GIATJA_005", "rerun": "0"}, "4": {"status": "FAIL", "message": "   selenium.common.exceptions.ElementClickInterceptedException: Message: element click intercepted: Element <button class=\"el-button el-button--default is-plain border-2 text-light-blue-900 !hover:text-light-blue-600 border-light-blue-900 !hover:border-light-blue-600\" type=\"submit\" id=\"submitButton\">...</button> is not clickable at point (1576, 831). Other element would receive the click: <div class=\"el-loading-mask\" style=\"\">...</div>\n     (Session info: chrome=112.0.5615.137)\n   Stacktrace:\n   0   chromedriver                        0x00000001012dfae8 chromedriver + 4958952\n   1   chromedriver                        0x00000001012d77b3 chromedriver + 4925363\n   2   chromedriver                        0x0000000100e991d6 chromedriver + 475606\n   3   chromedriver                        0x0000000100ee6321 chromedriver + 791329\n   4   chromedriver                        0x0000000100ee336e chromedriver + 779118\n   5   chromedriver                        0x0000000100edffd4 chromedriver + 765908\n   6   chromedriver                        0x0000000100ede9af chromedriver + 760239\n   7   chromedriver                        0x0000000100ecf283 chromedriver + 696963\n   8   chromedriver                        0x0000000100f02c12 chromedriver + 908306\n   9   chromedriver                        0x0000000100ece8f1 chromedriver + 694513\n   10  chromedriver                        0x0000000100f02dce chromedriver + 908750\n   11  chromedriver                        0x0000000100f1e25b chromedriver + 1020507\n   12  chromedriver                        0x0000000100f029e3 chromedriver + 907747\n   13  chromedriver                        0x0000000100eccaef chromedriver + 686831\n   14  chromedriver                        0x0000000100ece00e chromedriver + 692238\n   15  chromedriver                        0x000000010129b9ad chromedriver + 4680109\n   16  chromedriver                        0x00000001012a0c12 chromedriver + 4701202\n   17  chromedriver                        0x00000001012a779f chromedriver + 4728735\n   18  chromedriver                        0x00000001012a1b7a chromedriver + 4705146\n   19  chromedriver                        0x000000010127427e chromedriver + 4518526\n   20  chromedriver                        0x00000001012c1908 chromedriver + 4835592\n   21  chromedriver                        0x00000001012c1a87 chromedriver + 4835975\n   22  chromedriver                        0x00000001012d100f chromedriver + 4898831\n   23  libsystem_pthread.dylib             0x00007ff80f4a71d3 _pthread_start + 125\n   24  libsystem_pthread.dylib             0x00007ff80f4a2bd3 thread_start + 15\n", "test_name": "test_TC_GIATJA_006", "rerun": "0"}, "5": {"status": "PASS", "message": "", "test_name": "test_exit", "rerun": "0"}}, "suite_name": "1.KegiatanKerja/Fungsional/test_GiatjaTambah.py"}}}, "date": "May 03, 2023", "start_time": 1683103346.097625, "total_suite": 1, "status": "FAIL", "status_list": {"pass": "5", "fail": "1", "skip": "0", "error": "0", "xpass": "0", "xfail": "0", "rerun": "0"}, "total_tests": "6"}