{"content": {"suites": {"0": {"status": {"total_pass": 5, "total_skip": 0, "total_xpass": 0, "total_xfail": 0, "total_rerun": 0, "total_fail": 2, "total_error": 0}, "tests": {"0": {"status": "PASS", "message": "", "test_name": "test_1_SetupOs", "rerun": "0"}, "1": {"status": "PASS", "message": "", "test_name": "test_2_Login", "rerun": "0"}, "2": {"status": "PASS", "message": "", "test_name": "test_3_AksesMenu", "rerun": "0"}, "3": {"status": "PASS", "message": "", "test_name": "test_4_ClickButtonTambah", "rerun": "0"}, "4": {"status": "PASS", "message": "", "test_name": "test_5_InputBidangGiatja", "rerun": "0"}, "5": {"status": "FAIL", "message": "   selenium.common.exceptions.ElementClickInterceptedException: Message: element click intercepted: Element <li class=\"el-select-dropdown__item\" id=\"jenisKegiatan8\">...</li> is not clickable at point (1186, 467). Other element would receive the click: <input class=\"el-input__inner\" id=\"tanggalAkhirKegiatan\" name=\"\" type=\"text\" autocomplete=\"off\" placeholder=\"Pilih Tanggal Akhir Kegiatan\">\n     (Session info: chrome=112.0.5615.137)\n   Stacktrace:\n   0   chromedriver                        0x00000001013f3ae8 chromedriver + 4958952\n   1   chromedriver                        0x00000001013eb7b3 chromedriver + 4925363\n   2   chromedriver                        0x0000000100fad1d6 chromedriver + 475606\n   3   chromedriver                        0x0000000100ffa321 chromedriver + 791329\n   4   chromedriver                        0x0000000100ff736e chromedriver + 779118\n   5   chromedriver                        0x0000000100ff3fd4 chromedriver + 765908\n   6   chromedriver                        0x0000000100ff29af chromedriver + 760239\n   7   chromedriver                        0x0000000100fe3283 chromedriver + 696963\n   8   chromedriver                        0x0000000101016c12 chromedriver + 908306\n   9   chromedriver                        0x0000000100fe28f1 chromedriver + 694513\n   10  chromedriver                        0x0000000101016dce chromedriver + 908750\n   11  chromedriver                        0x000000010103225b chromedriver + 1020507\n   12  chromedriver                        0x00000001010169e3 chromedriver + 907747\n   13  chromedriver                        0x0000000100fe0aef chromedriver + 686831\n   14  chromedriver                        0x0000000100fe200e chromedriver + 692238\n   15  chromedriver                        0x00000001013af9ad chromedriver + 4680109\n   16  chromedriver                        0x00000001013b4c12 chromedriver + 4701202\n   17  chromedriver                        0x00000001013bb79f chromedriver + 4728735\n   18  chromedriver                        0x00000001013b5b7a chromedriver + 4705146\n   19  chromedriver                        0x000000010138827e chromedriver + 4518526\n   20  chromedriver                        0x00000001013d5908 chromedriver + 4835592\n   21  chromedriver                        0x00000001013d5a87 chromedriver + 4835975\n   22  chromedriver                        0x00000001013e500f chromedriver + 4898831\n   23  libsystem_pthread.dylib             0x00007ff8161cb1d3 _pthread_start + 125\n   24  libsystem_pthread.dylib             0x00007ff8161c6bd3 thread_start + 15\n       assert False\n", "test_name": "test_6_InputJenisKegiatanKerja", "rerun": "0"}, "6": {"status": "FAIL", "message": "           ConnectionRefusedError: [Errno 61] Connection refused\n       urllib3.exceptions.NewConnectionError: <urllib3.connection.HTTPConnection object at 0x11b363e50>: Failed to establish a new connection: [Errno 61] Connection refused\n       urllib3.exceptions.MaxRetryError: HTTPConnectionPool(host='localhost', port=50823): Max retries exceeded with url: /session/ac6e968aab21101c32bfd167c8cebfec/window (Caused by NewConnectionError('<urllib3.connection.HTTPConnection object at 0x11b363e50>: Failed to establish a new connection: [Errno 61] Connection refused'))\n", "test_name": "test_32_exit", "rerun": "0"}}, "suite_name": "1.KegiatanKerja/Fungsional/test_GiatjaTambah.py"}}}, "date": "May 02, 2023", "start_time": 1682999708.718221, "total_suite": 1, "status": "FAIL", "status_list": {"pass": "5", "fail": "2", "skip": "0", "error": "0", "xpass": "0", "xfail": "0", "rerun": "0"}, "total_tests": "7"}