{"content": {"suites": {"0": {"status": {"total_pass": 4, "total_skip": 0, "total_xpass": 0, "total_xfail": 0, "total_rerun": 0, "total_fail": 2, "total_error": 0}, "tests": {"0": {"status": "PASS", "message": "", "test_name": "test_1_SetupOs", "rerun": "0"}, "1": {"status": "PASS", "message": "", "test_name": "test_2_Login", "rerun": "0"}, "2": {"status": "PASS", "message": "", "test_name": "test_3_AksesMenu", "rerun": "0"}, "3": {"status": "PASS", "message": "", "test_name": "test_4_ClickButtonTambah", "rerun": "0"}, "4": {"status": "FAIL", "message": "   selenium.common.exceptions.ElementNotInteractableException: Message: element not interactable\n     (Session info: chrome=112.0.5615.137)\n   Stacktrace:\n   0   chromedriver                        0x000000010468fae8 chromedriver + 4958952\n   1   chromedriver                        0x00000001046877b3 chromedriver + 4925363\n   2   chromedriver                        0x0000000104249051 chromedriver + 475217\n   3   chromedriver                        0x000000010428e2e8 chromedriver + 758504\n   4   chromedriver                        0x000000010427f283 chromedriver + 696963\n   5   chromedriver                        0x00000001042b2c12 chromedriver + 908306\n   6   chromedriver                        0x000000010427e8f1 chromedriver + 694513\n   7   chromedriver                        0x00000001042b2dce chromedriver + 908750\n   8   chromedriver                        0x00000001042ce25b chromedriver + 1020507\n   9   chromedriver                        0x00000001042b29e3 chromedriver + 907747\n   10  chromedriver                        0x000000010427caef chromedriver + 686831\n   11  chromedriver                        0x000000010427e00e chromedriver + 692238\n   12  chromedriver                        0x000000010464b9ad chromedriver + 4680109\n   13  chromedriver                        0x0000000104650c12 chromedriver + 4701202\n   14  chromedriver                        0x000000010465779f chromedriver + 4728735\n   15  chromedriver                        0x0000000104651b7a chromedriver + 4705146\n   16  chromedriver                        0x000000010462427e chromedriver + 4518526\n   17  chromedriver                        0x0000000104671908 chromedriver + 4835592\n   18  chromedriver                        0x0000000104671a87 chromedriver + 4835975\n   19  chromedriver                        0x000000010468100f chromedriver + 4898831\n   20  libsystem_pthread.dylib             0x00007ff8161cb1d3 _pthread_start + 125\n   21  libsystem_pthread.dylib             0x00007ff8161c6bd3 thread_start + 15\n       assert False\n", "test_name": "test_5_InputBidangGiatja", "rerun": "0"}, "5": {"status": "FAIL", "message": "           ConnectionRefusedError: [Errno 61] Connection refused\n       urllib3.exceptions.NewConnectionError: <urllib3.connection.HTTPConnection object at 0x12e748340>: Failed to establish a new connection: [Errno 61] Connection refused\n       urllib3.exceptions.MaxRetryError: HTTPConnectionPool(host='localhost', port=60312): Max retries exceeded with url: /session/91b1e13e9de1d4a2a9363513a0b05063/window (Caused by NewConnectionError('<urllib3.connection.HTTPConnection object at 0x12e748340>: Failed to establish a new connection: [Errno 61] Connection refused'))\n", "test_name": "test_32_exit", "rerun": "0"}}, "suite_name": "1.KegiatanKerja/Fungsional/test_GiatjaTambah.py"}}}, "date": "May 02, 2023", "start_time": 1682997072.3989692, "total_suite": 1, "status": "FAIL", "status_list": {"pass": "4", "fail": "2", "skip": "0", "error": "0", "xpass": "0", "xfail": "0", "rerun": "0"}, "total_tests": "6"}