{"content": {"suites": {"0": {"status": {"total_pass": 4, "total_skip": 0, "total_xpass": 0, "total_xfail": 0, "total_rerun": 0, "total_fail": 1, "total_error": 0}, "tests": {"0": {"status": "PASS", "message": "", "test_name": "test_SetupOs", "rerun": "0"}, "1": {"status": "PASS", "message": "", "test_name": "test_TC_GIATJA_001", "rerun": "0"}, "2": {"status": "PASS", "message": "", "test_name": "test_TC_GIATJA_002", "rerun": "0"}, "3": {"status": "FAIL", "message": "   selenium.common.exceptions.ElementClickInterceptedException: Message: element click intercepted: Element <path d=\"M4 4a2 2 0 012-2h4.586A2 2 0 0112 2.586L15.414 6A2 2 0 0116 7.414V16a2 2 0 01-2 2h-1.528A6 6 0 004 9.528V4z\"></path> is not clickable at point (1525, 497). Other element would receive the click: <div class=\"el-loading-mask\" style=\"\">...</div>\n     (Session info: chrome=112.0.5615.137)\n   Stacktrace:\n   0   chromedriver                        0x0000000103204ae8 chromedriver + 4958952\n   1   chromedriver                        0x00000001031fc7b3 chromedriver + 4925363\n   2   chromedriver                        0x0000000102dbe1d6 chromedriver + 475606\n   3   chromedriver                        0x0000000102e0b321 chromedriver + 791329\n   4   chromedriver                        0x0000000102e0836e chromedriver + 779118\n   5   chromedriver                        0x0000000102e04fd4 chromedriver + 765908\n   6   chromedriver                        0x0000000102e039af chromedriver + 760239\n   7   chromedriver                        0x0000000102df4283 chromedriver + 696963\n   8   chromedriver                        0x0000000102e27c12 chromedriver + 908306\n   9   chromedriver                        0x0000000102df38f1 chromedriver + 694513\n   10  chromedriver                        0x0000000102e27dce chromedriver + 908750\n   11  chromedriver                        0x0000000102e4325b chromedriver + 1020507\n   12  chromedriver                        0x0000000102e279e3 chromedriver + 907747\n   13  chromedriver                        0x0000000102df1aef chromedriver + 686831\n   14  chromedriver                        0x0000000102df300e chromedriver + 692238\n   15  chromedriver                        0x00000001031c09ad chromedriver + 4680109\n   16  chromedriver                        0x00000001031c5c12 chromedriver + 4701202\n   17  chromedriver                        0x00000001031cc79f chromedriver + 4728735\n   18  chromedriver                        0x00000001031c6b7a chromedriver + 4705146\n   19  chromedriver                        0x000000010319927e chromedriver + 4518526\n   20  chromedriver                        0x00000001031e6908 chromedriver + 4835592\n   21  chromedriver                        0x00000001031e6a87 chromedriver + 4835975\n   22  chromedriver                        0x00000001031f600f chromedriver + 4898831\n   23  libsystem_pthread.dylib             0x00007ff80f4a71d3 _pthread_start + 125\n   24  libsystem_pthread.dylib             0x00007ff80f4a2bd3 thread_start + 15\n", "test_name": "test_TC_GIATJA_004", "rerun": "0"}, "4": {"status": "PASS", "message": "", "test_name": "test_exit", "rerun": "0"}}, "suite_name": "1.KegiatanKerja/Fungsional/test_GiatjaTambah.py"}}}, "date": "May 03, 2023", "start_time": 1683101430.49232, "total_suite": 1, "status": "FAIL", "status_list": {"pass": "4", "fail": "1", "skip": "0", "error": "0", "xpass": "0", "xfail": "0", "rerun": "0"}, "total_tests": "5"}