{"content": {"suites": {"0": {"status": {"total_pass": 2, "total_skip": 0, "total_xpass": 0, "total_xfail": 0, "total_rerun": 0, "total_fail": 1, "total_error": 0}, "tests": {"0": {"status": "PASS", "message": "", "test_name": "test_1_setupOS", "rerun": "0"}, "1": {"status": "PASS", "message": "", "test_name": "test_2_login", "rerun": "0"}, "2": {"status": "FAIL", "message": "   selenium.common.exceptions.ElementNotInteractableException: Message: element not interactable: [object HTMLDivElement] has no size and location\n     (Session info: chrome=111.0.5563.146)\n   Stacktrace:\n   0   chromedriver                        0x000000010339d1c0 chromedriver + 4248000\n   1   chromedriver                        0x000000010331ddc0 chromedriver + 3726784\n   2   chromedriver                        0x0000000102fd2ec4 chromedriver + 274116\n   3   chromedriver                        0x0000000102fd68d0 chromedriver + 288976\n   4   chromedriver                        0x0000000102fd657c chromedriver + 288124\n   5   chromedriver                        0x0000000102fd6978 chromedriver + 289144\n   6   chromedriver                        0x0000000103015714 chromedriver + 546580\n   7   chromedriver                        0x0000000103014b5c chromedriver + 543580\n   8   chromedriver                        0x0000000103052e20 chromedriver + 798240\n   9   chromedriver                        0x000000010304a054 chromedriver + 761940\n   10  chromedriver                        0x0000000103001200 chromedriver + 463360\n   11  chromedriver                        0x0000000103002318 chromedriver + 467736\n   12  chromedriver                        0x000000010336b060 chromedriver + 4042848\n   13  chromedriver                        0x000000010336f8a4 chromedriver + 4061348\n   14  chromedriver                        0x00000001033773d0 chromedriver + 4092880\n   15  chromedriver                        0x00000001033706e4 chromedriver + 4064996\n   16  chromedriver                        0x00000001033460fc chromedriver + 3891452\n   17  chromedriver                        0x0000000103390a64 chromedriver + 4196964\n   18  chromedriver                        0x0000000103390bb8 chromedriver + 4197304\n   19  chromedriver                        0x00000001033a4650 chromedriver + 4277840\n   20  libsystem_pthread.dylib             0x00000001840da06c _pthread_start + 148\n   21  libsystem_pthread.dylib             0x00000001840d4e2c thread_start + 8\n", "test_name": "test_3_AksesMenu_Registrasi", "rerun": "0"}}, "suite_name": "test_registrasi_fungsi.py"}}}, "date": "March 30, 2023", "start_time": 1680163726.282612, "total_suite": 1, "status": "FAIL", "status_list": {"pass": "2", "fail": "1", "skip": "0", "error": "0", "xpass": "0", "xfail": "0", "rerun": "0"}, "total_tests": "3"}