{"content": {"suites": {"0": {"status": {"total_pass": 40, "total_skip": 0, "total_xpass": 0, "total_xfail": 0, "total_rerun": 0, "total_fail": 0, "total_error": 0}, "tests": {"0": {"status": "PASS", "message": "", "test_name": "test_1_setupOS", "rerun": "0"}, "1": {"status": "PASS", "message": "", "test_name": "test_2_login", "rerun": "0"}, "2": {"status": "PASS", "message": "", "test_name": "test_3_AksesMenu_Registrasi", "rerun": "0"}, "3": {"status": "PASS", "message": "", "test_name": "test_4_ButtonRegistrasi", "rerun": "0"}, "4": {"status": "PASS", "message": "", "test_name": "test_5_PilihJenisReg", "rerun": "0"}, "5": {"status": "PASS", "message": "", "test_name": "test_6_SearchNoregWBP", "rerun": "0"}, "6": {"status": "PASS", "message": "", "test_name": "test_7_ClickDataWbp", "rerun": "0"}, "7": {"status": "PASS", "message": "", "test_name": "test_8_SearchWbp", "rerun": "0"}, "8": {"status": "PASS", "message": "", "test_name": "test_9_ClosePopUp", "rerun": "0"}, "9": {"status": "PASS", "message": "", "test_name": "test_10_InputNoreg", "rerun": "0"}, "10": {"status": "PASS", "message": "", "test_name": "test_11_InputTglSurat", "rerun": "0"}, "11": {"status": "PASS", "message": "", "test_name": "test_12_InputSrtPenahanan", "rerun": "0"}, "12": {"status": "PASS", "message": "", "test_name": "test_13_inputNamaPtgs", "rerun": "0"}, "13": {"status": "PASS", "message": "", "test_name": "test_13_PilihKejaksaan", "rerun": "0"}, "14": {"status": "PASS", "message": "", "test_name": "test_14_PilihAsalInstanasi", "rerun": "0"}, "15": {"status": "PASS", "message": "", "test_name": "test_15_PilihInstansiPenyidik", "rerun": "0"}, "16": {"status": "PASS", "message": "", "test_name": "test_16_InputLokasiDOkumen", "rerun": "0"}, "17": {"status": "PASS", "message": "", "test_name": "test_17_InputAsalTahanan", "rerun": "0"}, "18": {"status": "PASS", "message": "", "test_name": "test_18_InputAsalKepolisian", "rerun": "0"}, "19": {"status": "PASS", "message": "", "test_name": "test_19_InputTanggalPenangkapan", "rerun": "0"}, "20": {"status": "PASS", "message": "", "test_name": "test_20_InputTanggalBA8", "rerun": "0"}, "21": {"status": "PASS", "message": "", "test_name": "test_21_InputTglPtsnAkhir", "rerun": "0"}, "22": {"status": "PASS", "message": "", "test_name": "test_22_InputJenisPutusan", "rerun": "0"}, "23": {"status": "PASS", "message": "", "test_name": "test_23_InputTglMenjalaniPencabutanPB", "rerun": "0"}, "24": {"status": "PASS", "message": "", "test_name": "test_24_ClickTabPerkara", "rerun": "0"}, "25": {"status": "PASS", "message": "", "test_name": "test_25_InputKejahatanUtama", "rerun": "0"}, "26": {"status": "PASS", "message": "", "test_name": "test_26_InputPasalUtama", "rerun": "0"}, "27": {"status": "PASS", "message": "", "test_name": "test_27_InputKejahatan", "rerun": "0"}, "28": {"status": "PASS", "message": "", "test_name": "test_28_InputTempatKejadian", "rerun": "0"}, "29": {"status": "PASS", "message": "", "test_name": "test_29_InputTanggalPutusanAkhir", "rerun": "0"}, "30": {"status": "PASS", "message": "", "test_name": "test_30_InputNomorPutusan", "rerun": "0"}, "31": {"status": "PASS", "message": "", "test_name": "test_31_InputPasal", "rerun": "0"}, "32": {"status": "PASS", "message": "", "test_name": "test_31_InputNamaHakimKetua", "rerun": "0"}, "33": {"status": "PASS", "message": "", "test_name": "test_32_InputNamaHakimAnggota1", "rerun": "0"}, "34": {"status": "PASS", "message": "", "test_name": "test_33_InputHakimAnggota2", "rerun": "0"}, "35": {"status": "PASS", "message": "", "test_name": "test_34_InputPanitera", "rerun": "0"}, "36": {"status": "PASS", "message": "", "test_name": "test_35_InputNamaJaksa", "rerun": "0"}, "37": {"status": "PASS", "message": "", "test_name": "test_36_InputPengadilan", "rerun": "0"}, "38": {"status": "PASS", "message": "", "test_name": "test_37_TglDijalnkanPutusan", "rerun": "0"}, "39": {"status": "PASS", "message": "", "test_name": "test_38_Inputtersangka", "rerun": "0"}}, "suite_name": "test_registrasi_fungsi.py"}}}, "date": "March 30, 2023", "start_time": 1680163852.996166, "total_suite": 1, "status": "PASS", "status_list": {"pass": "40", "fail": "0", "skip": "0", "error": "0", "xpass": "0", "xfail": "0", "rerun": "0"}, "total_tests": "40"}