{"content": {"suites": {"0": {"status": {"total_pass": 6, "total_skip": 0, "total_xpass": 0, "total_xfail": 0, "total_rerun": 0, "total_fail": 0, "total_error": 0}, "tests": {"0": {"status": "PASS", "message": "", "test_name": "test_1_setupOS", "rerun": "0"}, "1": {"status": "PASS", "message": "", "test_name": "test_2_login", "rerun": "0"}, "2": {"status": "PASS", "message": "", "test_name": "test_3_AksesMenu_Registrasi", "rerun": "0"}, "3": {"status": "PASS", "message": "", "test_name": "test_4_ButtonRegistrasi", "rerun": "0"}, "4": {"status": "PASS", "message": "", "test_name": "test_5_PilihJenisReg", "rerun": "0"}, "5": {"status": "PASS", "message": "", "test_name": "test_6_SearchNoregWBP", "rerun": "0"}}, "suite_name": "test_registrasi_fungsi.py"}}}, "date": "March 30, 2023", "start_time": 1680163574.9325628, "total_suite": 1, "status": "PASS", "status_list": {"pass": "6", "fail": "0", "skip": "0", "error": "0", "xpass": "0", "xfail": "0", "rerun": "0"}, "total_tests": "6"}