{"content": {"suites": {"0": {"status": {"total_pass": 5, "total_skip": 0, "total_xpass": 0, "total_xfail": 0, "total_rerun": 0, "total_fail": 2, "total_error": 0}, "tests": {"0": {"status": "PASS", "message": "", "test_name": "test_18_loginKanwil", "rerun": "0"}, "1": {"status": "PASS", "message": "", "test_name": "test_19_AksesMenuSpv", "rerun": "0"}, "2": {"status": "PASS", "message": "", "test_name": "test_20_VerifikasiLaporanKanwil", "rerun": "0"}, "3": {"status": "PASS", "message": "", "test_name": "test_21_ClickButtonSearch", "rerun": "0"}, "4": {"status": "PASS", "message": "", "test_name": "test_22_ClickButtonVerifikasi", "rerun": "0"}, "5": {"status": "FAIL", "message": "   selenium.common.exceptions.ElementClickInterceptedException: Message: element click intercepted: Element <input class=\"el-input__inner\" id=\"statusVerifikasiModal\" type=\"text\" readonly=\"\" autocomplete=\"off\" placeholder=\"Masukkan Status Verifikasi\"> is not clickable at point (1114, 311). Other element would receive the click: <div class=\"el-loading-mask\" style=\"\">...</div>\n     (Session info: chrome=112.0.5615.137)\n   Stacktrace:\n   0   chromedriver                        0x0000000100f16ae8 chromedriver + 4958952\n   1   chromedriver                        0x0000000100f0e7b3 chromedriver + 4925363\n   2   chromedriver                        0x0000000100ad01d6 chromedriver + 475606\n   3   chromedriver                        0x0000000100b1d321 chromedriver + 791329\n   4   chromedriver                        0x0000000100b1a36e chromedriver + 779118\n   5   chromedriver                        0x0000000100b16fd4 chromedriver + 765908\n   6   chromedriver                        0x0000000100b159af chromedriver + 760239\n   7   chromedriver                        0x0000000100b06283 chromedriver + 696963\n   8   chromedriver                        0x0000000100b39c12 chromedriver + 908306\n   9   chromedriver                        0x0000000100b058f1 chromedriver + 694513\n   10  chromedriver                        0x0000000100b39dce chromedriver + 908750\n   11  chromedriver                        0x0000000100b5525b chromedriver + 1020507\n   12  chromedriver                        0x0000000100b399e3 chromedriver + 907747\n   13  chromedriver                        0x0000000100b03aef chromedriver + 686831\n   14  chromedriver                        0x0000000100b0500e chromedriver + 692238\n   15  chromedriver                        0x0000000100ed29ad chromedriver + 4680109\n   16  chromedriver                        0x0000000100ed7c12 chromedriver + 4701202\n   17  chromedriver                        0x0000000100ede79f chromedriver + 4728735\n   18  chromedriver                        0x0000000100ed8b7a chromedriver + 4705146\n   19  chromedriver                        0x0000000100eab27e chromedriver + 4518526\n   20  chromedriver                        0x0000000100ef8908 chromedriver + 4835592\n   21  chromedriver                        0x0000000100ef8a87 chromedriver + 4835975\n   22  chromedriver                        0x0000000100f0800f chromedriver + 4898831\n   23  libsystem_pthread.dylib             0x00007ff803d171d3 _pthread_start + 125\n   24  libsystem_pthread.dylib             0x00007ff803d12bd3 thread_start + 15\n       assert False\n", "test_name": "test_23_StatusVerifikasiModal", "rerun": "0"}, "6": {"status": "FAIL", "message": "           ConnectionRefusedError: [Errno 61] Connection refused\n       urllib3.exceptions.NewConnectionError: <urllib3.connection.HTTPConnection object at 0x11a7962b0>: Failed to establish a new connection: [Errno 61] Connection refused\n       urllib3.exceptions.MaxRetryError: HTTPConnectionPool(host='localhost', port=63178): Max retries exceeded with url: /session/f86f1e24b33ad01fc88c4e487e2ffd0f/window (Caused by NewConnectionError('<urllib3.connection.HTTPConnection object at 0x11a7962b0>: Failed to establish a new connection: [Errno 61] Connection refused'))\n", "test_name": "test_32s_exit", "rerun": "0"}}, "suite_name": "4LaporanBulanan/11.Laporan8A/Fungsional/test_Laporan8A.py"}}}, "date": "April 26, 2023", "start_time": 1682484146.80555, "total_suite": 1, "status": "FAIL", "status_list": {"pass": "5", "fail": "2", "skip": "0", "error": "0", "xpass": "0", "xfail": "0", "rerun": "0"}, "total_tests": "7"}