{"content": {"suites": {"0": {"status": {"total_pass": 22, "total_skip": 0, "total_xpass": 0, "total_xfail": 0, "total_rerun": 0, "total_fail": 4, "total_error": 0}, "tests": {"0": {"status": "PASS", "message": "", "test_name": "test_1_SetupOs", "rerun": "0"}, "1": {"status": "PASS", "message": "", "test_name": "test_2_Login", "rerun": "0"}, "2": {"status": "PASS", "message": "", "test_name": "test_3_AksesMenu", "rerun": "0"}, "3": {"status": "PASS", "message": "", "test_name": "test_4_ClickButtonTambah", "rerun": "0"}, "4": {"status": "PASS", "message": "", "test_name": "test_5_NamaInput", "rerun": "0"}, "5": {"status": "PASS", "message": "", "test_name": "test_6_KronologisKejadianFkr", "rerun": "0"}, "6": {"status": "PASS", "message": "", "test_name": "test_7_TanggalPemberianBantuanHukumFkr", "rerun": "0"}, "7": {"status": "PASS", "message": "", "test_name": "test_8_MelanggarPeraturanPerundangundanganFkr", "rerun": "0"}, "8": {"status": "PASS", "message": "", "test_name": "test_9_PemberiBantuanHukumFkr", "rerun": "0"}, "9": {"status": "PASS", "message": "", "test_name": "test_10_PertimbanganHukumFkr", "rerun": "0"}, "10": {"status": "PASS", "message": "", "test_name": "test_11_PutusanPengadilanFkr", "rerun": "0"}, "11": {"status": "PASS", "message": "", "test_name": "test_12_KeteranganFkr", "rerun": "0"}, "12": {"status": "PASS", "message": "", "test_name": "test_13_ClickButtonSimpan", "rerun": "0"}, "13": {"status": "PASS", "message": "", "test_name": "test_14_SetupOs", "rerun": "0"}, "14": {"status": "PASS", "message": "", "test_name": "test_15_LoginSPV", "rerun": "0"}, "15": {"status": "PASS", "message": "", "test_name": "test_16_AksesMenuSpv", "rerun": "0"}, "16": {"status": "PASS", "message": "", "test_name": "test_17_KirimLaporanSpv", "rerun": "0"}, "17": {"status": "PASS", "message": "", "test_name": "test_18_loginKanwil", "rerun": "0"}, "18": {"status": "PASS", "message": "", "test_name": "test_19_AksesMenuSpv", "rerun": "0"}, "19": {"status": "PASS", "message": "", "test_name": "test_20_VerifikasiLaporanKanwil", "rerun": "0"}, "20": {"status": "PASS", "message": "", "test_name": "test_21_ClickButtonSearch", "rerun": "0"}, "21": {"status": "PASS", "message": "", "test_name": "test_22_ClickButtonVerifikasi", "rerun": "0"}, "22": {"status": "FAIL", "message": "   selenium.common.exceptions.ElementClickInterceptedException: Message: element click intercepted: Element <input class=\"el-input__inner\" id=\"statusVerifikasiModal\" type=\"text\" readonly=\"\" autocomplete=\"off\" placeholder=\"Masukkan Status Verifikasi\"> is not clickable at point (1114, 311). Other element would receive the click: <div class=\"el-loading-mask\" style=\"\">...</div>\n     (Session info: chrome=112.0.5615.137)\n   Stacktrace:\n   0   chromedriver                        0x0000000102fabae8 chromedriver + 4958952\n   1   chromedriver                        0x0000000102fa37b3 chromedriver + 4925363\n   2   chromedriver                        0x0000000102b651d6 chromedriver + 475606\n   3   chromedriver                        0x0000000102bb2321 chromedriver + 791329\n   4   chromedriver                        0x0000000102baf36e chromedriver + 779118\n   5   chromedriver                        0x0000000102babfd4 chromedriver + 765908\n   6   chromedriver                        0x0000000102baa9af chromedriver + 760239\n   7   chromedriver                        0x0000000102b9b283 chromedriver + 696963\n   8   chromedriver                        0x0000000102bcec12 chromedriver + 908306\n   9   chromedriver                        0x0000000102b9a8f1 chromedriver + 694513\n   10  chromedriver                        0x0000000102bcedce chromedriver + 908750\n   11  chromedriver                        0x0000000102bea25b chromedriver + 1020507\n   12  chromedriver                        0x0000000102bce9e3 chromedriver + 907747\n   13  chromedriver                        0x0000000102b98aef chromedriver + 686831\n   14  chromedriver                        0x0000000102b9a00e chromedriver + 692238\n   15  chromedriver                        0x0000000102f679ad chromedriver + 4680109\n   16  chromedriver                        0x0000000102f6cc12 chromedriver + 4701202\n   17  chromedriver                        0x0000000102f7379f chromedriver + 4728735\n   18  chromedriver                        0x0000000102f6db7a chromedriver + 4705146\n   19  chromedriver                        0x0000000102f4027e chromedriver + 4518526\n   20  chromedriver                        0x0000000102f8d908 chromedriver + 4835592\n   21  chromedriver                        0x0000000102f8da87 chromedriver + 4835975\n   22  chromedriver                        0x0000000102f9d00f chromedriver + 4898831\n   23  libsystem_pthread.dylib             0x00007ff803d171d3 _pthread_start + 125\n   24  libsystem_pthread.dylib             0x00007ff803d12bd3 thread_start + 15\n       assert False\n", "test_name": "test_23_StatusVerifikasiModal", "rerun": "0"}, "23": {"status": "FAIL", "message": "           ConnectionRefusedError: [Errno 61] Connection refused\n       urllib3.exceptions.NewConnectionError: <urllib3.connection.HTTPConnection object at 0x1502f8190>: Failed to establish a new connection: [Errno 61] Connection refused\n       urllib3.exceptions.MaxRetryError: HTTPConnectionPool(host='localhost', port=61618): Max retries exceeded with url: /session/dc5e766e8c562fbd3a6facc01eb8cc55/timeouts (Caused by NewConnectionError('<urllib3.connection.HTTPConnection object at 0x1502f8190>: Failed to establish a new connection: [Errno 61] Connection refused'))\n", "test_name": "test_24_UbahStatus", "rerun": "0"}, "24": {"status": "FAIL", "message": "           ConnectionRefusedError: [Errno 61] Connection refused\n       urllib3.exceptions.NewConnectionError: <urllib3.connection.HTTPConnection object at 0x152573be0>: Failed to establish a new connection: [Errno 61] Connection refused\n       urllib3.exceptions.MaxRetryError: HTTPConnectionPool(host='localhost', port=61618): Max retries exceeded with url: /session/dc5e766e8c562fbd3a6facc01eb8cc55/timeouts (Caused by NewConnectionError('<urllib3.connection.HTTPConnection object at 0x152573be0>: Failed to establish a new connection: [Errno 61] Connection refused'))\n", "test_name": "test_25_Inputketerangan", "rerun": "0"}, "25": {"status": "FAIL", "message": "           ConnectionRefusedError: [Errno 61] Connection refused\n       urllib3.exceptions.NewConnectionError: <urllib3.connection.HTTPConnection object at 0x1503930d0>: Failed to establish a new connection: [Errno 61] Connection refused\n       urllib3.exceptions.MaxRetryError: HTTPConnectionPool(host='localhost', port=61618): Max retries exceeded with url: /session/dc5e766e8c562fbd3a6facc01eb8cc55/timeouts (Caused by NewConnectionError('<urllib3.connection.HTTPConnection object at 0x1503930d0>: Failed to establish a new connection: [Errno 61] Connection refused'))\n", "test_name": "test_26_SimpanVerifikasi", "rerun": "0"}}, "suite_name": "4LaporanBulanan/11.Laporan8A/Fungsional/test_Laporan8A.py"}}}, "date": "April 26, 2023", "start_time": 1682483376.379348, "total_suite": 1, "status": "FAIL", "status_list": {"pass": "22", "fail": "4", "skip": "0", "error": "0", "xpass": "0", "xfail": "0", "rerun": "0"}, "total_tests": "26"}