{"content": {"suites": {"0": {"status": {"total_pass": 5, "total_skip": 0, "total_xpass": 0, "total_xfail": 0, "total_rerun": 0, "total_fail": 2, "total_error": 0}, "tests": {"0": {"status": "PASS", "message": "", "test_name": "test_18_loginKanwil", "rerun": "0"}, "1": {"status": "PASS", "message": "", "test_name": "test_19_AksesMenuSpv", "rerun": "0"}, "2": {"status": "PASS", "message": "", "test_name": "test_20_VerifikasiLaporanKanwil", "rerun": "0"}, "3": {"status": "PASS", "message": "", "test_name": "test_21_ClickButtonSearch", "rerun": "0"}, "4": {"status": "PASS", "message": "", "test_name": "test_22_ClickButtonVerifikasi", "rerun": "0"}, "5": {"status": "FAIL", "message": "   selenium.common.exceptions.ElementClickInterceptedException: Message: element click intercepted: Element <input class=\"el-input__inner\" id=\"statusVerifikasiModal\" type=\"text\" readonly=\"\" autocomplete=\"off\" placeholder=\"Masukkan Status Verifikasi\"> is not clickable at point (1114, 310). Other element would receive the click: <div class=\"el-loading-mask\" style=\"\">...</div>\n     (Session info: chrome=112.0.5615.137)\n   Stacktrace:\n   0   chromedriver                        0x0000000104cccae8 chromedriver + 4958952\n   1   chromedriver                        0x0000000104cc47b3 chromedriver + 4925363\n   2   chromedriver                        0x00000001048861d6 chromedriver + 475606\n   3   chromedriver                        0x00000001048d3321 chromedriver + 791329\n   4   chromedriver                        0x00000001048d036e chromedriver + 779118\n   5   chromedriver                        0x00000001048ccfd4 chromedriver + 765908\n   6   chromedriver                        0x00000001048cb9af chromedriver + 760239\n   7   chromedriver                        0x00000001048bc283 chromedriver + 696963\n   8   chromedriver                        0x00000001048efc12 chromedriver + 908306\n   9   chromedriver                        0x00000001048bb8f1 chromedriver + 694513\n   10  chromedriver                        0x00000001048efdce chromedriver + 908750\n   11  chromedriver                        0x000000010490b25b chromedriver + 1020507\n   12  chromedriver                        0x00000001048ef9e3 chromedriver + 907747\n   13  chromedriver                        0x00000001048b9aef chromedriver + 686831\n   14  chromedriver                        0x00000001048bb00e chromedriver + 692238\n   15  chromedriver                        0x0000000104c889ad chromedriver + 4680109\n   16  chromedriver                        0x0000000104c8dc12 chromedriver + 4701202\n   17  chromedriver                        0x0000000104c9479f chromedriver + 4728735\n   18  chromedriver                        0x0000000104c8eb7a chromedriver + 4705146\n   19  chromedriver                        0x0000000104c6127e chromedriver + 4518526\n   20  chromedriver                        0x0000000104cae908 chromedriver + 4835592\n   21  chromedriver                        0x0000000104caea87 chromedriver + 4835975\n   22  chromedriver                        0x0000000104cbe00f chromedriver + 4898831\n   23  libsystem_pthread.dylib             0x00007ff803d171d3 _pthread_start + 125\n   24  libsystem_pthread.dylib             0x00007ff803d12bd3 thread_start + 15\n       assert False\n", "test_name": "test_23_StatusVerifikasiModal", "rerun": "0"}, "6": {"status": "FAIL", "message": "           ConnectionRefusedError: [Errno 61] Connection refused\n       urllib3.exceptions.NewConnectionError: <urllib3.connection.HTTPConnection object at 0x123143c70>: Failed to establish a new connection: [Errno 61] Connection refused\n       urllib3.exceptions.MaxRetryError: HTTPConnectionPool(host='localhost', port=63349): Max retries exceeded with url: /session/b1da0943dff1cbc07247fda8200539af/window (Caused by NewConnectionError('<urllib3.connection.HTTPConnection object at 0x123143c70>: Failed to establish a new connection: [Errno 61] Connection refused'))\n", "test_name": "test_32s_exit", "rerun": "0"}}, "suite_name": "4LaporanBulanan/11.Laporan8A/Fungsional/test_Laporan8A.py"}}}, "date": "April 26, 2023", "start_time": 1682484225.105079, "total_suite": 1, "status": "FAIL", "status_list": {"pass": "5", "fail": "2", "skip": "0", "error": "0", "xpass": "0", "xfail": "0", "rerun": "0"}, "total_tests": "7"}