{"content": {"suites": {"0": {"status": {"total_pass": 13, "total_skip": 0, "total_xpass": 0, "total_xfail": 0, "total_rerun": 0, "total_fail": 0, "total_error": 0}, "tests": {"0": {"status": "PASS", "message": "", "test_name": "test_1_SetupOs", "rerun": "0"}, "1": {"status": "PASS", "message": "", "test_name": "test_2_Login", "rerun": "0"}, "2": {"status": "PASS", "message": "", "test_name": "test_3_AksesMenu", "rerun": "0"}, "3": {"status": "PASS", "message": "", "test_name": "test_4_ClickButtonTambah", "rerun": "0"}, "4": {"status": "PASS", "message": "", "test_name": "test_5_NamaInput", "rerun": "0"}, "5": {"status": "PASS", "message": "", "test_name": "test_6_KronologisKejadianFkr", "rerun": "0"}, "6": {"status": "PASS", "message": "", "test_name": "test_8_MelanggarPeraturanPerundangundanganFkr", "rerun": "0"}, "7": {"status": "PASS", "message": "", "test_name": "test_9_PemberiBantuanHukumFkr", "rerun": "0"}, "8": {"status": "PASS", "message": "", "test_name": "test_10_PertimbanganHukumFkr", "rerun": "0"}, "9": {"status": "PASS", "message": "", "test_name": "test_11_PutusanPengadilanFkr", "rerun": "0"}, "10": {"status": "PASS", "message": "", "test_name": "test_12_KeteranganFkr", "rerun": "0"}, "11": {"status": "PASS", "message": "", "test_name": "test_13_ClickButtonSimpan", "rerun": "0"}, "12": {"status": "PASS", "message": "", "test_name": "test_28_exit", "rerun": "0"}}, "suite_name": "4LaporanBulanan/11.Laporan8A/Fungsional/test_Laporan8A.py"}}}, "date": "April 26, 2023", "start_time": 1682478660.0882921, "total_suite": 1, "status": "PASS", "status_list": {"pass": "13", "fail": "0", "skip": "0", "error": "0", "xpass": "0", "xfail": "0", "rerun": "0"}, "total_tests": "13"}