{"content": {"suites": {"0": {"status": {"total_pass": 15, "total_skip": 0, "total_xpass": 0, "total_xfail": 0, "total_rerun": 0, "total_fail": 0, "total_error": 0}, "tests": {"0": {"status": "PASS", "message": "", "test_name": "test_18_loginKanwil", "rerun": "0"}, "1": {"status": "PASS", "message": "", "test_name": "test_19_AksesMenuSpv", "rerun": "0"}, "2": {"status": "PASS", "message": "", "test_name": "test_20_VerifikasiLaporanKanwil", "rerun": "0"}, "3": {"status": "PASS", "message": "", "test_name": "test_21_ClickButtonSearch", "rerun": "0"}, "4": {"status": "PASS", "message": "", "test_name": "test_22_ClickButtonVerifikasi", "rerun": "0"}, "5": {"status": "PASS", "message": "", "test_name": "test_23_StatusVerifikasiModal", "rerun": "0"}, "6": {"status": "PASS", "message": "", "test_name": "test_24_UbahStatus", "rerun": "0"}, "7": {"status": "PASS", "message": "", "test_name": "test_25_Inputketerangan", "rerun": "0"}, "8": {"status": "PASS", "message": "", "test_name": "test_26_SimpanVerifikasi", "rerun": "0"}, "9": {"status": "PASS", "message": "", "test_name": "test_27_loginPusat", "rerun": "0"}, "10": {"status": "PASS", "message": "", "test_name": "test_28_AksesMenuPusat", "rerun": "0"}, "11": {"status": "PASS", "message": "", "test_name": "test_29_PilihKanwil", "rerun": "0"}, "12": {"status": "PASS", "message": "", "test_name": "test_30_PilihUPT", "rerun": "0"}, "13": {"status": "PASS", "message": "", "test_name": "test_31_ClickButtonSearch", "rerun": "0"}, "14": {"status": "PASS", "message": "", "test_name": "test_32s_exit", "rerun": "0"}}, "suite_name": "4LaporanBulanan/11.Laporan8A/Fungsional/test_Laporan8A.py"}}}, "date": "April 26, 2023", "start_time": 1682484487.682881, "total_suite": 1, "status": "PASS", "status_list": {"pass": "15", "fail": "0", "skip": "0", "error": "0", "xpass": "0", "xfail": "0", "rerun": "0"}, "total_tests": "15"}