{"content": {"suites": {"0": {"status": {"total_pass": 16, "total_skip": 0, "total_xpass": 0, "total_xfail": 0, "total_rerun": 0, "total_fail": 1, "total_error": 0}, "tests": {"0": {"status": "PASS", "message": "", "test_name": "test_1_SetupOs", "rerun": "0"}, "1": {"status": "PASS", "message": "", "test_name": "test_2_Login", "rerun": "0"}, "2": {"status": "PASS", "message": "", "test_name": "test_3_AksesMenu", "rerun": "0"}, "3": {"status": "PASS", "message": "", "test_name": "test_4_ClickButtonTambah", "rerun": "0"}, "4": {"status": "PASS", "message": "", "test_name": "test_5_NamaInput", "rerun": "0"}, "5": {"status": "PASS", "message": "", "test_name": "test_6_KronologisKejadianFkr", "rerun": "0"}, "6": {"status": "PASS", "message": "", "test_name": "test_7_TanggalPemberianBantuanHukumFkr", "rerun": "0"}, "7": {"status": "PASS", "message": "", "test_name": "test_8_MelanggarPeraturanPerundangundanganFkr", "rerun": "0"}, "8": {"status": "PASS", "message": "", "test_name": "test_9_PemberiBantuanHukumFkr", "rerun": "0"}, "9": {"status": "PASS", "message": "", "test_name": "test_10_PertimbanganHukumFkr", "rerun": "0"}, "10": {"status": "PASS", "message": "", "test_name": "test_11_PutusanPengadilanFkr", "rerun": "0"}, "11": {"status": "PASS", "message": "", "test_name": "test_12_KeteranganFkr", "rerun": "0"}, "12": {"status": "PASS", "message": "", "test_name": "test_13_ClickButtonSimpan", "rerun": "0"}, "13": {"status": "PASS", "message": "", "test_name": "test_10_SetupOs", "rerun": "0"}, "14": {"status": "PASS", "message": "", "test_name": "test_11_LoginSPV", "rerun": "0"}, "15": {"status": "PASS", "message": "", "test_name": "test_12_AksesMenuSpv", "rerun": "0"}, "16": {"status": "FAIL", "message": "   selenium.common.exceptions.ElementClickInterceptedException: Message: element click intercepted: Element <span class=\"\">...</span> is not clickable at point (1579, 762). Other element would receive the click: <div class=\"el-loading-mask\" style=\"\">...</div>\n     (Session info: chrome=112.0.5615.137)\n   Stacktrace:\n   0   chromedriver                        0x0000000101412ae8 chromedriver + 4958952\n   1   chromedriver                        0x000000010140a7b3 chromedriver + 4925363\n   2   chromedriver                        0x0000000100fcc1d6 chromedriver + 475606\n   3   chromedriver                        0x0000000101019321 chromedriver + 791329\n   4   chromedriver                        0x000000010101636e chromedriver + 779118\n   5   chromedriver                        0x0000000101012fd4 chromedriver + 765908\n   6   chromedriver                        0x00000001010119af chromedriver + 760239\n   7   chromedriver                        0x0000000101002283 chromedriver + 696963\n   8   chromedriver                        0x0000000101035c12 chromedriver + 908306\n   9   chromedriver                        0x00000001010018f1 chromedriver + 694513\n   10  chromedriver                        0x0000000101035dce chromedriver + 908750\n   11  chromedriver                        0x000000010105125b chromedriver + 1020507\n   12  chromedriver                        0x00000001010359e3 chromedriver + 907747\n   13  chromedriver                        0x0000000100fffaef chromedriver + 686831\n   14  chromedriver                        0x000000010100100e chromedriver + 692238\n   15  chromedriver                        0x00000001013ce9ad chromedriver + 4680109\n   16  chromedriver                        0x00000001013d3c12 chromedriver + 4701202\n   17  chromedriver                        0x00000001013da79f chromedriver + 4728735\n   18  chromedriver                        0x00000001013d4b7a chromedriver + 4705146\n   19  chromedriver                        0x00000001013a727e chromedriver + 4518526\n   20  chromedriver                        0x00000001013f4908 chromedriver + 4835592\n   21  chromedriver                        0x00000001013f4a87 chromedriver + 4835975\n   22  chromedriver                        0x000000010140400f chromedriver + 4898831\n   23  libsystem_pthread.dylib             0x00007ff803d171d3 _pthread_start + 125\n   24  libsystem_pthread.dylib             0x00007ff803d12bd3 thread_start + 15\n       assert False\n", "test_name": "test_13_KirimLaporanSpv", "rerun": "0"}}, "suite_name": "4LaporanBulanan/11.Laporan8A/Fungsional/test_Laporan8A.py"}}}, "date": "April 26, 2023", "start_time": 1682482869.238394, "total_suite": 1, "status": "FAIL", "status_list": {"pass": "16", "fail": "1", "skip": "0", "error": "0", "xpass": "0", "xfail": "0", "rerun": "0"}, "total_tests": "17"}