{"content": {"suites": {"0": {"status": {"total_pass": 8, "total_skip": 0, "total_xpass": 0, "total_xfail": 0, "total_rerun": 0, "total_fail": 1, "total_error": 0}, "tests": {"0": {"status": "PASS", "message": "", "test_name": "test_1_SetupOs", "rerun": "0"}, "1": {"status": "PASS", "message": "", "test_name": "test_TC_GIATJA_015", "rerun": "0"}, "2": {"status": "FAIL", "message": "   selenium.common.exceptions.ElementNotInteractableException: Message: element not interactable\n     (Session info: chrome=113.0.5672.63)\n   Stacktrace:\n   0   chromedriver                        0x0000000103017ae8 chromedriver + 4958952\n   1   chromedriver                        0x000000010300f7b3 chromedriver + 4925363\n   2   chromedriver                        0x0000000102bd1051 chromedriver + 475217\n   3   chromedriver                        0x0000000102c162e8 chromedriver + 758504\n   4   chromedriver                        0x0000000102c07283 chromedriver + 696963\n   5   chromedriver                        0x0000000102c3ac12 chromedriver + 908306\n   6   chromedriver                        0x0000000102c068f1 chromedriver + 694513\n   7   chromedriver                        0x0000000102c3adce chromedriver + 908750\n   8   chromedriver                        0x0000000102c5625b chromedriver + 1020507\n   9   chromedriver                        0x0000000102c3a9e3 chromedriver + 907747\n   10  chromedriver                        0x0000000102c04aef chromedriver + 686831\n   11  chromedriver                        0x0000000102c0600e chromedriver + 692238\n   12  chromedriver                        0x0000000102fd39ad chromedriver + 4680109\n   13  chromedriver                        0x0000000102fd8c12 chromedriver + 4701202\n   14  chromedriver                        0x0000000102fdf79f chromedriver + 4728735\n   15  chromedriver                        0x0000000102fd9b7a chromedriver + 4705146\n   16  chromedriver                        0x0000000102fac27e chromedriver + 4518526\n   17  chromedriver                        0x0000000102ff9908 chromedriver + 4835592\n   18  chromedriver                        0x0000000102ff9a87 chromedriver + 4835975\n   19  chromedriver                        0x000000010300900f chromedriver + 4898831\n   20  libsystem_pthread.dylib             0x00007ff808d0f1d3 _pthread_start + 125\n   21  libsystem_pthread.dylib             0x00007ff808d0abd3 thread_start + 15\n", "test_name": "test_TC_GIATJA_016", "rerun": "0"}, "3": {"status": "PASS", "message": "", "test_name": "test_TC_GIATJA_017", "rerun": "0"}, "4": {"status": "PASS", "message": "", "test_name": "test_TC_GIATJA_018", "rerun": "0"}, "5": {"status": "PASS", "message": "", "test_name": "test_TC_GIATJA_019", "rerun": "0"}, "6": {"status": "PASS", "message": "", "test_name": "test_TC_GIATJA_020", "rerun": "0"}, "7": {"status": "PASS", "message": "", "test_name": "test_TC_GIATJA_021", "rerun": "0"}, "8": {"status": "PASS", "message": "", "test_name": "test_exit", "rerun": "0"}}, "suite_name": "3.PNBP/Fungsional/test_OpPNBP.py"}}}, "date": "May 04, 2023", "start_time": 1683173102.060509, "total_suite": 1, "status": "FAIL", "status_list": {"pass": "8", "fail": "1", "skip": "0", "error": "0", "xpass": "0", "xfail": "0", "rerun": "0"}, "total_tests": "9"}