{"content": {"suites": {"0": {"status": {"total_pass": 8, "total_skip": 0, "total_xpass": 0, "total_xfail": 0, "total_rerun": 0, "total_fail": 1, "total_error": 0}, "tests": {"0": {"status": "PASS", "message": "", "test_name": "test_1_SetupOs", "rerun": "0"}, "1": {"status": "PASS", "message": "", "test_name": "test_TC_GIATJA_015", "rerun": "0"}, "2": {"status": "FAIL", "message": "   selenium.common.exceptions.ElementClickInterceptedException: Message: element click intercepted: Element <input class=\"el-input__inner\" id=\"akunSetor\" type=\"text\" readonly=\"\" autocomplete=\"off\" placeholder=\"Pilih\"> is not clickable at point (837, 394). Other element would receive the click: <span role=\"button\" class=\"el-date-picker__header-label\">...</span>\n     (Session info: chrome=113.0.5672.63)\n   Stacktrace:\n   0   chromedriver                        0x000000010309cae8 chromedriver + 4958952\n   1   chromedriver                        0x00000001030947b3 chromedriver + 4925363\n   2   chromedriver                        0x0000000102c561d6 chromedriver + 475606\n   3   chromedriver                        0x0000000102ca3321 chromedriver + 791329\n   4   chromedriver                        0x0000000102ca036e chromedriver + 779118\n   5   chromedriver                        0x0000000102c9cfd4 chromedriver + 765908\n   6   chromedriver                        0x0000000102c9b9af chromedriver + 760239\n   7   chromedriver                        0x0000000102c8c283 chromedriver + 696963\n   8   chromedriver                        0x0000000102cbfc12 chromedriver + 908306\n   9   chromedriver                        0x0000000102c8b8f1 chromedriver + 694513\n   10  chromedriver                        0x0000000102cbfdce chromedriver + 908750\n   11  chromedriver                        0x0000000102cdb25b chromedriver + 1020507\n   12  chromedriver                        0x0000000102cbf9e3 chromedriver + 907747\n   13  chromedriver                        0x0000000102c89aef chromedriver + 686831\n   14  chromedriver                        0x0000000102c8b00e chromedriver + 692238\n   15  chromedriver                        0x00000001030589ad chromedriver + 4680109\n   16  chromedriver                        0x000000010305dc12 chromedriver + 4701202\n   17  chromedriver                        0x000000010306479f chromedriver + 4728735\n   18  chromedriver                        0x000000010305eb7a chromedriver + 4705146\n   19  chromedriver                        0x000000010303127e chromedriver + 4518526\n   20  chromedriver                        0x000000010307e908 chromedriver + 4835592\n   21  chromedriver                        0x000000010307ea87 chromedriver + 4835975\n   22  chromedriver                        0x000000010308e00f chromedriver + 4898831\n   23  libsystem_pthread.dylib             0x00007ff808d0f1d3 _pthread_start + 125\n   24  libsystem_pthread.dylib             0x00007ff808d0abd3 thread_start + 15\n", "test_name": "test_TC_GIATJA_016", "rerun": "0"}, "3": {"status": "PASS", "message": "", "test_name": "test_TC_GIATJA_017", "rerun": "0"}, "4": {"status": "PASS", "message": "", "test_name": "test_TC_GIATJA_018", "rerun": "0"}, "5": {"status": "PASS", "message": "", "test_name": "test_TC_GIATJA_019", "rerun": "0"}, "6": {"status": "PASS", "message": "", "test_name": "test_TC_GIATJA_020", "rerun": "0"}, "7": {"status": "PASS", "message": "", "test_name": "test_TC_GIATJA_021", "rerun": "0"}, "8": {"status": "PASS", "message": "", "test_name": "test_exit", "rerun": "0"}}, "suite_name": "3.PNBP/Fungsional/test_OpPNBP.py"}}}, "date": "May 04, 2023", "start_time": 1683172678.783228, "total_suite": 1, "status": "FAIL", "status_list": {"pass": "8", "fail": "1", "skip": "0", "error": "0", "xpass": "0", "xfail": "0", "rerun": "0"}, "total_tests": "9"}