{"content": {"suites": {"0": {"status": {"total_pass": 4, "total_skip": 0, "total_xpass": 0, "total_xfail": 0, "total_rerun": 0, "total_fail": 2, "total_error": 0}, "tests": {"0": {"status": "PASS", "message": "", "test_name": "test_1_SetupOs", "rerun": "0"}, "1": {"status": "PASS", "message": "", "test_name": "test_TC_GIATJA_015", "rerun": "0"}, "2": {"status": "PASS", "message": "", "test_name": "test_TC_GIATJA_019", "rerun": "0"}, "3": {"status": "FAIL", "message": "   selenium.common.exceptions.TimeoutException: Message: \n   Stacktrace:\n   0   chromedriver                        0x00000001047deae8 chromedriver + 4958952\n   1   chromedriver                        0x00000001047d67b3 chromedriver + 4925363\n   2   chromedriver                        0x00000001043981d6 chromedriver + 475606\n   3   chromedriver                        0x00000001043dba20 chromedriver + 752160\n   4   chromedriver                        0x00000001043dbc81 chromedriver + 752769\n   5   chromedriver                        0x000000010441ff64 chromedriver + 1032036\n   6   chromedriver                        0x0000000104401c3d chromedriver + 908349\n   7   chromedriver                        0x000000010441d25b chromedriver + 1020507\n   8   chromedriver                        0x00000001044019e3 chromedriver + 907747\n   9   chromedriver                        0x00000001043cbaef chromedriver + 686831\n   10  chromedriver                        0x00000001043cd00e chromedriver + 692238\n   11  chromedriver                        0x000000010479a9ad chromedriver + 4680109\n   12  chromedriver                        0x000000010479fc12 chromedriver + 4701202\n   13  chromedriver                        0x00000001047a679f chromedriver + 4728735\n   14  chromedriver                        0x00000001047a0b7a chromedriver + 4705146\n   15  chromedriver                        0x000000010477327e chromedriver + 4518526\n   16  chromedriver                        0x00000001047c0908 chromedriver + 4835592\n   17  chromedriver                        0x00000001047c0a87 chromedriver + 4835975\n   18  chromedriver                        0x00000001047d000f chromedriver + 4898831\n   19  libsystem_pthread.dylib             0x00007ff808d0f1d3 _pthread_start + 125\n   20  libsystem_pthread.dylib             0x00007ff808d0abd3 thread_start + 15\n", "test_name": "test_TC_GIATJA_020", "rerun": "0"}, "4": {"status": "FAIL", "message": "   selenium.common.exceptions.TimeoutException: Message: \n   Stacktrace:\n   0   chromedriver                        0x00000001047deae8 chromedriver + 4958952\n   1   chromedriver                        0x00000001047d67b3 chromedriver + 4925363\n   2   chromedriver                        0x00000001043981d6 chromedriver + 475606\n   3   chromedriver                        0x00000001043dba20 chromedriver + 752160\n   4   chromedriver                        0x00000001043dbc81 chromedriver + 752769\n   5   chromedriver                        0x000000010441ff64 chromedriver + 1032036\n   6   chromedriver                        0x0000000104401c3d chromedriver + 908349\n   7   chromedriver                        0x000000010441d25b chromedriver + 1020507\n   8   chromedriver                        0x00000001044019e3 chromedriver + 907747\n   9   chromedriver                        0x00000001043cbaef chromedriver + 686831\n   10  chromedriver                        0x00000001043cd00e chromedriver + 692238\n   11  chromedriver                        0x000000010479a9ad chromedriver + 4680109\n   12  chromedriver                        0x000000010479fc12 chromedriver + 4701202\n   13  chromedriver                        0x00000001047a679f chromedriver + 4728735\n   14  chromedriver                        0x00000001047a0b7a chromedriver + 4705146\n   15  chromedriver                        0x000000010477327e chromedriver + 4518526\n   16  chromedriver                        0x00000001047c0908 chromedriver + 4835592\n   17  chromedriver                        0x00000001047c0a87 chromedriver + 4835975\n   18  chromedriver                        0x00000001047d000f chromedriver + 4898831\n   19  libsystem_pthread.dylib             0x00007ff808d0f1d3 _pthread_start + 125\n   20  libsystem_pthread.dylib             0x00007ff808d0abd3 thread_start + 15\n", "test_name": "test_TC_GIATJA_021", "rerun": "0"}, "5": {"status": "PASS", "message": "", "test_name": "test_exit", "rerun": "0"}}, "suite_name": "3.PNBP/Fungsional/test_OpPNBP.py"}}}, "date": "May 04, 2023", "start_time": 1683173891.846512, "total_suite": 1, "status": "FAIL", "status_list": {"pass": "4", "fail": "2", "skip": "0", "error": "0", "xpass": "0", "xfail": "0", "rerun": "0"}, "total_tests": "6"}