{"content": {"suites": {"0": {"status": {"total_pass": 22, "total_skip": 0, "total_xpass": 0, "total_xfail": 0, "total_rerun": 0, "total_fail": 0, "total_error": 0}, "tests": {"0": {"status": "PASS", "message": "", "test_name": "test_2_login", "rerun": "0"}, "1": {"status": "PASS", "message": "", "test_name": "test_3_AksesMenu", "rerun": "0"}, "2": {"status": "PASS", "message": "", "test_name": "test_4_ClickButtonTambah", "rerun": "0"}, "3": {"status": "PASS", "message": "", "test_name": "test_5_FilterColumn", "rerun": "0"}, "4": {"status": "PASS", "message": "", "test_name": "test_6_ClickButtonSearch", "rerun": "0"}, "5": {"status": "PASS", "message": "", "test_name": "test_7_ClickButtonMutasi", "rerun": "0"}, "6": {"status": "PASS", "message": "", "test_name": "test_8_PilihBlok", "rerun": "0"}, "7": {"status": "PASS", "message": "", "test_name": "test_9_PilihLantai", "rerun": "0"}, "8": {"status": "PASS", "message": "", "test_name": "test_10_PilhKamar", "rerun": "0"}, "9": {"status": "PASS", "message": "", "test_name": "test_11_InputTanggalMutasi", "rerun": "0"}, "10": {"status": "PASS", "message": "", "test_name": "test_12_InputKeterangan", "rerun": "0"}, "11": {"status": "PASS", "message": "", "test_name": "test_13_ClickButtonSubmit", "rerun": "0"}, "12": {"status": "PASS", "message": "", "test_name": "test_14_loginSPV", "rerun": "0"}, "13": {"status": "PASS", "message": "", "test_name": "test_15_AksesMenu", "rerun": "0"}, "14": {"status": "PASS", "message": "", "test_name": "test_16_MemilihKataKunciNama", "rerun": "0"}, "15": {"status": "PASS", "message": "", "test_name": "test_17_SearchNamaWBP", "rerun": "0"}, "16": {"status": "PASS", "message": "", "test_name": "test_18_KlikButtonSearch", "rerun": "0"}, "17": {"status": "PASS", "message": "", "test_name": "test_19_VERIFIAKSI", "rerun": "0"}, "18": {"status": "PASS", "message": "", "test_name": "test_13_Status", "rerun": "0"}, "19": {"status": "PASS", "message": "", "test_name": "test_14_InputKeterangan", "rerun": "0"}, "20": {"status": "PASS", "message": "", "test_name": "test_clear15_ClickButtonSubmit", "rerun": "0"}, "21": {"status": "PASS", "message": "", "test_name": "test_exit", "rerun": "0"}}, "suite_name": "fungsional/test_manajemenKamar.py"}}}, "date": "March 31, 2023", "start_time": 1680244306.633779, "total_suite": 1, "status": "PASS", "status_list": {"pass": "22", "fail": "0", "skip": "0", "error": "0", "xpass": "0", "xfail": "0", "rerun": "0"}, "total_tests": "22"}