{"content": {"suites": {"0": {"status": {"total_pass": 31, "total_skip": 0, "total_xpass": 0, "total_xfail": 0, "total_rerun": 0, "total_fail": 0, "total_error": 0}, "tests": {"0": {"status": "PASS", "message": "", "test_name": "test_1_SetupOs", "rerun": "0"}, "1": {"status": "PASS", "message": "", "test_name": "test_2_Login", "rerun": "0"}, "2": {"status": "PASS", "message": "", "test_name": "test_3_AksesMenu", "rerun": "0"}, "3": {"status": "PASS", "message": "", "test_name": "test_4_ClickButtonTambah", "rerun": "0"}, "4": {"status": "PASS", "message": "", "test_name": "test_5_penanggungJawab", "rerun": "0"}, "5": {"status": "PASS", "message": "", "test_name": "test_6_jumlahAnggota", "rerun": "0"}, "6": {"status": "PASS", "message": "", "test_name": "test_7_pembagianTugas", "rerun": "0"}, "7": {"status": "PASS", "message": "", "test_name": "test_11_keterangan", "rerun": "0"}, "8": {"status": "PASS", "message": "", "test_name": "test_9_permasalahan", "rerun": "0"}, "9": {"status": "PASS", "message": "", "test_name": "test_8_rekapitulasiKehadiran", "rerun": "0"}, "10": {"status": "PASS", "message": "", "test_name": "test_10_alternatifPenyelesaian", "rerun": "0"}, "11": {"status": "PASS", "message": "", "test_name": "test_12_simpan", "rerun": "0"}, "12": {"status": "PASS", "message": "", "test_name": "test_13_SetupOs", "rerun": "0"}, "13": {"status": "PASS", "message": "", "test_name": "test_14_LoginSPV", "rerun": "0"}, "14": {"status": "PASS", "message": "", "test_name": "test_15_AksesMenuSpv", "rerun": "0"}, "15": {"status": "PASS", "message": "", "test_name": "test_16_KirimLaporanSpv", "rerun": "0"}, "16": {"status": "PASS", "message": "", "test_name": "test_17_loginKanwil", "rerun": "0"}, "17": {"status": "PASS", "message": "", "test_name": "test_18_AksesMenuKanwil", "rerun": "0"}, "18": {"status": "PASS", "message": "", "test_name": "test_19_VerifikasiLaporanKanwil", "rerun": "0"}, "19": {"status": "PASS", "message": "", "test_name": "test_20_ClickButtonSearch", "rerun": "0"}, "20": {"status": "PASS", "message": "", "test_name": "test_21_ClickButtonVerifikasi", "rerun": "0"}, "21": {"status": "PASS", "message": "", "test_name": "test_22_StatusVerifikasiModal", "rerun": "0"}, "22": {"status": "PASS", "message": "", "test_name": "test_23_UbahStatus", "rerun": "0"}, "23": {"status": "PASS", "message": "", "test_name": "test_24_Inputketerangan", "rerun": "0"}, "24": {"status": "PASS", "message": "", "test_name": "test_25_SimpanVerifikasi", "rerun": "0"}, "25": {"status": "PASS", "message": "", "test_name": "test_26_loginPusat", "rerun": "0"}, "26": {"status": "PASS", "message": "", "test_name": "test_27_AksesMenuPusat", "rerun": "0"}, "27": {"status": "PASS", "message": "", "test_name": "test_28_PilihKanwil", "rerun": "0"}, "28": {"status": "PASS", "message": "", "test_name": "test_29_PilihUPT", "rerun": "0"}, "29": {"status": "PASS", "message": "", "test_name": "test_30_ClickButtonSearch", "rerun": "0"}, "30": {"status": "PASS", "message": "", "test_name": "test_31_exit", "rerun": "0"}}, "suite_name": "4LaporanBulanan/12.Laporan8B/Fungsional/test_laporan8B.py"}}}, "date": "May 02, 2023", "start_time": 1683000428.943972, "total_suite": 1, "status": "PASS", "status_list": {"pass": "31", "fail": "0", "skip": "0", "error": "0", "xpass": "0", "xfail": "0", "rerun": "0"}, "total_tests": "31"}