{"content": {"suites": {"0": {"status": {"total_pass": 13, "total_skip": 0, "total_xpass": 0, "total_xfail": 0, "total_rerun": 0, "total_fail": 0, "total_error": 0}, "tests": {"0": {"status": "PASS", "message": "", "test_name": "test_1_setupOS", "rerun": "0"}, "1": {"status": "PASS", "message": "", "test_name": "test_2_login", "rerun": "0"}, "2": {"status": "PASS", "message": "", "test_name": "test_3_Input", "rerun": "0"}, "3": {"status": "PASS", "message": "", "test_name": "test_3_ClickCreateButton", "rerun": "0"}, "4": {"status": "PASS", "message": "", "test_name": "test_4_inputKategori", "rerun": "0"}, "5": {"status": "PASS", "message": "", "test_name": "test_5_ClickSubmitButton", "rerun": "0"}, "6": {"status": "PASS", "message": "", "test_name": "test_6_FilterDataSemua", "rerun": "0"}, "7": {"status": "PASS", "message": "", "test_name": "test_7_InputKatakunci", "rerun": "0"}, "8": {"status": "PASS", "message": "", "test_name": "test_8_KlikFilterKonfirmBelumKeluar", "rerun": "0"}, "9": {"status": "PASS", "message": "", "test_name": "test_9_KlikDetailWbp", "rerun": "0"}, "10": {"status": "PASS", "message": "", "test_name": "test_10_KlikKonfirmasiKeluar", "rerun": "0"}, "11": {"status": "PASS", "message": "", "test_name": "test_11_BerhasilDiperbaharui", "rerun": "0"}, "12": {"status": "PASS", "message": "", "test_name": "test_12_exit", "rerun": "0"}}, "suite_name": "test_p2uExternal_Fungsi.py"}}}, "date": "March 28, 2023", "start_time": 1679994241.5897758, "total_suite": 1, "status": "PASS", "status_list": {"pass": "13", "fail": "0", "skip": "0", "error": "0", "xpass": "0", "xfail": "0", "rerun": "0"}, "total_tests": "13"}