BDH,Patricia Mahendra,1970-08-04,Pagaralam RI 12629,62809549244,Daliman Halim,Pagaralam RI 12629,Daliman Halim,Pagaralam RI 12629
PRO,Wadi Rahmawati,1970-20-09,Ternate Sumatera Selatan 68812,620683615565,Ami Pertiwi,Ternate Sumatera Selatan 68812,Ami Pertiwi,Ternate Sumatera Selatan 68812
KAT,Winda Simbolon,1970-21-02,Gang Cikutra Barat No,620552219626,Warsita Mulyani,Gang Cikutra Barat No,Warsita Mulyani,Gang Cikutra Barat No
BDH,Drs. Belinda Agustina,1970-21-02,Lhokseumawe SR 43049,845719776,Bancar Setiawan,Lhokseumawe SR 43049,Bancar Setiawan,Lhokseumawe SR 43049
HND,Natalia Wijayanti,1970-22-03,Tual JB 24498,1766087103,drg Nadine Sihombing SPd,Tual JB 24498,drg. Nadine Sihombing S.Pd,Tual JB 24498
KAT,Carla Wibisono S.IP,1971-02-12,Kediri Papua Barat 42610,625866993184,Edi Hutapea,Kediri Papua Barat 42610,Edi Hutapea,Kediri Papua Barat 42610
PRO,Anastasia Nasyidah,1971-04-06,Jl Indragiri No 927,620776713836,Paulin Prakasa,Jl Indragiri No 927,Paulin Prakasa,Jl Indragiri No 927
ISM,Samiah Manullang M.Farm,1971-14-08,Jl Kebonjati No 551,6203250913642,Sutan Galak Dongoran MFarm,Jl Kebonjati No 551,Sutan Galak Dongoran M.Farm,Jl Kebonjati No 551
KAT,Dagel Maryati,1971-20-02,Bogor Kepulauan Riau 02216,62065510507,RM Eluh Hastuti,Bogor Kepulauan Riau 02216,R.M. Eluh Hastuti,Bogor Kepulauan Riau 02216
KAT,Umi Susanti,1972-17-04,Gg Yos Sudarso No 70,620798483470,Dr Gantar Mayasari SKed,Gg Yos Sudarso No 70,Dr. Gantar Mayasari S.Ked,Gg Yos Sudarso No 70
KAT,Qori Palastri,1972-25-02,Gang Rungkut Industri No 3,861449743,Jayeng Marbun,Gang Rungkut Industri No 3,Jayeng Marbun,Gang Rungkut Industri No 3
PRO,Mulyanto Siregar,1973-06-10,Jl KH Amin Jasuta No,62346145373,Harjasa Susanti,Jl KH Amin Jasuta No,Harjasa Susanti,Jl KH Amin Jasuta No
KCH,Ir. Ajeng Wahyuni,1973-08-09,Gg Kendalsari No 4,62645235017,Rangga Prastuti,Gg Kendalsari No 4,Rangga Prastuti,Gg Kendalsari No 4
KCH,Balijan Agustina,1973-10-09,Surakarta KU 48124,629651034854,Agnes Simanjuntak,Surakarta KU 48124,Agnes Simanjuntak,Surakarta KU 48124
KCH,Dadap Pudjiastuti,1975-16-01,Jl Raya Ujungberung No 8,4588842155,Janet Haryanto MAk,Jl Raya Ujungberung No 8,Janet Haryanto M.Ak,Jl Raya Ujungberung No 8
KCH,Salwa Winarno,1976-10-02,Jl Pacuan Kuda No 202,54889871,Asirwanda Aryani,Jl Pacuan Kuda No 202,Asirwanda Aryani,Jl Pacuan Kuda No 202
PRO,Digdaya Nainggolan,1976-17-02,Prabumulih Aceh 59682,620523701710,Caket Sitorus,Prabumulih Aceh 59682,Caket Sitorus,Prabumulih Aceh 59682
KAT,Elisa Prasetya,1976-20-06,Gg Erlangga No 8,512245236,Putri Damanik,Gg Erlangga No 8,Putri Damanik,Gg Erlangga No 8
KCH,Koko Uwais,1976-23-09,Gang Ciwastra No 2,620286276299,Asirwada Gunawan,Gang Ciwastra No 2,Asirwada Gunawan,Gang Ciwastra No 2
KCH,Vicky Kuswoyo,1977-08-08,Pematangsiantar Sumatera Utara 56616,620086540504,Sakura Rajata,Pematangsiantar Sumatera Utara 56616,Sakura Rajata,Pematangsiantar Sumatera Utara 56616
PRO,KH. Asmuni Hassanah S.Pd,1977-18-09,Jl Gedebage Selatan No 845,62661125442,Nalar Kuswandari,Jl Gedebage Selatan No 845,Nalar Kuswandari,Jl Gedebage Selatan No 845
HND,Adikara Prasasta,1977-22-06,Kota Administrasi Jakarta Barat Kalimantan Timur 02093,627672578592,Ifa Lestari,Kota Administrasi Jakarta Barat Kalimantan Timur 02093,Ifa Lestari,Kota Administrasi Jakarta Barat Kalimantan Timur 02093
PRO,Puti Yuni Hidayanto S.H.,1978-21-01,Pontianak KU 73967,629907703463,Hasta Maulana,Pontianak KU 73967,Hasta Maulana,Pontianak KU 73967
KAT,dr. Hardi Andriani,1978-22-08,Bitung Lampung 12289,880536378,Kayla Riyanti,Bitung Lampung 12289,Kayla Riyanti,Bitung Lampung 12289
PRO,Oni Napitupulu,1978-24-11,Salatiga Sulawesi Utara 82501,620199232335,Puti Chelsea Aryani SGz,Salatiga Sulawesi Utara 82501,Puti Chelsea Aryani S.Gz,Salatiga Sulawesi Utara 82501
PRO,Ikhsan Firgantoro,1978-27-10,Parepare Sumatera Selatan 94972,855961854,Adika Padmasari,Parepare Sumatera Selatan 94972,Adika Padmasari,Parepare Sumatera Selatan 94972
KAT,Tgk. Prasetyo Mandala,1978-29-10,Padangpanjang Kalimantan Timur 21717,885341293,Ir Suci Halimah SIP,Padangpanjang Kalimantan Timur 21717,Ir. Suci Halimah S.IP,Padangpanjang Kalimantan Timur 21717
PRO,Tgk. Almira Sihotang S.Pt,1978-31-05,Jayapura Sumatera Utara 43568,809149206,KH Teguh Safitri SEI,Jayapura Sumatera Utara 43568,KH. Teguh Safitri S.E.I,Jayapura Sumatera Utara 43568
KAT,Irma Wulandari,1979-14-01,Jalan Medokan Ayu No 471,620991953742,Julia Wahyuni,Jalan Medokan Ayu No 471,Julia Wahyuni,Jalan Medokan Ayu No 471
PRO,Zalindra Hastuti M.Farm,1979-19-01,Gg Ir H Djuanda No 489,620208182395,Tedi Siregar,Gg Ir H Djuanda No 489,Tedi Siregar,Gg Ir H Djuanda No 489
KCH,R.M. Caket Sihombing,1979-20-06,Kotamobagu Sulawesi Tenggara 01960,6203809507585,Jindra Puspasari,Kotamobagu Sulawesi Tenggara 01960,Jindra Puspasari,Kotamobagu Sulawesi Tenggara 01960
PRO,Zalindra Wibowo,1979-24-05,Pagaralam SU 53874,530808315,Dartono Adriansyah,Pagaralam SU 53874,Dartono Adriansyah,Pagaralam SU 53874
PRO,Galiono Prasasta S.Farm,1980-05-07,Jl Pasirkoja No 963,6205329187199,Michelle Wijayanti,Jl Pasirkoja No 963,Michelle Wijayanti,Jl Pasirkoja No 963
ISM,Laras Iswahyudi,1980-07-10,Kota Administrasi Jakarta Pusat PA 15638,622233720015,KH Hadi Prasetyo ST,Kota Administrasi Jakarta Pusat PA 15638,KH. Hadi Prasetyo S.T.,Kota Administrasi Jakarta Pusat PA 15638
KAT,Jarwi Yuliarti,1980-08-03,Gang Rumah Sakit No,869455803,Dalimin Anggriawan MM,Gang Rumah Sakit No,Dalimin Anggriawan M.M.,Gang Rumah Sakit No
ISM,dr. Hilda Usamah,1980-10-11,Gang Wonoayu No 1,854768318,KH Alambana Wacana MKom,Gang Wonoayu No 1,KH. Alambana Wacana M.Kom.,Gang Wonoayu No 1
KCH,Cakrabuana Wibowo S.Ked,1980-27-10,Dumai Sulawesi Tengah 19277,4916178526,H Rosman Dabukke MKom,Dumai Sulawesi Tengah 19277,H. Rosman Dabukke M.Kom.,Dumai Sulawesi Tengah 19277
KCH,dr. Sarah Suartini M.Pd,1981-03-08,Jalan Soekarno Hatta No 764,894280512,R Siti Prasetya,Jalan Soekarno Hatta No 764,R. Siti Prasetya,Jalan Soekarno Hatta No 764
ISM,Tari Najmudin,1981-09-10,Bima JT 42435,808395441,Tiara Nasyiah,Bima JT 42435,Tiara Nasyiah,Bima JT 42435
BDH,Edward Najmudin S.T.,1981-17-11,Jl Kapten Muslihat No 3,873173549,Tira Habibi,Jl Kapten Muslihat No 3,Tira Habibi,Jl Kapten Muslihat No 3
HND,Jabal Prasasta S.Sos,1981-19-11,Bandung BB 23935,830678487,Anita Halim,Bandung BB 23935,Anita Halim,Bandung BB 23935
KAT,Wirda Sihombing,1982-15-10,Tual MA 78467,620145901977,Karsana Widodo,Tual MA 78467,Karsana Widodo,Tual MA 78467
ISM,Gabriella Wulandari,1982-20-06,Gang Rumah Sakit No 75,203643981,Dr Galih Prayoga,Gang Rumah Sakit No 75,Dr. Galih Prayoga,Gang Rumah Sakit No 75
BDH,Hana Sihombing,1983-05-09,Pariaman Riau 74852,620237878563,Tgk Agnes Manullang SKom,Pariaman Riau 74852,Tgk. Agnes Manullang S.Kom,Pariaman Riau 74852
HND,Siska Novitasari,1983-22-08,Gang Gegerkalong Hilir No 5,62129642954,Jamalia Pudjiastuti,Gang Gegerkalong Hilir No 5,Jamalia Pudjiastuti,Gang Gegerkalong Hilir No 5
HND,Rahman Nugroho,1984-23-03,Jl HOS Cokroaminoto No 41,627832462916,Tantri Adriansyah,Jl HOS Cokroaminoto No 41,Tantri Adriansyah,Jl HOS Cokroaminoto No 41
HND,Jamil Nashiruddin S.Farm,1984-29-01,Pagaralam JA 32657,62161640395,Drs Kezia Suwarno SSos,Pagaralam JA 32657,Drs. Kezia Suwarno S.Sos,Pagaralam JA 32657
HND,Lamar Samosir S.Farm,1984-30-11,Gg Monginsidi No 0,627399118353,Qori Purwanti,Gg Monginsidi No 0,Qori Purwanti,Gg Monginsidi No 0
ISM,Cut Cornelia Agustina,1985-02-06,Bontang Banten 40574,620032454038,Jatmiko Mulyani SGz,Bontang Banten 40574,Jatmiko Mulyani S.Gz,Bontang Banten 40574
KAT,Ibun Pranowo,1985-11-08,Singkawang KR 36359,887848203,Ira Prabowo,Singkawang KR 36359,Ira Prabowo,Singkawang KR 36359
ISM,Utama Permata,1985-15-07,Sukabumi KB 84853,801028706,Yono Januar SPd,Sukabumi KB 84853,Yono Januar S.Pd,Sukabumi KB 84853
PRO,Dr. Michelle Ardianto,1985-19-08,Malang Maluku Utara 46792,620357145393,T Ganep Susanti MKom,Malang Maluku Utara 46792,T. Ganep Susanti M.Kom.,Malang Maluku Utara 46792
ISM,Sari Nurdiyanti,1986-04-02,Jl Astana Anyar No 2,620882952854,Safina Hidayat,Jl Astana Anyar No 2,Safina Hidayat,Jl Astana Anyar No 2
KAT,Makuta Natsir,1986-31-10,Jalan Kebonjati No 62,626167894083,Asmianto Susanti,Jalan Kebonjati No 62,Asmianto Susanti,Jalan Kebonjati No 62
ISM,Jelita Sihombing S.E.,1987-01-10,Lubuklinggau KU 34387,62561028461,Paris Wasita,Lubuklinggau KU 34387,Paris Wasita,Lubuklinggau KU 34387
ISM,Darijan Uyainah,1987-15-04,Cimahi Sulawesi Tengah 58766,620417172314,Hj Hilda Lazuardi SIP,Cimahi Sulawesi Tengah 58766,Hj. Hilda Lazuardi S.IP,Cimahi Sulawesi Tengah 58766
ISM,Akarsana Mangunsong,1988-04-02,Samarinda BE 33717,620678330666,Icha Mandasari,Samarinda BE 33717,Icha Mandasari,Samarinda BE 33717
ISM,Tina Salahudin,1988-11-07,Jalan HOS Cokroaminoto No 24,628251893688,Ir Harjo Sudiati SH,Jalan HOS Cokroaminoto No 24,Ir. Harjo Sudiati S.H.,Jalan HOS Cokroaminoto No 24
BDH,Teddy Susanti,1988-13-01,Gang Pacuan Kuda No 76,6208735641311,Cinta Laksita,Gang Pacuan Kuda No 76,Cinta Laksita,Gang Pacuan Kuda No 76
KCH,Maryanto Wasita,1988-15-06,Pangkalpinang Bengkulu 56195,62784629544,Puti Tiara Pudjiastuti,Pangkalpinang Bengkulu 56195,Puti Tiara Pudjiastuti,Pangkalpinang Bengkulu 56195
KAT,Lintang Uyainah,1988-16-05,Jalan Lembong No 84,620706650127,Ir Sari Palastri SPt,Jalan Lembong No 84,Ir. Sari Palastri S.Pt,Jalan Lembong No 84
PRO,Reza Permata,1988-26-09,Gg Pasirkoja No 589,4474846370,Wira Wastuti SKom,Gg Pasirkoja No 589,Wira Wastuti S.Kom,Gg Pasirkoja No 589
PRO,Hardi Zulaika,1989-03-06,Jl Stasiun Wonokromo No 337,622250275883,RA Rahmi Riyanti,Jl Stasiun Wonokromo No 337,R.A. Rahmi Riyanti,Jl Stasiun Wonokromo No 337
ISM,Harja Aryani,1989-16-07,Tanjungpinang BT 98985,826438341,Okto Astuti,Tanjungpinang BT 98985,Okto Astuti,Tanjungpinang BT 98985
HND,R. Karen Santoso,1990-05-03,Jl Jend A Yani No 5,808067351,Prima Purnawati,Jl Jend A Yani No 5,Prima Purnawati,Jl Jend A Yani No 5
KAT,Raisa Suartini,1990-26-02,Gang Pelajar Pejuang No 8,6208228735882,R Amalia Wijayanti SKom,Gang Pelajar Pejuang No 8,R. Amalia Wijayanti S.Kom,Gang Pelajar Pejuang No 8
ISM,Maya Mandasari,1991-11-01,Jalan Sukajadi No 4,620334922582,Winda Prastuti,Jalan Sukajadi No 4,Winda Prastuti,Jalan Sukajadi No 4
ISM,Luluh Mansur,1991-12-02,Sungai Penuh DKI Jakarta 93577,794462704,Ana Dabukke,Sungai Penuh DKI Jakarta 93577,Ana Dabukke,Sungai Penuh DKI Jakarta 93577
ISM,drg. Wulan Tarihoran,1991-22-07,Pematangsiantar Jawa Tengah 38319,621330629941,dr Kezia Wibowo SPt,Pematangsiantar Jawa Tengah 38319,dr. Kezia Wibowo S.Pt,Pematangsiantar Jawa Tengah 38319
KCH,Digdaya Palastri,1992-01-01,Gang HJ Maemunah No 546,6207896850175,Jayeng Marpaung,Gang HJ Maemunah No 546,Jayeng Marpaung,Gang HJ Maemunah No 546
KCH,Rini Hutasoit,1992-03-08,Blitar JK 66818,622154559680,Kuncara Pranowo,Blitar JK 66818,Kuncara Pranowo,Blitar JK 66818
KCH,Najib Safitri,1992-26-08,Pekalongan SN 42505,622368854226,Puput Prasetya,Pekalongan SN 42505,Puput Prasetya,Pekalongan SN 42505
BDH,Kenes Putra,1992-27-01,Parepare SR,620754603088,Dr Betania Simbolon SKed,Parepare SR,Dr. Betania Simbolon S.Ked,Parepare SR
PRO,Drs. Agnes Wahyudin M.Kom.,1993-02-05,Gg Tubagus Ismail No 921,62860661218,Samiah Rahimah,Gg Tubagus Ismail No 921,Samiah Rahimah,Gg Tubagus Ismail No 921
ISM,R.M. Leo Marbun,1993-18-06,Gg Gegerkalong Hilir No 8,62362569201,Cut Cornelia Suartini,Gg Gegerkalong Hilir No 8,Cut Cornelia Suartini,Gg Gegerkalong Hilir No 8
KCH,Anastasia Tarihoran,1993-23-02,Jambi KT,626571172374,Putri Yuniar MM,Jambi KT,Putri Yuniar M.M.,Jambi KT
BDH,Banawi Salahudin,1993-26-03,Jalan Cihampelas No 43,6203291337136,Azalea Jailani,Jalan Cihampelas No 43,Azalea Jailani,Jalan Cihampelas No 43
HND,Hasna Mayasari,1993-28-12,Surakarta KR 24297,846221845,Nasab Budiman,Surakarta KR 24297,Nasab Budiman,Surakarta KR 24297
KCH,Ulva Puspasari S.H.,1993-31-10,Gg KH Amin Jasuta No 880,5061147958,Kunthara Kuswoyo,Gg KH Amin Jasuta No 880,Kunthara Kuswoyo,Gg KH Amin Jasuta No 880
KCH,Harjo Haryanto,1994-01-11,Gg Jamika No 5,6208100529280,drg Adiarja Wacana MKom,Gg Jamika No 5,drg. Adiarja Wacana M.Kom.,Gg Jamika No 5
BDH,Lurhur Usamah M.M.,1994-23-02,Jalan Peta No 6,677592172,Ir Faizah Latupono,Jalan Peta No 6,Ir. Faizah Latupono,Jalan Peta No 6
PRO,Drs. Yoga Suartini,1994-25-09,Gg Ciumbuleuit No 5,62312380152,Citra Nuraini,Gg Ciumbuleuit No 5,Citra Nuraini,Gg Ciumbuleuit No 5
BDH,Nrima Wibowo,1995-02-06,Tasikmalaya MU 75133,629782350984,Latika Najmudin,Tasikmalaya MU 75133,Latika Najmudin,Tasikmalaya MU 75133
ISM,Mala Firgantoro,1995-06-07,Palu JA 14955,625516241586,T Jayadi Sihombing SKed,Palu JA 14955,T. Jayadi Sihombing S.Ked,Palu JA 14955
BDH,Paulin Tamba,1995-07-06,Malang Riau 92531,34887138,T Cengkir Halimah MTI,Malang Riau 92531,T. Cengkir Halimah M.TI.,Malang Riau 92531
BDH,Zulaikha Hassanah,1995-19-04,Jalan Pasirkoja No,620826888560,Fitria Melani,Jalan Pasirkoja No,Fitria Melani,Jalan Pasirkoja No
PRO,Raharja Mustofa M.Ak,1996-05-09,Jl Peta No,748246544,Darmanto Hasanah SPt,Jl Peta No,Darmanto Hasanah S.Pt,Jl Peta No
KAT,Cahyanto Aryani,1996-17-08,Jalan Moch Toha No 222,62750313609,Rachel Zulaika SPd,Jalan Moch Toha No 222,Rachel Zulaika S.Pd,Jalan Moch Toha No 222
PRO,Betania Nugroho,1996-26-12,Gg Cempaka No 500,876665633,Sutan Darimin Siregar SIP,Gg Cempaka No 500,Sutan Darimin Siregar S.IP,Gg Cempaka No 500
BDH,Karimah Anggraini,1996-28-04,Tasikmalaya KU 36739,1431028638,Pia Mustofa,Tasikmalaya KU 36739,Pia Mustofa,Tasikmalaya KU 36739
BDH,T. Artanto Pratama,1997-01-01,Jl Rawamangun No,6200873478944,Tasdik Tampubolon,Jl Rawamangun No,Tasdik Tampubolon,Jl Rawamangun No
BDH,Dian Wibisono S.H.,1997-01-05,Gg Rajiman No 8,62940802588,drg Amalia Usamah SSos,Gg Rajiman No 8,drg. Amalia Usamah S.Sos,Gg Rajiman No 8
KCH,Queen Prastuti,1997-07-10,Subulussalam SS 10644,620552807762,Ir Slamet Nuraini SGz,Subulussalam SS 10644,Ir. Slamet Nuraini S.Gz,Subulussalam SS 10644
BDH,drg. Puspa Budiman,1998-05-06,Jalan Soekarno Hatta No 08,62434345674,Jais Nababan,Jalan Soekarno Hatta No 08,Jais Nababan,Jalan Soekarno Hatta No 08
KCH,Puji Habibi,1998-11-02,Ternate Kalimantan Utara,620253427795,Tgk Hasan Adriansyah SIKom,Ternate Kalimantan Utara,Tgk. Hasan Adriansyah S.I.Kom,Ternate Kalimantan Utara
BDH,Paiman Firgantoro M.M.,1998-15-08,Sungai Penuh Papua,62915483198,Titin Mandasari,Sungai Penuh Papua,Titin Mandasari,Sungai Penuh Papua
KCH,R.A. Violet Ardianto,1998-21-09,Cilegon Lampung,816963987,Mahfud Suwarno,Cilegon Lampung,Mahfud Suwarno,Cilegon Lampung
BDH,Surya Permata S.Farm,1999-06-05,Jambi BA 34274,62936334641,Sutan Mitra Hidayat SKom,Jambi BA 34274,Sutan Mitra Hidayat S.Kom,Jambi BA 34274
KAT,Latif Narpati,1999-10-11,Gang KH Amin Jasuta No 41,62343387767,T Tirtayasa Hastuti,Gang KH Amin Jasuta No 41,T. Tirtayasa Hastuti,Gang KH Amin Jasuta No 41
KAT,Kania Palastri,1999-21-08,Jalan RE Martadinata No 3,4905532840,Rahman Saragih,Jalan RE Martadinata No 3,Rahman Saragih,Jalan RE Martadinata No 3