{"content": {"suites": {"0": {"status": {"total_pass": 24, "total_skip": 0, "total_xpass": 0, "total_xfail": 0, "total_rerun": 0, "total_fail": 0, "total_error": 0}, "tests": {"0": {"status": "PASS", "message": "", "test_name": "test_1_SetupOs", "rerun": "0"}, "1": {"status": "PASS", "message": "", "test_name": "test_2_Login", "rerun": "0"}, "2": {"status": "PASS", "message": "", "test_name": "test_2_AksesMenu", "rerun": "0"}, "3": {"status": "PASS", "message": "", "test_name": "test_3_CreateButton", "rerun": "0"}, "4": {"status": "PASS", "message": "", "test_name": "test_3_SearchWBP", "rerun": "0"}, "5": {"status": "PASS", "message": "", "test_name": "test_4_PilihJenisGangguan", "rerun": "0"}, "6": {"status": "PASS", "message": "", "test_name": "test_5_ClickButtonDaftarkan", "rerun": "0"}, "7": {"status": "PASS", "message": "", "test_name": "test_6_InputData", "rerun": "0"}, "8": {"status": "PASS", "message": "", "test_name": "test_7_submit", "rerun": "0"}, "9": {"status": "PASS", "message": "", "test_name": "test_8_SetupOs", "rerun": "0"}, "10": {"status": "PASS", "message": "", "test_name": "test_9_LoginSPV", "rerun": "0"}, "11": {"status": "PASS", "message": "", "test_name": "test_10_AksesMenuSpv", "rerun": "0"}, "12": {"status": "PASS", "message": "", "test_name": "test_11_KirimLaporanSpv", "rerun": "0"}, "13": {"status": "PASS", "message": "", "test_name": "test_12_loginPusat", "rerun": "0"}, "14": {"status": "PASS", "message": "", "test_name": "test_13_AksesMenuPusat", "rerun": "0"}, "15": {"status": "PASS", "message": "", "test_name": "test_14_PilihKanwil", "rerun": "0"}, "16": {"status": "PASS", "message": "", "test_name": "test_15_PilihUPT", "rerun": "0"}, "17": {"status": "PASS", "message": "", "test_name": "test_16_ClickButtonSearch", "rerun": "0"}, "18": {"status": "PASS", "message": "", "test_name": "test_17_ClickButtonVerifikasi", "rerun": "0"}, "19": {"status": "PASS", "message": "", "test_name": "test_18_StatusVerifikasiModal", "rerun": "0"}, "20": {"status": "PASS", "message": "", "test_name": "test_19_UbahStatus", "rerun": "0"}, "21": {"status": "PASS", "message": "", "test_name": "test_20_Inputketerangan", "rerun": "0"}, "22": {"status": "PASS", "message": "", "test_name": "test_21_SimpanVerifikasi", "rerun": "0"}, "23": {"status": "PASS", "message": "", "test_name": "test_22_exit", "rerun": "0"}}, "suite_name": "4LaporanBulanan/10.Laporan7D/Fungsional/test_Laporan7D.py"}}}, "date": "April 17, 2023", "start_time": 1681712919.666796, "total_suite": 1, "status": "PASS", "status_list": {"pass": "24", "fail": "0", "skip": "0", "error": "0", "xpass": "0", "xfail": "0", "rerun": "0"}, "total_tests": "24"}