{"content": {"suites": {"0": {"status": {"total_pass": 5, "total_skip": 0, "total_xpass": 0, "total_xfail": 0, "total_rerun": 0, "total_fail": 3, "total_error": 0}, "tests": {"0": {"status": "PASS", "message": "", "test_name": "test_1_SetupOs", "rerun": "0"}, "1": {"status": "PASS", "message": "", "test_name": "test_2_Login", "rerun": "0"}, "2": {"status": "PASS", "message": "", "test_name": "test_2_AksesMenu", "rerun": "0"}, "3": {"status": "PASS", "message": "", "test_name": "test_3_CreateButton", "rerun": "0"}, "4": {"status": "PASS", "message": "", "test_name": "test_3_SearchWBP", "rerun": "0"}, "5": {"status": "FAIL", "message": "   selenium.common.exceptions.ElementClickInterceptedException: Message: element click intercepted: Element <svg viewBox=\"0 0 1024 1024\" xmlns=\"http://www.w3.org/2000/svg\">...</svg> is not clickable at point (193, 469). Other element would receive the click: <div class=\"el-loading-mask\" style=\"\">...</div>\n     (Session info: chrome=112.0.5615.49)\n   Stacktrace:\n   0   chromedriver                        0x00000001032c6ae8 chromedriver + 4958952\n   1   chromedriver                        0x00000001032be7b3 chromedriver + 4925363\n   2   chromedriver                        0x0000000102e801d6 chromedriver + 475606\n   3   chromedriver                        0x0000000102ecd321 chromedriver + 791329\n   4   chromedriver                        0x0000000102eca36e chromedriver + 779118\n   5   chromedriver                        0x0000000102ec6fd4 chromedriver + 765908\n   6   chromedriver                        0x0000000102ec59af chromedriver + 760239\n   7   chromedriver                        0x0000000102eb6283 chromedriver + 696963\n   8   chromedriver                        0x0000000102ee9c12 chromedriver + 908306\n   9   chromedriver                        0x0000000102eb58f1 chromedriver + 694513\n   10  chromedriver                        0x0000000102ee9dce chromedriver + 908750\n   11  chromedriver                        0x0000000102f0525b chromedriver + 1020507\n   12  chromedriver                        0x0000000102ee99e3 chromedriver + 907747\n   13  chromedriver                        0x0000000102eb3aef chromedriver + 686831\n   14  chromedriver                        0x0000000102eb500e chromedriver + 692238\n   15  chromedriver                        0x00000001032829ad chromedriver + 4680109\n   16  chromedriver                        0x0000000103287c12 chromedriver + 4701202\n   17  chromedriver                        0x000000010328e79f chromedriver + 4728735\n   18  chromedriver                        0x0000000103288b7a chromedriver + 4705146\n   19  chromedriver                        0x000000010325b27e chromedriver + 4518526\n   20  chromedriver                        0x00000001032a8908 chromedriver + 4835592\n   21  chromedriver                        0x00000001032a8a87 chromedriver + 4835975\n   22  chromedriver                        0x00000001032b800f chromedriver + 4898831\n   23  libsystem_pthread.dylib             0x00007ff8173931d3 _pthread_start + 125\n   24  libsystem_pthread.dylib             0x00007ff81738ebd3 thread_start + 15\n       assert False\n", "test_name": "test_4_PilihJenisGangguan", "rerun": "0"}, "6": {"status": "FAIL", "message": "           ConnectionRefusedError: [Errno 61] Connection refused\n       urllib3.exceptions.NewConnectionError: <urllib3.connection.HTTPConnection object at 0x10805e190>: Failed to establish a new connection: [Errno 61] Connection refused\n       urllib3.exceptions.MaxRetryError: HTTPConnectionPool(host='localhost', port=52920): Max retries exceeded with url: /session/8730556e4abcd22351f2abaf99779cef/timeouts (Caused by NewConnectionError('<urllib3.connection.HTTPConnection object at 0x10805e190>: Failed to establish a new connection: [Errno 61] Connection refused'))\n", "test_name": "test_5_ClickButtonDaftarkan", "rerun": "0"}, "7": {"status": "FAIL", "message": "           ConnectionRefusedError: [Errno 61] Connection refused\n       urllib3.exceptions.NewConnectionError: <urllib3.connection.HTTPConnection object at 0x108490220>: Failed to establish a new connection: [Errno 61] Connection refused\n       urllib3.exceptions.MaxRetryError: HTTPConnectionPool(host='localhost', port=52920): Max retries exceeded with url: /session/8730556e4abcd22351f2abaf99779cef/window (Caused by NewConnectionError('<urllib3.connection.HTTPConnection object at 0x108490220>: Failed to establish a new connection: [Errno 61] Connection refused'))\n", "test_name": "test_29_exit", "rerun": "0"}}, "suite_name": "4LaporanBulanan/10.Laporan7D/Fungsional/test_Laporan7D.py"}}}, "date": "April 13, 2023", "start_time": 1681354800.051881, "total_suite": 1, "status": "FAIL", "status_list": {"pass": "5", "fail": "3", "skip": "0", "error": "0", "xpass": "0", "xfail": "0", "rerun": "0"}, "total_tests": "8"}