{"content": {"suites": {"0": {"status": {"total_pass": 2, "total_skip": 0, "total_xpass": 0, "total_xfail": 0, "total_rerun": 0, "total_fail": 6, "total_error": 0}, "tests": {"0": {"status": "PASS", "message": "", "test_name": "test_1_SetupOs", "rerun": "0"}, "1": {"status": "PASS", "message": "", "test_name": "test_2_Login", "rerun": "0"}, "2": {"status": "FAIL", "message": "   selenium.common.exceptions.ElementNotInteractableException: Message: element not interactable: element has zero size\n     (Session info: chrome=112.0.5615.49)\n   Stacktrace:\n   0   chromedriver                        0x00000001007a9ae8 chromedriver + 4958952\n   1   chromedriver                        0x00000001007a17b3 chromedriver + 4925363\n   2   chromedriver                        0x00000001003631d6 chromedriver + 475606\n   3   chromedriver                        0x00000001003a84fc chromedriver + 759036\n   4   chromedriver                        0x0000000100399283 chromedriver + 696963\n   5   chromedriver                        0x00000001003ccc12 chromedriver + 908306\n   6   chromedriver                        0x00000001003988f1 chromedriver + 694513\n   7   chromedriver                        0x00000001003ccdce chromedriver + 908750\n   8   chromedriver                        0x00000001003e825b chromedriver + 1020507\n   9   chromedriver                        0x00000001003cc9e3 chromedriver + 907747\n   10  chromedriver                        0x0000000100396aef chromedriver + 686831\n   11  chromedriver                        0x000000010039800e chromedriver + 692238\n   12  chromedriver                        0x00000001007659ad chromedriver + 4680109\n   13  chromedriver                        0x000000010076ac12 chromedriver + 4701202\n   14  chromedriver                        0x000000010077179f chromedriver + 4728735\n   15  chromedriver                        0x000000010076bb7a chromedriver + 4705146\n   16  chromedriver                        0x000000010073e27e chromedriver + 4518526\n   17  chromedriver                        0x000000010078b908 chromedriver + 4835592\n   18  chromedriver                        0x000000010078ba87 chromedriver + 4835975\n   19  chromedriver                        0x000000010079b00f chromedriver + 4898831\n   20  libsystem_pthread.dylib             0x00007ff8173931d3 _pthread_start + 125\n   21  libsystem_pthread.dylib             0x00007ff81738ebd3 thread_start + 15\n       assert False\n", "test_name": "test_2_AksesMenu", "rerun": "0"}, "3": {"status": "FAIL", "message": "           ConnectionRefusedError: [Errno 61] Connection refused\n       urllib3.exceptions.NewConnectionError: <urllib3.connection.HTTPConnection object at 0x117f10250>: Failed to establish a new connection: [Errno 61] Connection refused\n       urllib3.exceptions.MaxRetryError: HTTPConnectionPool(host='localhost', port=52156): Max retries exceeded with url: /session/cfc22c34c4c85186f5a9129996ee57dd/timeouts (Caused by NewConnectionError('<urllib3.connection.HTTPConnection object at 0x117f10250>: Failed to establish a new connection: [Errno 61] Connection refused'))\n", "test_name": "test_3_CreateButton", "rerun": "0"}, "4": {"status": "FAIL", "message": "           ConnectionRefusedError: [Errno 61] Connection refused\n       urllib3.exceptions.NewConnectionError: <urllib3.connection.HTTPConnection object at 0x12cbf2100>: Failed to establish a new connection: [Errno 61] Connection refused\n       urllib3.exceptions.MaxRetryError: HTTPConnectionPool(host='localhost', port=52156): Max retries exceeded with url: /session/cfc22c34c4c85186f5a9129996ee57dd/timeouts (Caused by NewConnectionError('<urllib3.connection.HTTPConnection object at 0x12cbf2100>: Failed to establish a new connection: [Errno 61] Connection refused'))\n", "test_name": "test_3_SearchWBP", "rerun": "0"}, "5": {"status": "FAIL", "message": "           ConnectionRefusedError: [Errno 61] Connection refused\n       urllib3.exceptions.NewConnectionError: <urllib3.connection.HTTPConnection object at 0x12cb95130>: Failed to establish a new connection: [Errno 61] Connection refused\n       urllib3.exceptions.MaxRetryError: HTTPConnectionPool(host='localhost', port=52156): Max retries exceeded with url: /session/cfc22c34c4c85186f5a9129996ee57dd/timeouts (Caused by NewConnectionError('<urllib3.connection.HTTPConnection object at 0x12cb95130>: Failed to establish a new connection: [Errno 61] Connection refused'))\n", "test_name": "test_4_PilihJenisGangguan", "rerun": "0"}, "6": {"status": "FAIL", "message": "           ConnectionRefusedError: [Errno 61] Connection refused\n       urllib3.exceptions.NewConnectionError: <urllib3.connection.HTTPConnection object at 0x12cca1340>: Failed to establish a new connection: [Errno 61] Connection refused\n       urllib3.exceptions.MaxRetryError: HTTPConnectionPool(host='localhost', port=52156): Max retries exceeded with url: /session/cfc22c34c4c85186f5a9129996ee57dd/timeouts (Caused by NewConnectionError('<urllib3.connection.HTTPConnection object at 0x12cca1340>: Failed to establish a new connection: [Errno 61] Connection refused'))\n", "test_name": "test_5_ClickButtonDaftarkan", "rerun": "0"}, "7": {"status": "FAIL", "message": "           ConnectionRefusedError: [Errno 61] Connection refused\n       urllib3.exceptions.NewConnectionError: <urllib3.connection.HTTPConnection object at 0x12cb9ca90>: Failed to establish a new connection: [Errno 61] Connection refused\n       urllib3.exceptions.MaxRetryError: HTTPConnectionPool(host='localhost', port=52156): Max retries exceeded with url: /session/cfc22c34c4c85186f5a9129996ee57dd/window (Caused by NewConnectionError('<urllib3.connection.HTTPConnection object at 0x12cb9ca90>: Failed to establish a new connection: [Errno 61] Connection refused'))\n", "test_name": "test_29_exit", "rerun": "0"}}, "suite_name": "4LaporanBulanan/10.Laporan7D/Fungsional/test_Laporan7D.py"}}}, "date": "April 13, 2023", "start_time": 1681354508.4964259, "total_suite": 1, "status": "FAIL", "status_list": {"pass": "2", "fail": "6", "skip": "0", "error": "0", "xpass": "0", "xfail": "0", "rerun": "0"}, "total_tests": "8"}