{"content": {"suites": {"0": {"status": {"total_pass": 9, "total_skip": 0, "total_xpass": 0, "total_xfail": 0, "total_rerun": 0, "total_fail": 1, "total_error": 0}, "tests": {"0": {"status": "PASS", "message": "", "test_name": "test_1_SetupOs", "rerun": "0"}, "1": {"status": "PASS", "message": "", "test_name": "test_2_Login", "rerun": "0"}, "2": {"status": "PASS", "message": "", "test_name": "test_2_AksesMenu", "rerun": "0"}, "3": {"status": "PASS", "message": "", "test_name": "test_3_CreateButton", "rerun": "0"}, "4": {"status": "PASS", "message": "", "test_name": "test_3_SearchWBP", "rerun": "0"}, "5": {"status": "PASS", "message": "", "test_name": "test_4_PilihJenisGangguan", "rerun": "0"}, "6": {"status": "PASS", "message": "", "test_name": "test_5_ClickButtonDaftarkan", "rerun": "0"}, "7": {"status": "FAIL", "message": "   selenium.common.exceptions.ElementClickInterceptedException: Message: element click intercepted: Element <li class=\"el-select-dropdown__item\">...</li> is not clickable at point (835, 814). Other element would receive the click: <input class=\"el-input__inner\" id=\"jenisPelanggaran\" type=\"text\" readonly=\"\" autocomplete=\"off\" placeholder=\"Pilih Jenis Gangguan\">\n     (Session info: chrome=112.0.5615.49)\n   Stacktrace:\n   0   chromedriver                        0x00000001008e4ae8 chromedriver + 4958952\n   1   chromedriver                        0x00000001008dc7b3 chromedriver + 4925363\n   2   chromedriver                        0x000000010049e1d6 chromedriver + 475606\n   3   chromedriver                        0x00000001004eb321 chromedriver + 791329\n   4   chromedriver                        0x00000001004e836e chromedriver + 779118\n   5   chromedriver                        0x00000001004e4fd4 chromedriver + 765908\n   6   chromedriver                        0x00000001004e39af chromedriver + 760239\n   7   chromedriver                        0x00000001004d4283 chromedriver + 696963\n   8   chromedriver                        0x0000000100507c12 chromedriver + 908306\n   9   chromedriver                        0x00000001004d38f1 chromedriver + 694513\n   10  chromedriver                        0x0000000100507dce chromedriver + 908750\n   11  chromedriver                        0x000000010052325b chromedriver + 1020507\n   12  chromedriver                        0x00000001005079e3 chromedriver + 907747\n   13  chromedriver                        0x00000001004d1aef chromedriver + 686831\n   14  chromedriver                        0x00000001004d300e chromedriver + 692238\n   15  chromedriver                        0x00000001008a09ad chromedriver + 4680109\n   16  chromedriver                        0x00000001008a5c12 chromedriver + 4701202\n   17  chromedriver                        0x00000001008ac79f chromedriver + 4728735\n   18  chromedriver                        0x00000001008a6b7a chromedriver + 4705146\n   19  chromedriver                        0x000000010087927e chromedriver + 4518526\n   20  chromedriver                        0x00000001008c6908 chromedriver + 4835592\n   21  chromedriver                        0x00000001008c6a87 chromedriver + 4835975\n   22  chromedriver                        0x00000001008d600f chromedriver + 4898831\n   23  libsystem_pthread.dylib             0x00007ff80ee0b1d3 _pthread_start + 125\n   24  libsystem_pthread.dylib             0x00007ff80ee06bd3 thread_start + 15\n", "test_name": "test_6_InputData", "rerun": "0"}, "8": {"status": "PASS", "message": "", "test_name": "test_7_submit", "rerun": "0"}, "9": {"status": "PASS", "message": "", "test_name": "test_8_exit", "rerun": "0"}}, "suite_name": "4LaporanBulanan/10.Laporan7D/Fungsional/test_Laporan7D.py"}}}, "date": "April 17, 2023", "start_time": 1681710341.712611, "total_suite": 1, "status": "FAIL", "status_list": {"pass": "9", "fail": "1", "skip": "0", "error": "0", "xpass": "0", "xfail": "0", "rerun": "0"}, "total_tests": "10"}