{"content": {"suites": {"0": {"status": {"total_pass": 1, "total_skip": 0, "total_xpass": 0, "total_xfail": 0, "total_rerun": 0, "total_fail": 2, "total_error": 0}, "tests": {"0": {"status": "PASS", "message": "", "test_name": "test_1_SetupOs", "rerun": "0"}, "1": {"status": "FAIL", "message": "   selenium.common.exceptions.NoSuchElementException: Message: no such element: Unable to locate element: {\"method\":\"css selector\",\"selector\":\"[id=\"login\"]\"}\n     (Session info: chrome=112.0.5615.49)\n   Stacktrace:\n   0   chromedriver                        0x0000000102b97ae8 chromedriver + 4958952\n   1   chromedriver                        0x0000000102b8f7b3 chromedriver + 4925363\n   2   chromedriver                        0x00000001027511d6 chromedriver + 475606\n   3   chromedriver                        0x0000000102794a20 chromedriver + 752160\n   4   chromedriver                        0x0000000102794c81 chromedriver + 752769\n   5   chromedriver                        0x00000001027d8f64 chromedriver + 1032036\n   6   chromedriver                        0x00000001027bac3d chromedriver + 908349\n   7   chromedriver                        0x00000001027d625b chromedriver + 1020507\n   8   chromedriver                        0x00000001027ba9e3 chromedriver + 907747\n   9   chromedriver                        0x0000000102784aef chromedriver + 686831\n   10  chromedriver                        0x000000010278600e chromedriver + 692238\n   11  chromedriver                        0x0000000102b539ad chromedriver + 4680109\n   12  chromedriver                        0x0000000102b58c12 chromedriver + 4701202\n   13  chromedriver                        0x0000000102b5f79f chromedriver + 4728735\n   14  chromedriver                        0x0000000102b59b7a chromedriver + 4705146\n   15  chromedriver                        0x0000000102b2c27e chromedriver + 4518526\n   16  chromedriver                        0x0000000102b79908 chromedriver + 4835592\n   17  chromedriver                        0x0000000102b79a87 chromedriver + 4835975\n   18  chromedriver                        0x0000000102b8900f chromedriver + 4898831\n   19  libsystem_pthread.dylib             0x00007ff8173931d3 _pthread_start + 125\n   20  libsystem_pthread.dylib             0x00007ff81738ebd3 thread_start + 15\n", "test_name": "test_2_Login", "rerun": "0"}, "2": {"status": "FAIL", "message": "           KeyboardInterrupt\n           ConnectionRefusedError: [Errno 61] Connection refused\n       urllib3.exceptions.NewConnectionError: <urllib3.connection.HTTPConnection object at 0x10e76d490>: Failed to establish a new connection: [Errno 61] Connection refused\n       urllib3.exceptions.MaxRetryError: HTTPConnectionPool(host='localhost', port=49528): Max retries exceeded with url: /session/a44e72f9a05088d51ac9980e55c88c2b/screenshot (Caused by NewConnectionError('<urllib3.connection.HTTPConnection object at 0x10e76d490>: Failed to establish a new connection: [Errno 61] Connection refused'))\n", "test_name": "test_2_AksesMenu", "rerun": "0"}}, "suite_name": "4LaporanBulanan/10.Laporan7D/Fungsional/test_Laporan7D.py"}}}, "date": "April 14, 2023", "start_time": 1681405614.1614358, "total_suite": 1, "status": "FAIL", "status_list": {"pass": "1", "fail": "2", "skip": "0", "error": "0", "xpass": "0", "xfail": "0", "rerun": "0"}, "total_tests": "3"}