{"content": {"suites": {"0": {"status": {"total_pass": 2, "total_skip": 0, "total_xpass": 0, "total_xfail": 0, "total_rerun": 0, "total_fail": 6, "total_error": 0}, "tests": {"0": {"status": "PASS", "message": "", "test_name": "test_1_SetupOs", "rerun": "0"}, "1": {"status": "PASS", "message": "", "test_name": "test_2_Login", "rerun": "0"}, "2": {"status": "FAIL", "message": "   selenium.common.exceptions.NoSuchElementException: Message: no such element: Unable to locate element: {\"method\":\"link text\",\"selector\":\"/keamanan/formulir-kamtib-7d\"}\n     (Session info: chrome=112.0.5615.49)\n   Stacktrace:\n   0   chromedriver                        0x00000001050bfae8 chromedriver + 4958952\n   1   chromedriver                        0x00000001050b77b3 chromedriver + 4925363\n   2   chromedriver                        0x0000000104c791d6 chromedriver + 475606\n   3   chromedriver                        0x0000000104cbca20 chromedriver + 752160\n   4   chromedriver                        0x0000000104cbcc81 chromedriver + 752769\n   5   chromedriver                        0x0000000104d00f64 chromedriver + 1032036\n   6   chromedriver                        0x0000000104ce2c3d chromedriver + 908349\n   7   chromedriver                        0x0000000104cfe25b chromedriver + 1020507\n   8   chromedriver                        0x0000000104ce29e3 chromedriver + 907747\n   9   chromedriver                        0x0000000104cacaef chromedriver + 686831\n   10  chromedriver                        0x0000000104cae00e chromedriver + 692238\n   11  chromedriver                        0x000000010507b9ad chromedriver + 4680109\n   12  chromedriver                        0x0000000105080c12 chromedriver + 4701202\n   13  chromedriver                        0x000000010508779f chromedriver + 4728735\n   14  chromedriver                        0x0000000105081b7a chromedriver + 4705146\n   15  chromedriver                        0x000000010505427e chromedriver + 4518526\n   16  chromedriver                        0x00000001050a1908 chromedriver + 4835592\n   17  chromedriver                        0x00000001050a1a87 chromedriver + 4835975\n   18  chromedriver                        0x00000001050b100f chromedriver + 4898831\n   19  libsystem_pthread.dylib             0x00007ff8173931d3 _pthread_start + 125\n   20  libsystem_pthread.dylib             0x00007ff81738ebd3 thread_start + 15\n       assert False\n", "test_name": "test_2_AksesMenu", "rerun": "0"}, "3": {"status": "FAIL", "message": "           ConnectionRefusedError: [Errno 61] Connection refused\n       urllib3.exceptions.NewConnectionError: <urllib3.connection.HTTPConnection object at 0x11c50a340>: Failed to establish a new connection: [Errno 61] Connection refused\n       urllib3.exceptions.MaxRetryError: HTTPConnectionPool(host='localhost', port=51993): Max retries exceeded with url: /session/67d21b60c01cb9e9652b789ad66d2a15/timeouts (Caused by NewConnectionError('<urllib3.connection.HTTPConnection object at 0x11c50a340>: Failed to establish a new connection: [Errno 61] Connection refused'))\n", "test_name": "test_3_CreateButton", "rerun": "0"}, "4": {"status": "FAIL", "message": "           ConnectionRefusedError: [Errno 61] Connection refused\n       urllib3.exceptions.NewConnectionError: <urllib3.connection.HTTPConnection object at 0x11c75eaf0>: Failed to establish a new connection: [Errno 61] Connection refused\n       urllib3.exceptions.MaxRetryError: HTTPConnectionPool(host='localhost', port=51993): Max retries exceeded with url: /session/67d21b60c01cb9e9652b789ad66d2a15/timeouts (Caused by NewConnectionError('<urllib3.connection.HTTPConnection object at 0x11c75eaf0>: Failed to establish a new connection: [Errno 61] Connection refused'))\n", "test_name": "test_3_SearchWBP", "rerun": "0"}, "5": {"status": "FAIL", "message": "           ConnectionRefusedError: [Errno 61] Connection refused\n       urllib3.exceptions.NewConnectionError: <urllib3.connection.HTTPConnection object at 0x11c8af0a0>: Failed to establish a new connection: [Errno 61] Connection refused\n       urllib3.exceptions.MaxRetryError: HTTPConnectionPool(host='localhost', port=51993): Max retries exceeded with url: /session/67d21b60c01cb9e9652b789ad66d2a15/timeouts (Caused by NewConnectionError('<urllib3.connection.HTTPConnection object at 0x11c8af0a0>: Failed to establish a new connection: [Errno 61] Connection refused'))\n", "test_name": "test_4_PilihJenisGangguan", "rerun": "0"}, "6": {"status": "FAIL", "message": "           ConnectionRefusedError: [Errno 61] Connection refused\n       urllib3.exceptions.NewConnectionError: <urllib3.connection.HTTPConnection object at 0x11c64d070>: Failed to establish a new connection: [Errno 61] Connection refused\n       urllib3.exceptions.MaxRetryError: HTTPConnectionPool(host='localhost', port=51993): Max retries exceeded with url: /session/67d21b60c01cb9e9652b789ad66d2a15/timeouts (Caused by NewConnectionError('<urllib3.connection.HTTPConnection object at 0x11c64d070>: Failed to establish a new connection: [Errno 61] Connection refused'))\n", "test_name": "test_5_ClickButtonDaftarkan", "rerun": "0"}, "7": {"status": "FAIL", "message": "           ConnectionRefusedError: [Errno 61] Connection refused\n       urllib3.exceptions.NewConnectionError: <urllib3.connection.HTTPConnection object at 0x11c702220>: Failed to establish a new connection: [Errno 61] Connection refused\n       urllib3.exceptions.MaxRetryError: HTTPConnectionPool(host='localhost', port=51993): Max retries exceeded with url: /session/67d21b60c01cb9e9652b789ad66d2a15/window (Caused by NewConnectionError('<urllib3.connection.HTTPConnection object at 0x11c702220>: Failed to establish a new connection: [Errno 61] Connection refused'))\n", "test_name": "test_29_exit", "rerun": "0"}}, "suite_name": "4LaporanBulanan/10.Laporan7D/Fungsional/test_Laporan7D.py"}}}, "date": "April 13, 2023", "start_time": 1681354433.073122, "total_suite": 1, "status": "FAIL", "status_list": {"pass": "2", "fail": "6", "skip": "0", "error": "0", "xpass": "0", "xfail": "0", "rerun": "0"}, "total_tests": "8"}