{"content": {"suites": {"0": {"status": {"total_pass": 2, "total_skip": 0, "total_xpass": 0, "total_xfail": 0, "total_rerun": 0, "total_fail": 7, "total_error": 0}, "tests": {"0": {"status": "PASS", "message": "", "test_name": "test_1_SetupOs", "rerun": "0"}, "1": {"status": "PASS", "message": "", "test_name": "test_2_Login", "rerun": "0"}, "2": {"status": "FAIL", "message": "   selenium.common.exceptions.ElementNotInteractableException: Message: element not interactable: element has zero size\n     (Session info: chrome=112.0.5615.49)\n   Stacktrace:\n   0   chromedriver                        0x0000000102dd5ae8 chromedriver + 4958952\n   1   chromedriver                        0x0000000102dcd7b3 chromedriver + 4925363\n   2   chromedriver                        0x000000010298f1d6 chromedriver + 475606\n   3   chromedriver                        0x00000001029d44fc chromedriver + 759036\n   4   chromedriver                        0x00000001029c5283 chromedriver + 696963\n   5   chromedriver                        0x00000001029f8c12 chromedriver + 908306\n   6   chromedriver                        0x00000001029c48f1 chromedriver + 694513\n   7   chromedriver                        0x00000001029f8dce chromedriver + 908750\n   8   chromedriver                        0x0000000102a1425b chromedriver + 1020507\n   9   chromedriver                        0x00000001029f89e3 chromedriver + 907747\n   10  chromedriver                        0x00000001029c2aef chromedriver + 686831\n   11  chromedriver                        0x00000001029c400e chromedriver + 692238\n   12  chromedriver                        0x0000000102d919ad chromedriver + 4680109\n   13  chromedriver                        0x0000000102d96c12 chromedriver + 4701202\n   14  chromedriver                        0x0000000102d9d79f chromedriver + 4728735\n   15  chromedriver                        0x0000000102d97b7a chromedriver + 4705146\n   16  chromedriver                        0x0000000102d6a27e chromedriver + 4518526\n   17  chromedriver                        0x0000000102db7908 chromedriver + 4835592\n   18  chromedriver                        0x0000000102db7a87 chromedriver + 4835975\n   19  chromedriver                        0x0000000102dc700f chromedriver + 4898831\n   20  libsystem_pthread.dylib             0x00007ff8173931d3 _pthread_start + 125\n   21  libsystem_pthread.dylib             0x00007ff81738ebd3 thread_start + 15\n       assert False\n", "test_name": "test_2_AksesMenu", "rerun": "0"}, "3": {"status": "FAIL", "message": "           ConnectionRefusedError: [Errno 61] Connection refused\n       urllib3.exceptions.NewConnectionError: <urllib3.connection.HTTPConnection object at 0x11bf865b0>: Failed to establish a new connection: [Errno 61] Connection refused\n       urllib3.exceptions.MaxRetryError: HTTPConnectionPool(host='localhost', port=54962): Max retries exceeded with url: /session/1a7d54dc342e5dec977b1a1cf73bea1c/timeouts (Caused by NewConnectionError('<urllib3.connection.HTTPConnection object at 0x11bf865b0>: Failed to establish a new connection: [Errno 61] Connection refused'))\n", "test_name": "test_3_CreateButton", "rerun": "0"}, "4": {"status": "FAIL", "message": "           ConnectionRefusedError: [Errno 61] Connection refused\n       urllib3.exceptions.NewConnectionError: <urllib3.connection.HTTPConnection object at 0x11c321dc0>: Failed to establish a new connection: [Errno 61] Connection refused\n       urllib3.exceptions.MaxRetryError: HTTPConnectionPool(host='localhost', port=54962): Max retries exceeded with url: /session/1a7d54dc342e5dec977b1a1cf73bea1c/timeouts (Caused by NewConnectionError('<urllib3.connection.HTTPConnection object at 0x11c321dc0>: Failed to establish a new connection: [Errno 61] Connection refused'))\n", "test_name": "test_3_SearchWBP", "rerun": "0"}, "5": {"status": "FAIL", "message": "           ConnectionRefusedError: [Errno 61] Connection refused\n       urllib3.exceptions.NewConnectionError: <urllib3.connection.HTTPConnection object at 0x11c4750a0>: Failed to establish a new connection: [Errno 61] Connection refused\n       urllib3.exceptions.MaxRetryError: HTTPConnectionPool(host='localhost', port=54962): Max retries exceeded with url: /session/1a7d54dc342e5dec977b1a1cf73bea1c/timeouts (Caused by NewConnectionError('<urllib3.connection.HTTPConnection object at 0x11c4750a0>: Failed to establish a new connection: [Errno 61] Connection refused'))\n", "test_name": "test_4_PilihJenisGangguan", "rerun": "0"}, "6": {"status": "FAIL", "message": "           ConnectionRefusedError: [Errno 61] Connection refused\n       urllib3.exceptions.NewConnectionError: <urllib3.connection.HTTPConnection object at 0x11c414130>: Failed to establish a new connection: [Errno 61] Connection refused\n       urllib3.exceptions.MaxRetryError: HTTPConnectionPool(host='localhost', port=54962): Max retries exceeded with url: /session/1a7d54dc342e5dec977b1a1cf73bea1c/timeouts (Caused by NewConnectionError('<urllib3.connection.HTTPConnection object at 0x11c414130>: Failed to establish a new connection: [Errno 61] Connection refused'))\n", "test_name": "test_5_ClickButtonDaftarkan", "rerun": "0"}, "7": {"status": "FAIL", "message": "           ConnectionRefusedError: [Errno 61] Connection refused\n       urllib3.exceptions.NewConnectionError: <urllib3.connection.HTTPConnection object at 0x11c42e0d0>: Failed to establish a new connection: [Errno 61] Connection refused\n       urllib3.exceptions.MaxRetryError: HTTPConnectionPool(host='localhost', port=54962): Max retries exceeded with url: /session/1a7d54dc342e5dec977b1a1cf73bea1c/timeouts (Caused by NewConnectionError('<urllib3.connection.HTTPConnection object at 0x11c42e0d0>: Failed to establish a new connection: [Errno 61] Connection refused'))\n", "test_name": "test_6_InputData", "rerun": "0"}, "8": {"status": "FAIL", "message": "           ConnectionRefusedError: [Errno 61] Connection refused\n       urllib3.exceptions.NewConnectionError: <urllib3.connection.HTTPConnection object at 0x11c20bf40>: Failed to establish a new connection: [Errno 61] Connection refused\n       urllib3.exceptions.MaxRetryError: HTTPConnectionPool(host='localhost', port=54962): Max retries exceeded with url: /session/1a7d54dc342e5dec977b1a1cf73bea1c/window (Caused by NewConnectionError('<urllib3.connection.HTTPConnection object at 0x11c20bf40>: Failed to establish a new connection: [Errno 61] Connection refused'))\n", "test_name": "test_29_exit", "rerun": "0"}}, "suite_name": "4LaporanBulanan/10.Laporan7D/Fungsional/test_Laporan7D.py"}}}, "date": "April 13, 2023", "start_time": 1681381746.368812, "total_suite": 1, "status": "FAIL", "status_list": {"pass": "2", "fail": "7", "skip": "0", "error": "0", "xpass": "0", "xfail": "0", "rerun": "0"}, "total_tests": "9"}