{"content": {"suites": {"0": {"status": {"total_pass": 1, "total_skip": 0, "total_xpass": 0, "total_xfail": 0, "total_rerun": 0, "total_fail": 1, "total_error": 0}, "tests": {"0": {"status": "PASS", "message": "", "test_name": "test_1_SetupOs", "rerun": "0"}, "1": {"status": "FAIL", "message": "   selenium.common.exceptions.NoSuchElementException: Message: no such element: Unable to locate element: {\"method\":\"css selector\",\"selector\":\"[id=\"login\"]\"}\n     (Session info: chrome=112.0.5615.49)\n   Stacktrace:\n   0   chromedriver                        0x0000000102590ae8 chromedriver + 4958952\n   1   chromedriver                        0x00000001025887b3 chromedriver + 4925363\n   2   chromedriver                        0x000000010214a1d6 chromedriver + 475606\n   3   chromedriver                        0x000000010218da20 chromedriver + 752160\n   4   chromedriver                        0x000000010218dc81 chromedriver + 752769\n   5   chromedriver                        0x00000001021d1f64 chromedriver + 1032036\n   6   chromedriver                        0x00000001021b3c3d chromedriver + 908349\n   7   chromedriver                        0x00000001021cf25b chromedriver + 1020507\n   8   chromedriver                        0x00000001021b39e3 chromedriver + 907747\n   9   chromedriver                        0x000000010217daef chromedriver + 686831\n   10  chromedriver                        0x000000010217f00e chromedriver + 692238\n   11  chromedriver                        0x000000010254c9ad chromedriver + 4680109\n   12  chromedriver                        0x0000000102551c12 chromedriver + 4701202\n   13  chromedriver                        0x000000010255879f chromedriver + 4728735\n   14  chromedriver                        0x0000000102552b7a chromedriver + 4705146\n   15  chromedriver                        0x000000010252527e chromedriver + 4518526\n   16  chromedriver                        0x0000000102572908 chromedriver + 4835592\n   17  chromedriver                        0x0000000102572a87 chromedriver + 4835975\n   18  chromedriver                        0x000000010258200f chromedriver + 4898831\n   19  libsystem_pthread.dylib             0x00007ff8173931d3 _pthread_start + 125\n   20  libsystem_pthread.dylib             0x00007ff81738ebd3 thread_start + 15\n", "test_name": "test_2_Login", "rerun": "0"}}, "suite_name": "4LaporanBulanan/10.Laporan7D/Fungsional/test_Laporan7D.py"}}}, "date": "April 14, 2023", "start_time": 1681405916.05378, "total_suite": 1, "status": "FAIL", "status_list": {"pass": "1", "fail": "1", "skip": "0", "error": "0", "xpass": "0", "xfail": "0", "rerun": "0"}, "total_tests": "2"}