{"content": {"suites": {"0": {"status": {"total_pass": 7, "total_skip": 0, "total_xpass": 0, "total_xfail": 0, "total_rerun": 0, "total_fail": 3, "total_error": 0}, "tests": {"0": {"status": "PASS", "message": "", "test_name": "test_1_SetupOs", "rerun": "0"}, "1": {"status": "PASS", "message": "", "test_name": "test_2_Login", "rerun": "0"}, "2": {"status": "PASS", "message": "", "test_name": "test_2_AksesMenu", "rerun": "0"}, "3": {"status": "PASS", "message": "", "test_name": "test_3_CreateButton", "rerun": "0"}, "4": {"status": "PASS", "message": "", "test_name": "test_3_SearchWBP", "rerun": "0"}, "5": {"status": "PASS", "message": "", "test_name": "test_4_PilihJenisGangguan", "rerun": "0"}, "6": {"status": "PASS", "message": "", "test_name": "test_5_ClickButtonDaftarkan", "rerun": "0"}, "7": {"status": "FAIL", "message": "   selenium.common.exceptions.NoSuchElementException: Message: no such element: Unable to locate element: {\"method\":\"css selector\",\"selector\":\"[id=\"jenisGangguan\"]\"}\n     (Session info: chrome=112.0.5615.49)\n   Stacktrace:\n   0   chromedriver                        0x0000000102505ae8 chromedriver + 4958952\n   1   chromedriver                        0x00000001024fd7b3 chromedriver + 4925363\n   2   chromedriver                        0x00000001020bf1d6 chromedriver + 475606\n   3   chromedriver                        0x0000000102102a20 chromedriver + 752160\n   4   chromedriver                        0x0000000102102c81 chromedriver + 752769\n   5   chromedriver                        0x0000000102146f64 chromedriver + 1032036\n   6   chromedriver                        0x0000000102128c3d chromedriver + 908349\n   7   chromedriver                        0x000000010214425b chromedriver + 1020507\n   8   chromedriver                        0x00000001021289e3 chromedriver + 907747\n   9   chromedriver                        0x00000001020f2aef chromedriver + 686831\n   10  chromedriver                        0x00000001020f400e chromedriver + 692238\n   11  chromedriver                        0x00000001024c19ad chromedriver + 4680109\n   12  chromedriver                        0x00000001024c6c12 chromedriver + 4701202\n   13  chromedriver                        0x00000001024cd79f chromedriver + 4728735\n   14  chromedriver                        0x00000001024c7b7a chromedriver + 4705146\n   15  chromedriver                        0x000000010249a27e chromedriver + 4518526\n   16  chromedriver                        0x00000001024e7908 chromedriver + 4835592\n   17  chromedriver                        0x00000001024e7a87 chromedriver + 4835975\n   18  chromedriver                        0x00000001024f700f chromedriver + 4898831\n   19  libsystem_pthread.dylib             0x00007ff8173931d3 _pthread_start + 125\n   20  libsystem_pthread.dylib             0x00007ff81738ebd3 thread_start + 15\n       assert False\n", "test_name": "test_6_PilihJenisGangguan", "rerun": "0"}, "8": {"status": "FAIL", "message": "           ConnectionRefusedError: [Errno 61] Connection refused\n       urllib3.exceptions.NewConnectionError: <urllib3.connection.HTTPConnection object at 0x1274b2220>: Failed to establish a new connection: [Errno 61] Connection refused\n       urllib3.exceptions.MaxRetryError: HTTPConnectionPool(host='localhost', port=63397): Max retries exceeded with url: /session/70b409d6218ec72964432f5999ea97c3/timeouts (Caused by NewConnectionError('<urllib3.connection.HTTPConnection object at 0x1274b2220>: Failed to establish a new connection: [Errno 61] Connection refused'))\n", "test_name": "test_7_TglTerjadi", "rerun": "0"}, "9": {"status": "FAIL", "message": "           ConnectionRefusedError: [Errno 61] Connection refused\n       urllib3.exceptions.NewConnectionError: <urllib3.connection.HTTPConnection object at 0x12773a1f0>: Failed to establish a new connection: [Errno 61] Connection refused\n       urllib3.exceptions.MaxRetryError: HTTPConnectionPool(host='localhost', port=63397): Max retries exceeded with url: /session/70b409d6218ec72964432f5999ea97c3/window (Caused by NewConnectionError('<urllib3.connection.HTTPConnection object at 0x12773a1f0>: Failed to establish a new connection: [Errno 61] Connection refused'))\n", "test_name": "test_29_exit", "rerun": "0"}}, "suite_name": "4LaporanBulanan/10.Laporan7D/Fungsional/test_Laporan7D.py"}}}, "date": "April 13, 2023", "start_time": 1681359769.67277, "total_suite": 1, "status": "FAIL", "status_list": {"pass": "7", "fail": "3", "skip": "0", "error": "0", "xpass": "0", "xfail": "0", "rerun": "0"}, "total_tests": "10"}