{"content": {"suites": {"0": {"status": {"total_pass": 7, "total_skip": 0, "total_xpass": 0, "total_xfail": 0, "total_rerun": 0, "total_fail": 3, "total_error": 0}, "tests": {"0": {"status": "PASS", "message": "", "test_name": "test_1_SetupOs", "rerun": "0"}, "1": {"status": "PASS", "message": "", "test_name": "test_2_Login", "rerun": "0"}, "2": {"status": "PASS", "message": "", "test_name": "test_2_AksesMenu", "rerun": "0"}, "3": {"status": "PASS", "message": "", "test_name": "test_3_CreateButton", "rerun": "0"}, "4": {"status": "PASS", "message": "", "test_name": "test_3_SearchWBP", "rerun": "0"}, "5": {"status": "PASS", "message": "", "test_name": "test_4_PilihJenisGangguan", "rerun": "0"}, "6": {"status": "PASS", "message": "", "test_name": "test_5_ClickButtonDaftarkan", "rerun": "0"}, "7": {"status": "FAIL", "message": "   selenium.common.exceptions.NoSuchElementException: Message: no such element: Unable to locate element: {\"method\":\"css selector\",\"selector\":\"[id=\"jenisGangguan\"]\"}\n     (Session info: chrome=112.0.5615.49)\n   Stacktrace:\n   0   chromedriver                        0x0000000102cc2ae8 chromedriver + 4958952\n   1   chromedriver                        0x0000000102cba7b3 chromedriver + 4925363\n   2   chromedriver                        0x000000010287c1d6 chromedriver + 475606\n   3   chromedriver                        0x00000001028bfa20 chromedriver + 752160\n   4   chromedriver                        0x00000001028bfc81 chromedriver + 752769\n   5   chromedriver                        0x0000000102903f64 chromedriver + 1032036\n   6   chromedriver                        0x00000001028e5c3d chromedriver + 908349\n   7   chromedriver                        0x000000010290125b chromedriver + 1020507\n   8   chromedriver                        0x00000001028e59e3 chromedriver + 907747\n   9   chromedriver                        0x00000001028afaef chromedriver + 686831\n   10  chromedriver                        0x00000001028b100e chromedriver + 692238\n   11  chromedriver                        0x0000000102c7e9ad chromedriver + 4680109\n   12  chromedriver                        0x0000000102c83c12 chromedriver + 4701202\n   13  chromedriver                        0x0000000102c8a79f chromedriver + 4728735\n   14  chromedriver                        0x0000000102c84b7a chromedriver + 4705146\n   15  chromedriver                        0x0000000102c5727e chromedriver + 4518526\n   16  chromedriver                        0x0000000102ca4908 chromedriver + 4835592\n   17  chromedriver                        0x0000000102ca4a87 chromedriver + 4835975\n   18  chromedriver                        0x0000000102cb400f chromedriver + 4898831\n   19  libsystem_pthread.dylib             0x00007ff8173931d3 _pthread_start + 125\n   20  libsystem_pthread.dylib             0x00007ff81738ebd3 thread_start + 15\n       assert False\n", "test_name": "test_6_PilihJenisGangguan", "rerun": "0"}, "8": {"status": "FAIL", "message": "           ConnectionRefusedError: [Errno 61] Connection refused\n       urllib3.exceptions.NewConnectionError: <urllib3.connection.HTTPConnection object at 0x127f24190>: Failed to establish a new connection: [Errno 61] Connection refused\n       urllib3.exceptions.MaxRetryError: HTTPConnectionPool(host='localhost', port=62974): Max retries exceeded with url: /session/9b4430a8a44296afabf598f6b88f90ce/timeouts (Caused by NewConnectionError('<urllib3.connection.HTTPConnection object at 0x127f24190>: Failed to establish a new connection: [Errno 61] Connection refused'))\n", "test_name": "test_7_TglTerjadi", "rerun": "0"}, "9": {"status": "FAIL", "message": "           ConnectionRefusedError: [Errno 61] Connection refused\n       urllib3.exceptions.NewConnectionError: <urllib3.connection.HTTPConnection object at 0x15025d280>: Failed to establish a new connection: [Errno 61] Connection refused\n       urllib3.exceptions.MaxRetryError: HTTPConnectionPool(host='localhost', port=62974): Max retries exceeded with url: /session/9b4430a8a44296afabf598f6b88f90ce/window (Caused by NewConnectionError('<urllib3.connection.HTTPConnection object at 0x15025d280>: Failed to establish a new connection: [Errno 61] Connection refused'))\n", "test_name": "test_29_exit", "rerun": "0"}}, "suite_name": "4LaporanBulanan/10.Laporan7D/Fungsional/test_Laporan7D.py"}}}, "date": "April 13, 2023", "start_time": 1681359698.0429099, "total_suite": 1, "status": "FAIL", "status_list": {"pass": "7", "fail": "3", "skip": "0", "error": "0", "xpass": "0", "xfail": "0", "rerun": "0"}, "total_tests": "10"}