{"content": {"suites": {"0": {"status": {"total_pass": 0, "total_skip": 0, "total_xpass": 0, "total_xfail": 0, "total_rerun": 0, "total_fail": 12, "total_error": 0}, "tests": {"0": {"status": "FAIL", "message": "   ValueError: invalid literal for int() with base 10: ''\n", "test_name": "test_1loginOperator", "rerun": "0"}, "1": {"status": "FAIL", "message": "   NameError: name 'driver' is not defined\n", "test_name": "test_2_AksesMenu", "rerun": "0"}, "2": {"status": "FAIL", "message": "   NameError: name 'driver' is not defined\n", "test_name": "test_3_CreateButton", "rerun": "0"}, "3": {"status": "FAIL", "message": "   NameError: name 'driver' is not defined\n", "test_name": "test_4_JenisKerusuhan", "rerun": "0"}, "4": {"status": "FAIL", "message": "   NameError: name 'driver' is not defined\n", "test_name": "test_5_WaktuKejadian", "rerun": "0"}, "5": {"status": "FAIL", "message": "   NameError: name 'driver' is not defined\n", "test_name": "test_6_IndikasiPenyebab", "rerun": "0"}, "6": {"status": "FAIL", "message": "   NameError: name 'driver' is not defined\n", "test_name": "test_7_TotalKerugian", "rerun": "0"}, "7": {"status": "FAIL", "message": "   NameError: name 'driver' is not defined\n", "test_name": "test_8_KorbanJiwa", "rerun": "0"}, "8": {"status": "FAIL", "message": "   NameError: name 'driver' is not defined\n", "test_name": "test_9_TindakanSementaraYangDilakukan", "rerun": "0"}, "9": {"status": "FAIL", "message": "   NameError: name 'driver' is not defined\n", "test_name": "test_12_BantuanPihakLain", "rerun": "0"}, "10": {"status": "FAIL", "message": "   NameError: name 'driver' is not defined\n", "test_name": "test_13_KondisiAkhir", "rerun": "0"}, "11": {"status": "FAIL", "message": "   NameError: name 'driver' is not defined\n", "test_name": "test_13_Keterangan", "rerun": "0"}}, "suite_name": "4LaporanBulanan/3.Laporan6C/Fungsional/test_Laporan6C.py"}}}, "date": "April 06, 2023", "start_time": 1680799387.566325, "total_suite": 1, "status": "FAIL", "status_list": {"pass": "0", "fail": "12", "skip": "0", "error": "0", "xpass": "0", "xfail": "0", "rerun": "0"}, "total_tests": "12"}