{"content": {"suites": {"0": {"status": {"total_pass": 6, "total_skip": 0, "total_xpass": 0, "total_xfail": 0, "total_rerun": 0, "total_fail": 0, "total_error": 0}, "tests": {"0": {"status": "PASS", "message": "", "test_name": "test_26_loginPusat", "rerun": "0"}, "1": {"status": "PASS", "message": "", "test_name": "test_27_AksesMenuPusat", "rerun": "0"}, "2": {"status": "PASS", "message": "", "test_name": "test_28_PilihKanwil", "rerun": "0"}, "3": {"status": "PASS", "message": "", "test_name": "test_29_PilihUPT", "rerun": "0"}, "4": {"status": "PASS", "message": "", "test_name": "test_30_ClickButtonSearch", "rerun": "0"}, "5": {"status": "PASS", "message": "", "test_name": "test_31_exit", "rerun": "0"}}, "suite_name": "4LaporanBulanan/3.Laporan6C/Fungsional/test_Laporan6C.py"}}}, "date": "April 07, 2023", "start_time": 1680806047.213278, "total_suite": 1, "status": "PASS", "status_list": {"pass": "6", "fail": "0", "skip": "0", "error": "0", "xpass": "0", "xfail": "0", "rerun": "0"}, "total_tests": "6"}