{"content": {"suites": {"0": {"status": {"total_pass": 19, "total_skip": 0, "total_xpass": 0, "total_xfail": 0, "total_rerun": 0, "total_fail": 1, "total_error": 0}, "tests": {"0": {"status": "PASS", "message": "", "test_name": "test_1loginOperator", "rerun": "0"}, "1": {"status": "PASS", "message": "", "test_name": "test_2_AksesMenu", "rerun": "0"}, "2": {"status": "PASS", "message": "", "test_name": "test_3_CreateButton", "rerun": "0"}, "3": {"status": "PASS", "message": "", "test_name": "test_4_JenisKerusuhan", "rerun": "0"}, "4": {"status": "PASS", "message": "", "test_name": "test_5_WaktuKejadian", "rerun": "0"}, "5": {"status": "PASS", "message": "", "test_name": "test_6_IndikasiPenyebab", "rerun": "0"}, "6": {"status": "PASS", "message": "", "test_name": "test_7_TotalKerugian", "rerun": "0"}, "7": {"status": "PASS", "message": "", "test_name": "test_8_KorbanJiwa", "rerun": "0"}, "8": {"status": "PASS", "message": "", "test_name": "test_9_TindakanSementaraYangDilakukan", "rerun": "0"}, "9": {"status": "PASS", "message": "", "test_name": "test_10_BantuanPihakLain", "rerun": "0"}, "10": {"status": "PASS", "message": "", "test_name": "test_11_KondisiAkhir", "rerun": "0"}, "11": {"status": "PASS", "message": "", "test_name": "test_12_Keterangan", "rerun": "0"}, "12": {"status": "PASS", "message": "", "test_name": "test_13_Submit", "rerun": "0"}, "13": {"status": "PASS", "message": "", "test_name": "test_14_loginSPV", "rerun": "0"}, "14": {"status": "PASS", "message": "", "test_name": "test_15_AksesMenuSpv", "rerun": "0"}, "15": {"status": "PASS", "message": "", "test_name": "test_16_KirimLaporanSpv", "rerun": "0"}, "16": {"status": "PASS", "message": "", "test_name": "test_17_loginKanwil", "rerun": "0"}, "17": {"status": "PASS", "message": "", "test_name": "test_18_AksesMenuSpv", "rerun": "0"}, "18": {"status": "FAIL", "message": "   selenium.common.exceptions.TimeoutException: Message:\n", "test_name": "test_19_VerifikasiLaporanKanwil", "rerun": "0"}, "19": {"status": "PASS", "message": "", "test_name": "test_20_ClickButtonSearch", "rerun": "0"}}, "suite_name": "4LaporanBulanan/3.Laporan6C/Fungsional/test_Laporan6C.py"}}}, "date": "April 07, 2023", "start_time": 1680801010.0016441, "total_suite": 1, "status": "FAIL", "status_list": {"pass": "19", "fail": "1", "skip": "0", "error": "0", "xpass": "0", "xfail": "0", "rerun": "0"}, "total_tests": "20"}