{"content": {"suites": {"0": {"status": {"total_pass": 14, "total_skip": 0, "total_xpass": 0, "total_xfail": 0, "total_rerun": 0, "total_fail": 0, "total_error": 0}, "tests": {"0": {"status": "PASS", "message": "", "test_name": "test_1loginOperator", "rerun": "0"}, "1": {"status": "PASS", "message": "", "test_name": "test_2_AksesMenu", "rerun": "0"}, "2": {"status": "PASS", "message": "", "test_name": "test_3_CreateButton", "rerun": "0"}, "3": {"status": "PASS", "message": "", "test_name": "test_4_JenisKerusuhan", "rerun": "0"}, "4": {"status": "PASS", "message": "", "test_name": "test_5_WaktuKejadian", "rerun": "0"}, "5": {"status": "PASS", "message": "", "test_name": "test_6_IndikasiPenyebab", "rerun": "0"}, "6": {"status": "PASS", "message": "", "test_name": "test_7_TotalKerugian", "rerun": "0"}, "7": {"status": "PASS", "message": "", "test_name": "test_8_KorbanJiwa", "rerun": "0"}, "8": {"status": "PASS", "message": "", "test_name": "test_9_TindakanSementaraYangDilakukan", "rerun": "0"}, "9": {"status": "PASS", "message": "", "test_name": "test_12_BantuanPihakLain", "rerun": "0"}, "10": {"status": "PASS", "message": "", "test_name": "test_13_KondisiAkhir", "rerun": "0"}, "11": {"status": "PASS", "message": "", "test_name": "test_13_Keterangan", "rerun": "0"}, "12": {"status": "PASS", "message": "", "test_name": "test_14_Submit", "rerun": "0"}, "13": {"status": "PASS", "message": "", "test_name": "test_35_Exit", "rerun": "0"}}, "suite_name": "4LaporanBulanan/3.Laporan6C/Fungsional/test_Laporan6C.py"}}}, "date": "April 06, 2023", "start_time": 1680799709.436857, "total_suite": 1, "status": "PASS", "status_list": {"pass": "14", "fail": "0", "skip": "0", "error": "0", "xpass": "0", "xfail": "0", "rerun": "0"}, "total_tests": "14"}