{"content": {"suites": {"0": {"status": {"total_pass": 3, "total_skip": 0, "total_xpass": 0, "total_xfail": 0, "total_rerun": 0, "total_fail": 1, "total_error": 0}, "tests": {"0": {"status": "PASS", "message": "", "test_name": "test_17_loginKanwil", "rerun": "0"}, "1": {"status": "PASS", "message": "", "test_name": "test_18_AksesMenuSpv", "rerun": "0"}, "2": {"status": "FAIL", "message": "   selenium.common.exceptions.StaleElementReferenceException: Message: stale element reference: element is not attached to the page document\n     (Session info: chrome=112.0.5615.49)\n   Stacktrace:\n   0   chromedriver                        0x0000000103233ae8 chromedriver + 4958952\n   1   chromedriver                        0x000000010322b7b3 chromedriver + 4925363\n   2   chromedriver                        0x0000000102ded1d6 chromedriver + 475606\n   3   chromedriver                        0x0000000102df1274 chromedriver + 492148\n   4   chromedriver                        0x0000000102df0e56 chromedriver + 491094\n   5   chromedriver                        0x0000000102df12fc chromedriver + 492284\n   6   chromedriver                        0x0000000102e32e29 chromedriver + 761385\n   7   chromedriver                        0x0000000102e23181 chromedriver + 696705\n   8   chromedriver                        0x0000000102e56c12 chromedriver + 908306\n   9   chromedriver                        0x0000000102e228f1 chromedriver + 694513\n   10  chromedriver                        0x0000000102e56dce chromedriver + 908750\n   11  chromedriver                        0x0000000102e7225b chromedriver + 1020507\n   12  chromedriver                        0x0000000102e569e3 chromedriver + 907747\n   13  chromedriver                        0x0000000102e20aef chromedriver + 686831\n   14  chromedriver                        0x0000000102e2200e chromedriver + 692238\n   15  chromedriver                        0x00000001031ef9ad chromedriver + 4680109\n   16  chromedriver                        0x00000001031f4c12 chromedriver + 4701202\n   17  chromedriver                        0x00000001031fb79f chromedriver + 4728735\n   18  chromedriver                        0x00000001031f5b7a chromedriver + 4705146\n   19  chromedriver                        0x00000001031c827e chromedriver + 4518526\n   20  chromedriver                        0x0000000103215908 chromedriver + 4835592\n   21  chromedriver                        0x0000000103215a87 chromedriver + 4835975\n   22  chromedriver                        0x000000010322500f chromedriver + 4898831\n   23  libsystem_pthread.dylib             0x00007ff80e8131d3 _pthread_start + 125\n   24  libsystem_pthread.dylib             0x00007ff80e80ebd3 thread_start + 15\n", "test_name": "test_19_VerifikasiLaporanKanwil", "rerun": "0"}, "3": {"status": "PASS", "message": "", "test_name": "test_31_exit", "rerun": "0"}}, "suite_name": "4LaporanBulanan/3.Laporan6C/Fungsional/test_Laporan6C.py"}}}, "date": "April 07, 2023", "start_time": 1680801263.844835, "total_suite": 1, "status": "FAIL", "status_list": {"pass": "3", "fail": "1", "skip": "0", "error": "0", "xpass": "0", "xfail": "0", "rerun": "0"}, "total_tests": "4"}