{"content": {"suites": {"0": {"status": {"total_pass": 9, "total_skip": 0, "total_xpass": 0, "total_xfail": 0, "total_rerun": 0, "total_fail": 3, "total_error": 0}, "tests": {"0": {"status": "PASS", "message": "", "test_name": "test_1loginOperator", "rerun": "0"}, "1": {"status": "PASS", "message": "", "test_name": "test_2_AksesMenu", "rerun": "0"}, "2": {"status": "PASS", "message": "", "test_name": "test_3_CreateButton", "rerun": "0"}, "3": {"status": "PASS", "message": "", "test_name": "test_4_UraianSingkatKejadian", "rerun": "0"}, "4": {"status": "PASS", "message": "", "test_name": "test_5_WaktuKejadian", "rerun": "0"}, "5": {"status": "FAIL", "message": "   selenium.common.exceptions.ElementClickInterceptedException: Message: element click intercepted: Element <input class=\"el-input__inner\" id=\"indikasiPenyebab\" maxlength=\"200\" type=\"text\" autocomplete=\"off\" placeholder=\"Masukkan Indikasi Penyebab\"> is not clickable at point (1127, 546). Other element would receive the click: <span class=\"el-date-picker__editor-wrap\">...</span>\n     (Session info: chrome=112.0.5615.49)\n   Stacktrace:\n   0   chromedriver                        0x0000000105053ae8 chromedriver + 4958952\n   1   chromedriver                        0x000000010504b7b3 chromedriver + 4925363\n   2   chromedriver                        0x0000000104c0d1d6 chromedriver + 475606\n   3   chromedriver                        0x0000000104c5a321 chromedriver + 791329\n   4   chromedriver                        0x0000000104c5736e chromedriver + 779118\n   5   chromedriver                        0x0000000104c53fd4 chromedriver + 765908\n   6   chromedriver                        0x0000000104c529af chromedriver + 760239\n   7   chromedriver                        0x0000000104c43283 chromedriver + 696963\n   8   chromedriver                        0x0000000104c76c12 chromedriver + 908306\n   9   chromedriver                        0x0000000104c428f1 chromedriver + 694513\n   10  chromedriver                        0x0000000104c76dce chromedriver + 908750\n   11  chromedriver                        0x0000000104c9225b chromedriver + 1020507\n   12  chromedriver                        0x0000000104c769e3 chromedriver + 907747\n   13  chromedriver                        0x0000000104c40aef chromedriver + 686831\n   14  chromedriver                        0x0000000104c4200e chromedriver + 692238\n   15  chromedriver                        0x000000010500f9ad chromedriver + 4680109\n   16  chromedriver                        0x0000000105014c12 chromedriver + 4701202\n   17  chromedriver                        0x000000010501b79f chromedriver + 4728735\n   18  chromedriver                        0x0000000105015b7a chromedriver + 4705146\n   19  chromedriver                        0x0000000104fe827e chromedriver + 4518526\n   20  chromedriver                        0x0000000105035908 chromedriver + 4835592\n   21  chromedriver                        0x0000000105035a87 chromedriver + 4835975\n   22  chromedriver                        0x000000010504500f chromedriver + 4898831\n   23  libsystem_pthread.dylib             0x00007ff80e8131d3 _pthread_start + 125\n   24  libsystem_pthread.dylib             0x00007ff80e80ebd3 thread_start + 15\n", "test_name": "test_6_Kerusakan", "rerun": "0"}, "6": {"status": "FAIL", "message": "   selenium.common.exceptions.ElementClickInterceptedException: Message: element click intercepted: Element <input class=\"el-input__inner\" id=\"kerugianMateri\" maxlength=\"200\" type=\"text\" autocomplete=\"off\" placeholder=\"Masukan Kerugian Materi\"> is not clickable at point (1127, 596). Other element would receive the click: <span role=\"button\" class=\"el-date-picker__header-label\">...</span>\n     (Session info: chrome=112.0.5615.49)\n   Stacktrace:\n   0   chromedriver                        0x0000000105053ae8 chromedriver + 4958952\n   1   chromedriver                        0x000000010504b7b3 chromedriver + 4925363\n   2   chromedriver                        0x0000000104c0d1d6 chromedriver + 475606\n   3   chromedriver                        0x0000000104c5a321 chromedriver + 791329\n   4   chromedriver                        0x0000000104c5736e chromedriver + 779118\n   5   chromedriver                        0x0000000104c53fd4 chromedriver + 765908\n   6   chromedriver                        0x0000000104c529af chromedriver + 760239\n   7   chromedriver                        0x0000000104c43283 chromedriver + 696963\n   8   chromedriver                        0x0000000104c76c12 chromedriver + 908306\n   9   chromedriver                        0x0000000104c428f1 chromedriver + 694513\n   10  chromedriver                        0x0000000104c76dce chromedriver + 908750\n   11  chromedriver                        0x0000000104c9225b chromedriver + 1020507\n   12  chromedriver                        0x0000000104c769e3 chromedriver + 907747\n   13  chromedriver                        0x0000000104c40aef chromedriver + 686831\n   14  chromedriver                        0x0000000104c4200e chromedriver + 692238\n   15  chromedriver                        0x000000010500f9ad chromedriver + 4680109\n   16  chromedriver                        0x0000000105014c12 chromedriver + 4701202\n   17  chromedriver                        0x000000010501b79f chromedriver + 4728735\n   18  chromedriver                        0x0000000105015b7a chromedriver + 4705146\n   19  chromedriver                        0x0000000104fe827e chromedriver + 4518526\n   20  chromedriver                        0x0000000105035908 chromedriver + 4835592\n   21  chromedriver                        0x0000000105035a87 chromedriver + 4835975\n   22  chromedriver                        0x000000010504500f chromedriver + 4898831\n   23  libsystem_pthread.dylib             0x00007ff80e8131d3 _pthread_start + 125\n   24  libsystem_pthread.dylib             0x00007ff80e80ebd3 thread_start + 15\n", "test_name": "test_7_TotalKerugian", "rerun": "0"}, "7": {"status": "PASS", "message": "", "test_name": "test_8_KorbanJiwa", "rerun": "0"}, "8": {"status": "PASS", "message": "", "test_name": "test_9_TindakanSementaraYangDilakukan", "rerun": "0"}, "9": {"status": "PASS", "message": "", "test_name": "test_12_BantuanPihakLain", "rerun": "0"}, "10": {"status": "FAIL", "message": "           TypeError: object of type 'NoneType' has no len()\n", "test_name": "test_13_Keterangan", "rerun": "0"}, "11": {"status": "PASS", "message": "", "test_name": "test_35_Exit", "rerun": "0"}}, "suite_name": "4LaporanBulanan/3.Laporan6C/Fungsional/test_Laporan6C.py"}}}, "date": "April 06, 2023", "start_time": 1680798945.6157608, "total_suite": 1, "status": "FAIL", "status_list": {"pass": "9", "fail": "3", "skip": "0", "error": "0", "xpass": "0", "xfail": "0", "rerun": "0"}, "total_tests": "12"}