{"content": {"suites": {"0": {"status": {"total_pass": 4, "total_skip": 0, "total_xpass": 0, "total_xfail": 0, "total_rerun": 0, "total_fail": 2, "total_error": 0}, "tests": {"0": {"status": "PASS", "message": "", "test_name": "test_26_loginPusat", "rerun": "0"}, "1": {"status": "PASS", "message": "", "test_name": "test_27_AksesMenuPusat", "rerun": "0"}, "2": {"status": "PASS", "message": "", "test_name": "test_28_PilihKanwil", "rerun": "0"}, "3": {"status": "FAIL", "message": "   selenium.common.exceptions.NoSuchElementException: Message: no such element: Unable to locate element: {\"method\":\"css selector\",\"selector\":\"[id=\"formfilterUpt2\"]\"}\n     (Session info: chrome=112.0.5615.49)\n   Stacktrace:\n   0   chromedriver                        0x0000000100ef3ae8 chromedriver + 4958952\n   1   chromedriver                        0x0000000100eeb7b3 chromedriver + 4925363\n   2   chromedriver                        0x0000000100aad1d6 chromedriver + 475606\n   3   chromedriver                        0x0000000100af0a20 chromedriver + 752160\n   4   chromedriver                        0x0000000100af0c81 chromedriver + 752769\n   5   chromedriver                        0x0000000100b34f64 chromedriver + 1032036\n   6   chromedriver                        0x0000000100b16c3d chromedriver + 908349\n   7   chromedriver                        0x0000000100b3225b chromedriver + 1020507\n   8   chromedriver                        0x0000000100b169e3 chromedriver + 907747\n   9   chromedriver                        0x0000000100ae0aef chromedriver + 686831\n   10  chromedriver                        0x0000000100ae200e chromedriver + 692238\n   11  chromedriver                        0x0000000100eaf9ad chromedriver + 4680109\n   12  chromedriver                        0x0000000100eb4c12 chromedriver + 4701202\n   13  chromedriver                        0x0000000100ebb79f chromedriver + 4728735\n   14  chromedriver                        0x0000000100eb5b7a chromedriver + 4705146\n   15  chromedriver                        0x0000000100e8827e chromedriver + 4518526\n   16  chromedriver                        0x0000000100ed5908 chromedriver + 4835592\n   17  chromedriver                        0x0000000100ed5a87 chromedriver + 4835975\n   18  chromedriver                        0x0000000100ee500f chromedriver + 4898831\n   19  libsystem_pthread.dylib             0x00007ff80e8131d3 _pthread_start + 125\n   20  libsystem_pthread.dylib             0x00007ff80e80ebd3 thread_start + 15\n", "test_name": "test_29_PilihUPT", "rerun": "0"}, "4": {"status": "FAIL", "message": "   selenium.common.exceptions.TimeoutException: Message:\n", "test_name": "test_30_ClickButtonSearch", "rerun": "0"}, "5": {"status": "PASS", "message": "", "test_name": "test_31_exit", "rerun": "0"}}, "suite_name": "4LaporanBulanan/3.Laporan6C/Fungsional/test_Laporan6C.py"}}}, "date": "April 07, 2023", "start_time": 1680805913.723383, "total_suite": 1, "status": "FAIL", "status_list": {"pass": "4", "fail": "2", "skip": "0", "error": "0", "xpass": "0", "xfail": "0", "rerun": "0"}, "total_tests": "6"}