{"content": {"suites": {"0": {"status": {"total_pass": 1, "total_skip": 0, "total_xpass": 0, "total_xfail": 0, "total_rerun": 0, "total_fail": 3, "total_error": 0}, "tests": {"0": {"status": "PASS", "message": "", "test_name": "test_TC_GIATJA_008", "rerun": "0"}, "1": {"status": "FAIL", "message": "   selenium.common.exceptions.ElementClickInterceptedException: Message: element click intercepted: Element <li class=\"el-select-dropdown__item\" id=\"jenis3\">...</li> is not clickable at point (966, 471). Other element would receive the click: <li class=\"el-select-dropdown__item\" id=\"jenis2\">...</li>\n     (Session info: chrome=113.0.5672.126)\n   Stacktrace:\n   0   chromedriver                        0x0000000102a8dae8 chromedriver + 4958952\n   1   chromedriver                        0x0000000102a857b3 chromedriver + 4925363\n   2   chromedriver                        0x00000001026471d6 chromedriver + 475606\n   3   chromedriver                        0x0000000102694321 chromedriver + 791329\n   4   chromedriver                        0x000000010269136e chromedriver + 779118\n   5   chromedriver                        0x000000010268dfd4 chromedriver + 765908\n   6   chromedriver                        0x000000010268c9af chromedriver + 760239\n   7   chromedriver                        0x000000010267d283 chromedriver + 696963\n   8   chromedriver                        0x00000001026b0c12 chromedriver + 908306\n   9   chromedriver                        0x000000010267c8f1 chromedriver + 694513\n   10  chromedriver                        0x00000001026b0dce chromedriver + 908750\n   11  chromedriver                        0x00000001026cc25b chromedriver + 1020507\n   12  chromedriver                        0x00000001026b09e3 chromedriver + 907747\n   13  chromedriver                        0x000000010267aaef chromedriver + 686831\n   14  chromedriver                        0x000000010267c00e chromedriver + 692238\n   15  chromedriver                        0x0000000102a499ad chromedriver + 4680109\n   16  chromedriver                        0x0000000102a4ec12 chromedriver + 4701202\n   17  chromedriver                        0x0000000102a5579f chromedriver + 4728735\n   18  chromedriver                        0x0000000102a4fb7a chromedriver + 4705146\n   19  chromedriver                        0x0000000102a2227e chromedriver + 4518526\n   20  chromedriver                        0x0000000102a6f908 chromedriver + 4835592\n   21  chromedriver                        0x0000000102a6fa87 chromedriver + 4835975\n   22  chromedriver                        0x0000000102a7f00f chromedriver + 4898831\n   23  libsystem_pthread.dylib             0x00007ff80b4171d3 _pthread_start + 125\n   24  libsystem_pthread.dylib             0x00007ff80b412bd3 thread_start + 15\n", "test_name": "test_TC_GIATJA_009", "rerun": "0"}, "2": {"status": "FAIL", "message": "   selenium.common.exceptions.TimeoutException: Message: \n   Stacktrace:\n   0   chromedriver                        0x0000000102a8dae8 chromedriver + 4958952\n   1   chromedriver                        0x0000000102a857b3 chromedriver + 4925363\n   2   chromedriver                        0x00000001026471d6 chromedriver + 475606\n   3   chromedriver                        0x000000010268aa20 chromedriver + 752160\n   4   chromedriver                        0x000000010268ac81 chromedriver + 752769\n   5   chromedriver                        0x00000001026cef64 chromedriver + 1032036\n   6   chromedriver                        0x00000001026b0c3d chromedriver + 908349\n   7   chromedriver                        0x00000001026cc25b chromedriver + 1020507\n   8   chromedriver                        0x00000001026b09e3 chromedriver + 907747\n   9   chromedriver                        0x000000010267aaef chromedriver + 686831\n   10  chromedriver                        0x000000010267c00e chromedriver + 692238\n   11  chromedriver                        0x0000000102a499ad chromedriver + 4680109\n   12  chromedriver                        0x0000000102a4ec12 chromedriver + 4701202\n   13  chromedriver                        0x0000000102a5579f chromedriver + 4728735\n   14  chromedriver                        0x0000000102a4fb7a chromedriver + 4705146\n   15  chromedriver                        0x0000000102a2227e chromedriver + 4518526\n   16  chromedriver                        0x0000000102a6f908 chromedriver + 4835592\n   17  chromedriver                        0x0000000102a6fa87 chromedriver + 4835975\n   18  chromedriver                        0x0000000102a7f00f chromedriver + 4898831\n   19  libsystem_pthread.dylib             0x00007ff80b4171d3 _pthread_start + 125\n   20  libsystem_pthread.dylib             0x00007ff80b412bd3 thread_start + 15\n", "test_name": "test_TC_GIATJA_010", "rerun": "0"}, "3": {"status": "FAIL", "message": "   selenium.common.exceptions.TimeoutException: Message: \n   Stacktrace:\n   0   chromedriver                        0x0000000102a8dae8 chromedriver + 4958952\n   1   chromedriver                        0x0000000102a857b3 chromedriver + 4925363\n   2   chromedriver                        0x00000001026471d6 chromedriver + 475606\n   3   chromedriver                        0x000000010268aa20 chromedriver + 752160\n   4   chromedriver                        0x000000010268ac81 chromedriver + 752769\n   5   chromedriver                        0x00000001026cef64 chromedriver + 1032036\n   6   chromedriver                        0x00000001026b0c3d chromedriver + 908349\n   7   chromedriver                        0x00000001026cc25b chromedriver + 1020507\n   8   chromedriver                        0x00000001026b09e3 chromedriver + 907747\n   9   chromedriver                        0x000000010267aaef chromedriver + 686831\n   10  chromedriver                        0x000000010267c00e chromedriver + 692238\n   11  chromedriver                        0x0000000102a499ad chromedriver + 4680109\n   12  chromedriver                        0x0000000102a4ec12 chromedriver + 4701202\n   13  chromedriver                        0x0000000102a5579f chromedriver + 4728735\n   14  chromedriver                        0x0000000102a4fb7a chromedriver + 4705146\n   15  chromedriver                        0x0000000102a2227e chromedriver + 4518526\n   16  chromedriver                        0x0000000102a6f908 chromedriver + 4835592\n   17  chromedriver                        0x0000000102a6fa87 chromedriver + 4835975\n   18  chromedriver                        0x0000000102a7f00f chromedriver + 4898831\n   19  libsystem_pthread.dylib             0x00007ff80b4171d3 _pthread_start + 125\n   20  libsystem_pthread.dylib             0x00007ff80b412bd3 thread_start + 15\n", "test_name": "test_TC_GIATJA_011", "rerun": "0"}}, "suite_name": "Giatja/Fungsional/test_02_OpPemasaran.py"}}}, "date": "May 22, 2023", "start_time": 1684737522.33076, "total_suite": 1, "status": "FAIL", "status_list": {"pass": "1", "fail": "3", "skip": "0", "error": "0", "xpass": "0", "xfail": "0", "rerun": "0"}, "total_tests": "4"}