{"content": {"suites": {"0": {"status": {"total_pass": 1, "total_skip": 0, "total_xpass": 0, "total_xfail": 0, "total_rerun": 0, "total_fail": 6, "total_error": 0}, "tests": {"0": {"status": "PASS", "message": "", "test_name": "test_TC_GIATJA_008", "rerun": "0"}, "1": {"status": "FAIL", "message": "   selenium.common.exceptions.NoSuchElementException: Message: no such element: Unable to locate element: {\"method\":\"css selector\",\"selector\":\"[id=\"kota\"]\"}\n     (Session info: chrome=113.0.5672.126)\n   Stacktrace:\n   0   chromedriver                        0x0000000102b01ae8 chromedriver + 4958952\n   1   chromedriver                        0x0000000102af97b3 chromedriver + 4925363\n   2   chromedriver                        0x00000001026bb1d6 chromedriver + 475606\n   3   chromedriver                        0x00000001026fea20 chromedriver + 752160\n   4   chromedriver                        0x00000001026fec81 chromedriver + 752769\n   5   chromedriver                        0x0000000102742f64 chromedriver + 1032036\n   6   chromedriver                        0x0000000102724c3d chromedriver + 908349\n   7   chromedriver                        0x000000010274025b chromedriver + 1020507\n   8   chromedriver                        0x00000001027249e3 chromedriver + 907747\n   9   chromedriver                        0x00000001026eeaef chromedriver + 686831\n   10  chromedriver                        0x00000001026f000e chromedriver + 692238\n   11  chromedriver                        0x0000000102abd9ad chromedriver + 4680109\n   12  chromedriver                        0x0000000102ac2c12 chromedriver + 4701202\n   13  chromedriver                        0x0000000102ac979f chromedriver + 4728735\n   14  chromedriver                        0x0000000102ac3b7a chromedriver + 4705146\n   15  chromedriver                        0x0000000102a9627e chromedriver + 4518526\n   16  chromedriver                        0x0000000102ae3908 chromedriver + 4835592\n   17  chromedriver                        0x0000000102ae3a87 chromedriver + 4835975\n   18  chromedriver                        0x0000000102af300f chromedriver + 4898831\n   19  libsystem_pthread.dylib             0x00007ff80b4171d3 _pthread_start + 125\n   20  libsystem_pthread.dylib             0x00007ff80b412bd3 thread_start + 15\n", "test_name": "test_TC_GIATJA_009", "rerun": "0"}, "2": {"status": "FAIL", "message": "   selenium.common.exceptions.TimeoutException: Message: \n   Stacktrace:\n   0   chromedriver                        0x0000000102b01ae8 chromedriver + 4958952\n   1   chromedriver                        0x0000000102af97b3 chromedriver + 4925363\n   2   chromedriver                        0x00000001026bb1d6 chromedriver + 475606\n   3   chromedriver                        0x00000001026fea20 chromedriver + 752160\n   4   chromedriver                        0x00000001026fec81 chromedriver + 752769\n   5   chromedriver                        0x0000000102742f64 chromedriver + 1032036\n   6   chromedriver                        0x0000000102724c3d chromedriver + 908349\n   7   chromedriver                        0x000000010274025b chromedriver + 1020507\n   8   chromedriver                        0x00000001027249e3 chromedriver + 907747\n   9   chromedriver                        0x00000001026eeaef chromedriver + 686831\n   10  chromedriver                        0x00000001026f000e chromedriver + 692238\n   11  chromedriver                        0x0000000102abd9ad chromedriver + 4680109\n   12  chromedriver                        0x0000000102ac2c12 chromedriver + 4701202\n   13  chromedriver                        0x0000000102ac979f chromedriver + 4728735\n   14  chromedriver                        0x0000000102ac3b7a chromedriver + 4705146\n   15  chromedriver                        0x0000000102a9627e chromedriver + 4518526\n   16  chromedriver                        0x0000000102ae3908 chromedriver + 4835592\n   17  chromedriver                        0x0000000102ae3a87 chromedriver + 4835975\n   18  chromedriver                        0x0000000102af300f chromedriver + 4898831\n   19  libsystem_pthread.dylib             0x00007ff80b4171d3 _pthread_start + 125\n   20  libsystem_pthread.dylib             0x00007ff80b412bd3 thread_start + 15\n", "test_name": "test_TC_GIATJA_010", "rerun": "0"}, "3": {"status": "FAIL", "message": "   selenium.common.exceptions.TimeoutException: Message: \n   Stacktrace:\n   0   chromedriver                        0x0000000102b01ae8 chromedriver + 4958952\n   1   chromedriver                        0x0000000102af97b3 chromedriver + 4925363\n   2   chromedriver                        0x00000001026bb1d6 chromedriver + 475606\n   3   chromedriver                        0x00000001026fea20 chromedriver + 752160\n   4   chromedriver                        0x00000001026fec81 chromedriver + 752769\n   5   chromedriver                        0x0000000102742f64 chromedriver + 1032036\n   6   chromedriver                        0x0000000102724c3d chromedriver + 908349\n   7   chromedriver                        0x000000010274025b chromedriver + 1020507\n   8   chromedriver                        0x00000001027249e3 chromedriver + 907747\n   9   chromedriver                        0x00000001026eeaef chromedriver + 686831\n   10  chromedriver                        0x00000001026f000e chromedriver + 692238\n   11  chromedriver                        0x0000000102abd9ad chromedriver + 4680109\n   12  chromedriver                        0x0000000102ac2c12 chromedriver + 4701202\n   13  chromedriver                        0x0000000102ac979f chromedriver + 4728735\n   14  chromedriver                        0x0000000102ac3b7a chromedriver + 4705146\n   15  chromedriver                        0x0000000102a9627e chromedriver + 4518526\n   16  chromedriver                        0x0000000102ae3908 chromedriver + 4835592\n   17  chromedriver                        0x0000000102ae3a87 chromedriver + 4835975\n   18  chromedriver                        0x0000000102af300f chromedriver + 4898831\n   19  libsystem_pthread.dylib             0x00007ff80b4171d3 _pthread_start + 125\n   20  libsystem_pthread.dylib             0x00007ff80b412bd3 thread_start + 15\n", "test_name": "test_TC_GIATJA_011", "rerun": "0"}, "4": {"status": "FAIL", "message": "   selenium.common.exceptions.WebDriverException: Message: disconnected: unable to send message to renderer\n     (failed to check if window was closed: disconnected: not connected to DevTools)\n     (Session info: chrome=113.0.5672.126)\n   Stacktrace:\n   0   chromedriver                        0x0000000102b01ae8 chromedriver + 4958952\n   1   chromedriver                        0x0000000102af97b3 chromedriver + 4925363\n   2   chromedriver                        0x00000001026bb1d6 chromedriver + 475606\n   3   chromedriver                        0x00000001026a167e chromedriver + 370302\n   4   chromedriver                        0x00000001026a1d4c chromedriver + 372044\n   5   chromedriver                        0x00000001026c8806 chromedriver + 530438\n   6   chromedriver                        0x00000001026be7d1 chromedriver + 489425\n   7   chromedriver                        0x00000001026be246 chromedriver + 488006\n   8   chromedriver                        0x00000001026bedfe chromedriver + 491006\n   9   chromedriver                        0x00000001026bf2fc chromedriver + 492284\n   10  chromedriver                        0x00000001026fe63c chromedriver + 751164\n   11  chromedriver                        0x00000001026fec81 chromedriver + 752769\n   12  chromedriver                        0x0000000102742f64 chromedriver + 1032036\n   13  chromedriver                        0x0000000102724c3d chromedriver + 908349\n   14  chromedriver                        0x000000010274025b chromedriver + 1020507\n   15  chromedriver                        0x00000001027249e3 chromedriver + 907747\n   16  chromedriver                        0x00000001026eeaef chromedriver + 686831\n   17  chromedriver                        0x00000001026f000e chromedriver + 692238\n   18  chromedriver                        0x0000000102abd9ad chromedriver + 4680109\n   19  chromedriver                        0x0000000102ac2c12 chromedriver + 4701202\n   20  chromedriver                        0x0000000102ac979f chromedriver + 4728735\n   21  chromedriver                        0x0000000102ac3b7a chromedriver + 4705146\n   22  chromedriver                        0x0000000102a9627e chromedriver + 4518526\n   23  chromedriver                        0x0000000102ae3908 chromedriver + 4835592\n   24  chromedriver                        0x0000000102ae3a87 chromedriver + 4835975\n   25  chromedriver                        0x0000000102af300f chromedriver + 4898831\n   26  libsystem_pthread.dylib             0x00007ff80b4171d3 _pthread_start + 125\n   27  libsystem_pthread.dylib             0x00007ff80b412bd3 thread_start + 15\n", "test_name": "test_TC_GIATJA_012", "rerun": "0"}, "5": {"status": "FAIL", "message": "   selenium.common.exceptions.WebDriverException: Message: disconnected: not connected to DevTools\n     (failed to check if window was closed: disconnected: not connected to DevTools)\n     (Session info: chrome=113.0.5672.126)\n   Stacktrace:\n   0   chromedriver                        0x0000000102b01ae8 chromedriver + 4958952\n   1   chromedriver                        0x0000000102af97b3 chromedriver + 4925363\n   2   chromedriver                        0x00000001026bb1d6 chromedriver + 475606\n   3   chromedriver                        0x00000001026a2324 chromedriver + 373540\n   4   chromedriver                        0x00000001026a2093 chromedriver + 372883\n   5   chromedriver                        0x00000001026bcd62 chromedriver + 482658\n   6   chromedriver                        0x000000010273f97e chromedriver + 1018238\n   7   chromedriver                        0x00000001027249e3 chromedriver + 907747\n   8   chromedriver                        0x00000001026eeaef chromedriver + 686831\n   9   chromedriver                        0x00000001026f000e chromedriver + 692238\n   10  chromedriver                        0x0000000102abd9ad chromedriver + 4680109\n   11  chromedriver                        0x0000000102ac2c12 chromedriver + 4701202\n   12  chromedriver                        0x0000000102ac979f chromedriver + 4728735\n   13  chromedriver                        0x0000000102ac3b7a chromedriver + 4705146\n   14  chromedriver                        0x0000000102a9627e chromedriver + 4518526\n   15  chromedriver                        0x0000000102ae3908 chromedriver + 4835592\n   16  chromedriver                        0x0000000102ae3a87 chromedriver + 4835975\n   17  chromedriver                        0x0000000102af300f chromedriver + 4898831\n   18  libsystem_pthread.dylib             0x00007ff80b4171d3 _pthread_start + 125\n   19  libsystem_pthread.dylib             0x00007ff80b412bd3 thread_start + 15\n", "test_name": "test_TC_GIATJA_013", "rerun": "0"}, "6": {"status": "FAIL", "message": "   selenium.common.exceptions.WebDriverException: Message: disconnected: not connected to DevTools\n     (failed to check if window was closed: disconnected: not connected to DevTools)\n     (Session info: chrome=113.0.5672.126)\n   Stacktrace:\n   0   chromedriver                        0x0000000102b01ae8 chromedriver + 4958952\n   1   chromedriver                        0x0000000102af97b3 chromedriver + 4925363\n   2   chromedriver                        0x00000001026bb1d6 chromedriver + 475606\n   3   chromedriver                        0x00000001026a2324 chromedriver + 373540\n   4   chromedriver                        0x00000001026a2093 chromedriver + 372883\n   5   chromedriver                        0x00000001026bcd62 chromedriver + 482658\n   6   chromedriver                        0x000000010273f97e chromedriver + 1018238\n   7   chromedriver                        0x00000001027249e3 chromedriver + 907747\n   8   chromedriver                        0x00000001026eeaef chromedriver + 686831\n   9   chromedriver                        0x00000001026f000e chromedriver + 692238\n   10  chromedriver                        0x0000000102abd9ad chromedriver + 4680109\n   11  chromedriver                        0x0000000102ac2c12 chromedriver + 4701202\n   12  chromedriver                        0x0000000102ac979f chromedriver + 4728735\n   13  chromedriver                        0x0000000102ac3b7a chromedriver + 4705146\n   14  chromedriver                        0x0000000102a9627e chromedriver + 4518526\n   15  chromedriver                        0x0000000102ae3908 chromedriver + 4835592\n   16  chromedriver                        0x0000000102ae3a87 chromedriver + 4835975\n   17  chromedriver                        0x0000000102af300f chromedriver + 4898831\n   18  libsystem_pthread.dylib             0x00007ff80b4171d3 _pthread_start + 125\n   19  libsystem_pthread.dylib             0x00007ff80b412bd3 thread_start + 15\n", "test_name": "test_TC_GIATJA_014", "rerun": "0"}}, "suite_name": "Giatja/Fungsional/test_02_OpPemasaran.py"}}}, "date": "May 22, 2023", "start_time": 1684727687.4297988, "total_suite": 1, "status": "FAIL", "status_list": {"pass": "1", "fail": "6", "skip": "0", "error": "0", "xpass": "0", "xfail": "0", "rerun": "0"}, "total_tests": "7"}