{"content": {"suites": {"0": {"status": {"total_pass": 1, "total_skip": 0, "total_xpass": 0, "total_xfail": 0, "total_rerun": 0, "total_fail": 1, "total_error": 0}, "tests": {"0": {"status": "PASS", "message": "", "test_name": "test_TC_GIATJA_015", "rerun": "0"}, "1": {"status": "FAIL", "message": "   selenium.common.exceptions.InvalidSelectorException: Message: invalid selector: Unable to locate an element with the xpath expression //*[@id=\"el-popper-container-2114\"/]/div[7]/div/div/div[1]/ul because of the following error:\n   SyntaxError: Failed to execute 'evaluate' on 'Document': The string '//*[@id=\"el-popper-container-2114\"/]/div[7]/div/div/div[1]/ul' is not a valid XPath expression.\n     (Session info: chrome=113.0.5672.126)\n   Stacktrace:\n   0   chromedriver                        0x0000000105203ae8 chromedriver + 4958952\n   1   chromedriver                        0x00000001051fb7b3 chromedriver + 4925363\n   2   chromedriver                        0x0000000104dbd1d6 chromedriver + 475606\n   3   chromedriver                        0x0000000104dc1274 chromedriver + 492148\n   4   chromedriver                        0x0000000104dc0e56 chromedriver + 491094\n   5   chromedriver                        0x0000000104dc12fc chromedriver + 492284\n   6   chromedriver                        0x0000000104e0063c chromedriver + 751164\n   7   chromedriver                        0x0000000104e00c81 chromedriver + 752769\n   8   chromedriver                        0x0000000104e44f64 chromedriver + 1032036\n   9   chromedriver                        0x0000000104e26c3d chromedriver + 908349\n   10  chromedriver                        0x0000000104e4225b chromedriver + 1020507\n   11  chromedriver                        0x0000000104e269e3 chromedriver + 907747\n   12  chromedriver                        0x0000000104df0aef chromedriver + 686831\n   13  chromedriver                        0x0000000104df200e chromedriver + 692238\n   14  chromedriver                        0x00000001051bf9ad chromedriver + 4680109\n   15  chromedriver                        0x00000001051c4c12 chromedriver + 4701202\n   16  chromedriver                        0x00000001051cb79f chromedriver + 4728735\n   17  chromedriver                        0x00000001051c5b7a chromedriver + 4705146\n   18  chromedriver                        0x000000010519827e chromedriver + 4518526\n   19  chromedriver                        0x00000001051e5908 chromedriver + 4835592\n   20  chromedriver                        0x00000001051e5a87 chromedriver + 4835975\n   21  chromedriver                        0x00000001051f500f chromedriver + 4898831\n   22  libsystem_pthread.dylib             0x00007ff80a4371d3 _pthread_start + 125\n   23  libsystem_pthread.dylib             0x00007ff80a432bd3 thread_start + 15\n", "test_name": "test_TC_GIATJA_016", "rerun": "0"}}, "suite_name": "Giatja/Fungsional/test_03_OpPNBP.py"}}}, "date": "May 23, 2023", "start_time": 1684826951.804733, "total_suite": 1, "status": "FAIL", "status_list": {"pass": "1", "fail": "1", "skip": "0", "error": "0", "xpass": "0", "xfail": "0", "rerun": "0"}, "total_tests": "2"}