{"content": {"suites": {"0": {"status": {"total_pass": 3, "total_skip": 0, "total_xpass": 0, "total_xfail": 0, "total_rerun": 0, "total_fail": 2, "total_error": 0}, "tests": {"0": {"status": "PASS", "message": "", "test_name": "test_SetupOsOpen", "rerun": "0"}, "1": {"status": "PASS", "message": "", "test_name": "test_TC_GIATJA_001", "rerun": "0"}, "2": {"status": "FAIL", "message": "   AttributeError: 'WebDriver' object has no attribute 'GET'\n", "test_name": "test_TC_GIATJA_002", "rerun": "0"}, "3": {"status": "FAIL", "message": "   AttributeError: 'WebDriver' object has no attribute 'GET'\n", "test_name": "test_TC_GIATJA_003", "rerun": "0"}, "4": {"status": "PASS", "message": "", "test_name": "test_EXIT", "rerun": "0"}}, "suite_name": "Giatja/Fungsional/test_01_OpTambahGiatja.py"}}}, "date": "May 19, 2023", "start_time": 1684474793.301287, "total_suite": 1, "status": "FAIL", "status_list": {"pass": "3", "fail": "2", "skip": "0", "error": "0", "xpass": "0", "xfail": "0", "rerun": "0"}, "total_tests": "5"}