{"content": {"suites": {"0": {"status": {"total_pass": 0, "total_skip": 0, "total_xpass": 0, "total_xfail": 0, "total_rerun": 0, "total_fail": 1, "total_error": 0}, "tests": {"0": {"status": "FAIL", "message": "   selenium.common.exceptions.TimeoutException: Message: \n   Stacktrace:\n   0   chromedriver                        0x0000000104eebae8 chromedriver + 4958952\n   1   chromedriver                        0x0000000104ee37b3 chromedriver + 4925363\n   2   chromedriver                        0x0000000104aa51d6 chromedriver + 475606\n   3   chromedriver                        0x0000000104ae8a20 chromedriver + 752160\n   4   chromedriver                        0x0000000104ae8c81 chromedriver + 752769\n   5   chromedriver                        0x0000000104b2cf64 chromedriver + 1032036\n   6   chromedriver                        0x0000000104b0ec3d chromedriver + 908349\n   7   chromedriver                        0x0000000104b2a25b chromedriver + 1020507\n   8   chromedriver                        0x0000000104b0e9e3 chromedriver + 907747\n   9   chromedriver                        0x0000000104ad8aef chromedriver + 686831\n   10  chromedriver                        0x0000000104ada00e chromedriver + 692238\n   11  chromedriver                        0x0000000104ea79ad chromedriver + 4680109\n   12  chromedriver                        0x0000000104eacc12 chromedriver + 4701202\n   13  chromedriver                        0x0000000104eb379f chromedriver + 4728735\n   14  chromedriver                        0x0000000104eadb7a chromedriver + 4705146\n   15  chromedriver                        0x0000000104e8027e chromedriver + 4518526\n   16  chromedriver                        0x0000000104ecd908 chromedriver + 4835592\n   17  chromedriver                        0x0000000104ecda87 chromedriver + 4835975\n   18  chromedriver                        0x0000000104edd00f chromedriver + 4898831\n   19  libsystem_pthread.dylib             0x00007ff81463f1d3 _pthread_start + 125\n   20  libsystem_pthread.dylib             0x00007ff81463abd3 thread_start + 15\n", "test_name": "test_TC_GIATJA_003", "rerun": "0"}}, "suite_name": "Giatja/Fungsional/test_01_OpTambahGiatja.py"}}}, "date": "May 23, 2023", "start_time": 1684857287.76745, "total_suite": 1, "status": "FAIL", "status_list": {"pass": "0", "fail": "1", "skip": "0", "error": "0", "xpass": "0", "xfail": "0", "rerun": "0"}, "total_tests": "1"}