{"content": {"suites": {"0": {"status": {"total_pass": 8, "total_skip": 0, "total_xpass": 0, "total_xfail": 0, "total_rerun": 0, "total_fail": 4, "total_error": 0}, "tests": {"0": {"status": "PASS", "message": "", "test_name": "test_2_login", "rerun": "0"}, "1": {"status": "PASS", "message": "", "test_name": "test_3_AksesMenu", "rerun": "0"}, "2": {"status": "PASS", "message": "", "test_name": "test_4_CreateButton", "rerun": "0"}, "3": {"status": "PASS", "message": "", "test_name": "test_5_SearchNamaWBP", "rerun": "0"}, "4": {"status": "PASS", "message": "", "test_name": "test_6_ClickButtonSearch", "rerun": "0"}, "5": {"status": "PASS", "message": "", "test_name": "test_7_ClickButtonPenempatan", "rerun": "0"}, "6": {"status": "PASS", "message": "", "test_name": "test_8_SelectBlock", "rerun": "0"}, "7": {"status": "FAIL", "message": "   selenium.common.exceptions.ElementClickInterceptedException: Message: element click intercepted: Element <input class=\"el-input__inner\" id=\"lantaiForm\" type=\"text\" readonly=\"\" autocomplete=\"off\" placeholder=\"Pilih Lantai\"> is not clickable at point (964, 762). Other element would receive the click: <div class=\"el-loading-mask\" style=\"\">...</div>\n     (Session info: chrome=111.0.5563.146)\n   Stacktrace:\n   0   chromedriver                        0x00000001009211c0 chromedriver + 4248000\n   1   chromedriver                        0x00000001008a1dc0 chromedriver + 3726784\n   2   chromedriver                        0x0000000100556ec4 chromedriver + 274116\n   3   chromedriver                        0x000000010059a530 chromedriver + 550192\n   4   chromedriver                        0x0000000100597f28 chromedriver + 540456\n   5   chromedriver                        0x00000001005956c4 chromedriver + 530116\n   6   chromedriver                        0x00000001005945b8 chromedriver + 525752\n   7   chromedriver                        0x00000001005873e0 chromedriver + 472032\n   8   chromedriver                        0x0000000100586bbc chromedriver + 469948\n   9   chromedriver                        0x00000001005ce054 chromedriver + 761940\n   10  chromedriver                        0x0000000100585200 chromedriver + 463360\n   11  chromedriver                        0x0000000100586318 chromedriver + 467736\n   12  chromedriver                        0x00000001008ef060 chromedriver + 4042848\n   13  chromedriver                        0x00000001008f38a4 chromedriver + 4061348\n   14  chromedriver                        0x00000001008fb3d0 chromedriver + 4092880\n   15  chromedriver                        0x00000001008f46e4 chromedriver + 4064996\n   16  chromedriver                        0x00000001008ca0fc chromedriver + 3891452\n   17  chromedriver                        0x0000000100914a64 chromedriver + 4196964\n   18  chromedriver                        0x0000000100914bb8 chromedriver + 4197304\n   19  chromedriver                        0x0000000100928650 chromedriver + 4277840\n   20  libsystem_pthread.dylib             0x000000019d5c606c _pthread_start + 148\n   21  libsystem_pthread.dylib             0x000000019d5c0e2c thread_start + 8\n", "test_name": "test_9_MemilihLantai", "rerun": "0"}, "8": {"status": "FAIL", "message": "   selenium.common.exceptions.ElementClickInterceptedException: Message: element click intercepted: Element <input class=\"el-input__inner\" id=\"kamarForm\" type=\"text\" readonly=\"\" autocomplete=\"off\" placeholder=\"Pilih Kamar\"> is not clickable at point (1439, 762). Other element would receive the click: <div class=\"el-loading-mask\" style=\"\">...</div>\n     (Session info: chrome=111.0.5563.146)\n   Stacktrace:\n   0   chromedriver                        0x00000001009211c0 chromedriver + 4248000\n   1   chromedriver                        0x00000001008a1dc0 chromedriver + 3726784\n   2   chromedriver                        0x0000000100556ec4 chromedriver + 274116\n   3   chromedriver                        0x000000010059a530 chromedriver + 550192\n   4   chromedriver                        0x0000000100597f28 chromedriver + 540456\n   5   chromedriver                        0x00000001005956c4 chromedriver + 530116\n   6   chromedriver                        0x00000001005945b8 chromedriver + 525752\n   7   chromedriver                        0x00000001005873e0 chromedriver + 472032\n   8   chromedriver                        0x0000000100586bbc chromedriver + 469948\n   9   chromedriver                        0x00000001005ce054 chromedriver + 761940\n   10  chromedriver                        0x0000000100585200 chromedriver + 463360\n   11  chromedriver                        0x0000000100586318 chromedriver + 467736\n   12  chromedriver                        0x00000001008ef060 chromedriver + 4042848\n   13  chromedriver                        0x00000001008f38a4 chromedriver + 4061348\n   14  chromedriver                        0x00000001008fb3d0 chromedriver + 4092880\n   15  chromedriver                        0x00000001008f46e4 chromedriver + 4064996\n   16  chromedriver                        0x00000001008ca0fc chromedriver + 3891452\n   17  chromedriver                        0x0000000100914a64 chromedriver + 4196964\n   18  chromedriver                        0x0000000100914bb8 chromedriver + 4197304\n   19  chromedriver                        0x0000000100928650 chromedriver + 4277840\n   20  libsystem_pthread.dylib             0x000000019d5c606c _pthread_start + 148\n   21  libsystem_pthread.dylib             0x000000019d5c0e2c thread_start + 8\n", "test_name": "test_10_MemilihKamar", "rerun": "0"}, "9": {"status": "PASS", "message": "", "test_name": "test_11_InputTanggalPenempatan", "rerun": "0"}, "10": {"status": "FAIL", "message": "   selenium.common.exceptions.ElementClickInterceptedException: Message: element click intercepted: Element <textarea class=\"el-textarea__inner\" id=\"keteranganForm\" rows=\"4\" maxlength=\"255\" autocomplete=\"off\" placeholder=\"Masukkan Keterangan\" style=\"min-height: 31px;\"></textarea> is not clickable at point (965, 886). Other element would receive the click: <div class=\"el-loading-mask\" style=\"\">...</div>\n     (Session info: chrome=111.0.5563.146)\n   Stacktrace:\n   0   chromedriver                        0x00000001009211c0 chromedriver + 4248000\n   1   chromedriver                        0x00000001008a1dc0 chromedriver + 3726784\n   2   chromedriver                        0x0000000100556ec4 chromedriver + 274116\n   3   chromedriver                        0x000000010059a530 chromedriver + 550192\n   4   chromedriver                        0x0000000100597f28 chromedriver + 540456\n   5   chromedriver                        0x00000001005956c4 chromedriver + 530116\n   6   chromedriver                        0x00000001005945b8 chromedriver + 525752\n   7   chromedriver                        0x00000001005873e0 chromedriver + 472032\n   8   chromedriver                        0x0000000100586bbc chromedriver + 469948\n   9   chromedriver                        0x00000001005ce054 chromedriver + 761940\n   10  chromedriver                        0x0000000100585200 chromedriver + 463360\n   11  chromedriver                        0x0000000100586318 chromedriver + 467736\n   12  chromedriver                        0x00000001008ef060 chromedriver + 4042848\n   13  chromedriver                        0x00000001008f38a4 chromedriver + 4061348\n   14  chromedriver                        0x00000001008fb3d0 chromedriver + 4092880\n   15  chromedriver                        0x00000001008f46e4 chromedriver + 4064996\n   16  chromedriver                        0x00000001008ca0fc chromedriver + 3891452\n   17  chromedriver                        0x0000000100914a64 chromedriver + 4196964\n   18  chromedriver                        0x0000000100914bb8 chromedriver + 4197304\n   19  chromedriver                        0x0000000100928650 chromedriver + 4277840\n   20  libsystem_pthread.dylib             0x000000019d5c606c _pthread_start + 148\n   21  libsystem_pthread.dylib             0x000000019d5c0e2c thread_start + 8\n", "test_name": "test_12_InputKeterangan", "rerun": "0"}, "11": {"status": "FAIL", "message": "   selenium.common.exceptions.ElementClickInterceptedException: Message: element click intercepted: Element <button class=\"el-button el-button--default is-plain border-2 text-light-blue-900 !hover:text-light-blue-600 border-light-blue-900 !hover:border-light-blue-600\" type=\"submit\" id=\"submitButton\">...</button> is not clickable at point (1584, 910). Other element would receive the click: <div class=\"el-loading-mask\" style=\"\">...</div>\n     (Session info: chrome=111.0.5563.146)\n   Stacktrace:\n   0   chromedriver                        0x00000001009211c0 chromedriver + 4248000\n   1   chromedriver                        0x00000001008a1dc0 chromedriver + 3726784\n   2   chromedriver                        0x0000000100556ec4 chromedriver + 274116\n   3   chromedriver                        0x000000010059a530 chromedriver + 550192\n   4   chromedriver                        0x0000000100597f28 chromedriver + 540456\n   5   chromedriver                        0x00000001005956c4 chromedriver + 530116\n   6   chromedriver                        0x00000001005945b8 chromedriver + 525752\n   7   chromedriver                        0x00000001005873e0 chromedriver + 472032\n   8   chromedriver                        0x0000000100586bbc chromedriver + 469948\n   9   chromedriver                        0x00000001005ce054 chromedriver + 761940\n   10  chromedriver                        0x0000000100585200 chromedriver + 463360\n   11  chromedriver                        0x0000000100586318 chromedriver + 467736\n   12  chromedriver                        0x00000001008ef060 chromedriver + 4042848\n   13  chromedriver                        0x00000001008f38a4 chromedriver + 4061348\n   14  chromedriver                        0x00000001008fb3d0 chromedriver + 4092880\n   15  chromedriver                        0x00000001008f46e4 chromedriver + 4064996\n   16  chromedriver                        0x00000001008ca0fc chromedriver + 3891452\n   17  chromedriver                        0x0000000100914a64 chromedriver + 4196964\n   18  chromedriver                        0x0000000100914bb8 chromedriver + 4197304\n   19  chromedriver                        0x0000000100928650 chromedriver + 4277840\n   20  libsystem_pthread.dylib             0x000000019d5c606c _pthread_start + 148\n   21  libsystem_pthread.dylib             0x000000019d5c0e2c thread_start + 8\n", "test_name": "test_13_ClickButtonSubmit", "rerun": "0"}}, "suite_name": "Fungsional/test_PenghuniBaru.py"}}}, "date": "March 30, 2023", "start_time": 1680111577.224871, "total_suite": 1, "status": "FAIL", "status_list": {"pass": "8", "fail": "4", "skip": "0", "error": "0", "xpass": "0", "xfail": "0", "rerun": "0"}, "total_tests": "12"}