{"content": {"suites": {"0": {"status": {"total_pass": 5, "total_skip": 0, "total_xpass": 0, "total_xfail": 0, "total_rerun": 0, "total_fail": 1, "total_error": 0}, "tests": {"0": {"status": "PASS", "message": "", "test_name": "test_2_login", "rerun": "0"}, "1": {"status": "PASS", "message": "", "test_name": "test_3_AksesMenu", "rerun": "0"}, "2": {"status": "PASS", "message": "", "test_name": "test_4_CreateButton", "rerun": "0"}, "3": {"status": "PASS", "message": "", "test_name": "test_5_SearchNamaWBP", "rerun": "0"}, "4": {"status": "PASS", "message": "", "test_name": "test_6_ClickButtonSearch", "rerun": "0"}, "5": {"status": "FAIL", "message": "   selenium.common.exceptions.StaleElementReferenceException: Message: stale element reference: element is not attached to the page document\n     (Session info: chrome=111.0.5563.146)\n   Stacktrace:\n   0   chromedriver                        0x0000000102f7d1c0 chromedriver + 4248000\n   1   chromedriver                        0x0000000102efddc0 chromedriver + 3726784\n   2   chromedriver                        0x0000000102bb2ec4 chromedriver + 274116\n   3   chromedriver                        0x0000000102bb68d0 chromedriver + 288976\n   4   chromedriver                        0x0000000102bb657c chromedriver + 288124\n   5   chromedriver                        0x0000000102bb6978 chromedriver + 289144\n   6   chromedriver                        0x0000000102bf631c chromedriver + 549660\n   7   chromedriver                        0x0000000102bf3f28 chromedriver + 540456\n   8   chromedriver                        0x0000000102bf16c4 chromedriver + 530116\n   9   chromedriver                        0x0000000102bf05b8 chromedriver + 525752\n   10  chromedriver                        0x0000000102be33e0 chromedriver + 472032\n   11  chromedriver                        0x0000000102be2bbc chromedriver + 469948\n   12  chromedriver                        0x0000000102c2a054 chromedriver + 761940\n   13  chromedriver                        0x0000000102be1200 chromedriver + 463360\n   14  chromedriver                        0x0000000102be2318 chromedriver + 467736\n   15  chromedriver                        0x0000000102f4b060 chromedriver + 4042848\n   16  chromedriver                        0x0000000102f4f8a4 chromedriver + 4061348\n   17  chromedriver                        0x0000000102f573d0 chromedriver + 4092880\n   18  chromedriver                        0x0000000102f506e4 chromedriver + 4064996\n   19  chromedriver                        0x0000000102f260fc chromedriver + 3891452\n   20  chromedriver                        0x0000000102f70a64 chromedriver + 4196964\n   21  chromedriver                        0x0000000102f70bb8 chromedriver + 4197304\n   22  chromedriver                        0x0000000102f84650 chromedriver + 4277840\n   23  libsystem_pthread.dylib             0x000000019d5c606c _pthread_start + 148\n   24  libsystem_pthread.dylib             0x000000019d5c0e2c thread_start + 8\n", "test_name": "test_7_ClickButtonPenempatan", "rerun": "0"}}, "suite_name": "Fungsional/test_PenghuniBaru.py"}}}, "date": "March 30, 2023", "start_time": 1680113400.81015, "total_suite": 1, "status": "FAIL", "status_list": {"pass": "5", "fail": "1", "skip": "0", "error": "0", "xpass": "0", "xfail": "0", "rerun": "0"}, "total_tests": "6"}