{"content": {"suites": {"0": {"status": {"total_pass": 12, "total_skip": 0, "total_xpass": 0, "total_xfail": 0, "total_rerun": 0, "total_fail": 0, "total_error": 0}, "tests": {"0": {"status": "PASS", "message": "", "test_name": "test_2_login", "rerun": "0"}, "1": {"status": "PASS", "message": "", "test_name": "test_3_AksesMenu", "rerun": "0"}, "2": {"status": "PASS", "message": "", "test_name": "test_4_CreateButton", "rerun": "0"}, "3": {"status": "PASS", "message": "", "test_name": "test_5_SearchNamaWBP", "rerun": "0"}, "4": {"status": "PASS", "message": "", "test_name": "test_6_ClickButtonSearch", "rerun": "0"}, "5": {"status": "PASS", "message": "", "test_name": "test_7_ClickButtonPenempatan", "rerun": "0"}, "6": {"status": "PASS", "message": "", "test_name": "test_8_SelectBlock", "rerun": "0"}, "7": {"status": "PASS", "message": "", "test_name": "test_9_MemilihLantai", "rerun": "0"}, "8": {"status": "PASS", "message": "", "test_name": "test_10_MemilihKamar", "rerun": "0"}, "9": {"status": "PASS", "message": "", "test_name": "test_11_InputTanggalPenempatan", "rerun": "0"}, "10": {"status": "PASS", "message": "", "test_name": "test_12_InputKeterangan", "rerun": "0"}, "11": {"status": "PASS", "message": "", "test_name": "test_13_ClickButtonSubmit", "rerun": "0"}}, "suite_name": "Fungsional/test_PenghuniBaru.py"}}}, "date": "March 30, 2023", "start_time": 1680111518.684372, "total_suite": 1, "status": "PASS", "status_list": {"pass": "12", "fail": "0", "skip": "0", "error": "0", "xpass": "0", "xfail": "0", "rerun": "0"}, "total_tests": "12"}