{"content": {"suites": {"0": {"status": {"total_pass": 31, "total_skip": 0, "total_xpass": 0, "total_xfail": 0, "total_rerun": 0, "total_fail": 2, "total_error": 0}, "tests": {"0": {"status": "PASS", "message": "", "test_name": "test_1loginOperator", "rerun": "0"}, "1": {"status": "PASS", "message": "", "test_name": "test_2_AksesMenu", "rerun": "0"}, "2": {"status": "PASS", "message": "", "test_name": "test_3_CreateButton", "rerun": "0"}, "3": {"status": "PASS", "message": "", "test_name": "test_4_UraianSingkatKejadian", "rerun": "0"}, "4": {"status": "PASS", "message": "", "test_name": "test_5_WaktuKejadian", "rerun": "0"}, "5": {"status": "PASS", "message": "", "test_name": "test_6_Kerusakan", "rerun": "0"}, "6": {"status": "PASS", "message": "", "test_name": "test_7_TotalKerugian", "rerun": "0"}, "7": {"status": "PASS", "message": "", "test_name": "test_8_KorbanJiwa", "rerun": "0"}, "8": {"status": "PASS", "message": "", "test_name": "test_9_TindakanSementaraYangDilakukan", "rerun": "0"}, "9": {"status": "PASS", "message": "", "test_name": "test_10_TindakLanjut", "rerun": "0"}, "10": {"status": "PASS", "message": "", "test_name": "test_11_SumberDana", "rerun": "0"}, "11": {"status": "PASS", "message": "", "test_name": "test_12_BantuanPihakLain", "rerun": "0"}, "12": {"status": "PASS", "message": "", "test_name": "test_13_Keterangan", "rerun": "0"}, "13": {"status": "PASS", "message": "", "test_name": "test_14_Submit", "rerun": "0"}, "14": {"status": "PASS", "message": "", "test_name": "test_17_loginSPV", "rerun": "0"}, "15": {"status": "PASS", "message": "", "test_name": "test_18_AksesMenuSpv", "rerun": "0"}, "16": {"status": "PASS", "message": "", "test_name": "test_19_KirimLaporanSpv", "rerun": "0"}, "17": {"status": "PASS", "message": "", "test_name": "test_20_loginKanwil", "rerun": "0"}, "18": {"status": "PASS", "message": "", "test_name": "test_21_AksesMenuSpv", "rerun": "0"}, "19": {"status": "PASS", "message": "", "test_name": "test_22_VerifikasiLaporanKanwil", "rerun": "0"}, "20": {"status": "PASS", "message": "", "test_name": "test_23_ClickButtonSearch", "rerun": "0"}, "21": {"status": "PASS", "message": "", "test_name": "test_24_ClickButtonVerifikasi", "rerun": "0"}, "22": {"status": "PASS", "message": "", "test_name": "test_25_StatusVerifikasiModal", "rerun": "0"}, "23": {"status": "PASS", "message": "", "test_name": "test_26_UbahStatus", "rerun": "0"}, "24": {"status": "PASS", "message": "", "test_name": "test_27_Inputketerangan", "rerun": "0"}, "25": {"status": "PASS", "message": "", "test_name": "test_28_SimpanVerifikasi", "rerun": "0"}, "26": {"status": "PASS", "message": "", "test_name": "test_29_loginPusat", "rerun": "0"}, "27": {"status": "PASS", "message": "", "test_name": "test_30_AksesMenuPusat", "rerun": "0"}, "28": {"status": "PASS", "message": "", "test_name": "test_31_PilihKanwil", "rerun": "0"}, "29": {"status": "FAIL", "message": "   selenium.common.exceptions.StaleElementReferenceException: Message: stale element reference: element is not attached to the page document\n     (Session info: chrome=112.0.5615.49)\n   Stacktrace:\n   0   chromedriver                        0x00000001052a8ae8 chromedriver + 4958952\n   1   chromedriver                        0x00000001052a07b3 chromedriver + 4925363\n   2   chromedriver                        0x0000000104e621d6 chromedriver + 475606\n   3   chromedriver                        0x0000000104e66274 chromedriver + 492148\n   4   chromedriver                        0x0000000104e65e56 chromedriver + 491094\n   5   chromedriver                        0x0000000104e662fc chromedriver + 492284\n   6   chromedriver                        0x0000000104ea7e29 chromedriver + 761385\n   7   chromedriver                        0x0000000104e98181 chromedriver + 696705\n   8   chromedriver                        0x0000000104ecbc12 chromedriver + 908306\n   9   chromedriver                        0x0000000104e978f1 chromedriver + 694513\n   10  chromedriver                        0x0000000104ecbdce chromedriver + 908750\n   11  chromedriver                        0x0000000104ee725b chromedriver + 1020507\n   12  chromedriver                        0x0000000104ecb9e3 chromedriver + 907747\n   13  chromedriver                        0x0000000104e95aef chromedriver + 686831\n   14  chromedriver                        0x0000000104e9700e chromedriver + 692238\n   15  chromedriver                        0x00000001052649ad chromedriver + 4680109\n   16  chromedriver                        0x0000000105269c12 chromedriver + 4701202\n   17  chromedriver                        0x000000010527079f chromedriver + 4728735\n   18  chromedriver                        0x000000010526ab7a chromedriver + 4705146\n   19  chromedriver                        0x000000010523d27e chromedriver + 4518526\n   20  chromedriver                        0x000000010528a908 chromedriver + 4835592\n   21  chromedriver                        0x000000010528aa87 chromedriver + 4835975\n   22  chromedriver                        0x000000010529a00f chromedriver + 4898831\n   23  libsystem_pthread.dylib             0x00007ff8106c31d3 _pthread_start + 125\n   24  libsystem_pthread.dylib             0x00007ff8106bebd3 thread_start + 15\n", "test_name": "test_32_PilihUPT", "rerun": "0"}, "30": {"status": "PASS", "message": "", "test_name": "test_33_ClickButtonSearch", "rerun": "0"}, "31": {"status": "PASS", "message": "", "test_name": "test_34_exit", "rerun": "0"}, "32": {"status": "FAIL", "message": "           ConnectionRefusedError: [Errno 61] Connection refused\n       urllib3.exceptions.NewConnectionError: <urllib3.connection.HTTPConnection object at 0x10fd75040>: Failed to establish a new connection: [Errno 61] Connection refused\n       urllib3.exceptions.MaxRetryError: HTTPConnectionPool(host='localhost', port=49278): Max retries exceeded with url: /session/c6319a1237d6f913dd9d90ecbe53647b/timeouts (Caused by NewConnectionError('<urllib3.connection.HTTPConnection object at 0x10fd75040>: Failed to establish a new connection: [Errno 61] Connection refused'))\n", "test_name": "test_14_Exit", "rerun": "0"}}, "suite_name": "4LaporanBulanan/2.Laporan6B/Fungsional/test_Laporan6B.py"}}}, "date": "April 06, 2023", "start_time": 1680775407.0657878, "total_suite": 1, "status": "FAIL", "status_list": {"pass": "31", "fail": "2", "skip": "0", "error": "0", "xpass": "0", "xfail": "0", "rerun": "0"}, "total_tests": "33"}