{"content": {"suites": {"0": {"status": {"total_pass": 12, "total_skip": 0, "total_xpass": 0, "total_xfail": 0, "total_rerun": 0, "total_fail": 2, "total_error": 0}, "tests": {"0": {"status": "PASS", "message": "", "test_name": "test_1loginOperatir", "rerun": "0"}, "1": {"status": "PASS", "message": "", "test_name": "test_2_AksesMenu", "rerun": "0"}, "2": {"status": "PASS", "message": "", "test_name": "test_3_CreateButton", "rerun": "0"}, "3": {"status": "PASS", "message": "", "test_name": "test_4_UraianSingkatKejadian", "rerun": "0"}, "4": {"status": "PASS", "message": "", "test_name": "test_5_WaktuKejadian", "rerun": "0"}, "5": {"status": "FAIL", "message": "   selenium.common.exceptions.ElementClickInterceptedException: Message: element click intercepted: Element <input class=\"el-input__inner\" id=\"kerusakan\" maxlength=\"100\" type=\"text\" autocomplete=\"off\" placeholder=\"Masukkan Kerusakan Akibat Kejadian\"> is not clickable at point (1127, 546). Other element would receive the click: <span class=\"el-date-picker__editor-wrap\">...</span>\n     (Session info: chrome=112.0.5615.49)\n   Stacktrace:\n   0   chromedriver                        0x0000000103191ae8 chromedriver + 4958952\n   1   chromedriver                        0x00000001031897b3 chromedriver + 4925363\n   2   chromedriver                        0x0000000102d4b1d6 chromedriver + 475606\n   3   chromedriver                        0x0000000102d98321 chromedriver + 791329\n   4   chromedriver                        0x0000000102d9536e chromedriver + 779118\n   5   chromedriver                        0x0000000102d91fd4 chromedriver + 765908\n   6   chromedriver                        0x0000000102d909af chromedriver + 760239\n   7   chromedriver                        0x0000000102d81283 chromedriver + 696963\n   8   chromedriver                        0x0000000102db4c12 chromedriver + 908306\n   9   chromedriver                        0x0000000102d808f1 chromedriver + 694513\n   10  chromedriver                        0x0000000102db4dce chromedriver + 908750\n   11  chromedriver                        0x0000000102dd025b chromedriver + 1020507\n   12  chromedriver                        0x0000000102db49e3 chromedriver + 907747\n   13  chromedriver                        0x0000000102d7eaef chromedriver + 686831\n   14  chromedriver                        0x0000000102d8000e chromedriver + 692238\n   15  chromedriver                        0x000000010314d9ad chromedriver + 4680109\n   16  chromedriver                        0x0000000103152c12 chromedriver + 4701202\n   17  chromedriver                        0x000000010315979f chromedriver + 4728735\n   18  chromedriver                        0x0000000103153b7a chromedriver + 4705146\n   19  chromedriver                        0x000000010312627e chromedriver + 4518526\n   20  chromedriver                        0x0000000103173908 chromedriver + 4835592\n   21  chromedriver                        0x0000000103173a87 chromedriver + 4835975\n   22  chromedriver                        0x000000010318300f chromedriver + 4898831\n   23  libsystem_pthread.dylib             0x00007ff8080e31d3 _pthread_start + 125\n   24  libsystem_pthread.dylib             0x00007ff8080debd3 thread_start + 15\n", "test_name": "test_6_Kerusakan", "rerun": "0"}, "6": {"status": "FAIL", "message": "   selenium.common.exceptions.ElementClickInterceptedException: Message: element click intercepted: Element <input class=\"el-input__inner\" id=\"totalKerugian\" maxlength=\"100\" type=\"text\" autocomplete=\"off\" placeholder=\"Masukkan Total Kerugian\"> is not clickable at point (1127, 596). Other element would receive the click: <span role=\"button\" class=\"el-date-picker__header-label\">...</span>\n     (Session info: chrome=112.0.5615.49)\n   Stacktrace:\n   0   chromedriver                        0x0000000103191ae8 chromedriver + 4958952\n   1   chromedriver                        0x00000001031897b3 chromedriver + 4925363\n   2   chromedriver                        0x0000000102d4b1d6 chromedriver + 475606\n   3   chromedriver                        0x0000000102d98321 chromedriver + 791329\n   4   chromedriver                        0x0000000102d9536e chromedriver + 779118\n   5   chromedriver                        0x0000000102d91fd4 chromedriver + 765908\n   6   chromedriver                        0x0000000102d909af chromedriver + 760239\n   7   chromedriver                        0x0000000102d81283 chromedriver + 696963\n   8   chromedriver                        0x0000000102db4c12 chromedriver + 908306\n   9   chromedriver                        0x0000000102d808f1 chromedriver + 694513\n   10  chromedriver                        0x0000000102db4dce chromedriver + 908750\n   11  chromedriver                        0x0000000102dd025b chromedriver + 1020507\n   12  chromedriver                        0x0000000102db49e3 chromedriver + 907747\n   13  chromedriver                        0x0000000102d7eaef chromedriver + 686831\n   14  chromedriver                        0x0000000102d8000e chromedriver + 692238\n   15  chromedriver                        0x000000010314d9ad chromedriver + 4680109\n   16  chromedriver                        0x0000000103152c12 chromedriver + 4701202\n   17  chromedriver                        0x000000010315979f chromedriver + 4728735\n   18  chromedriver                        0x0000000103153b7a chromedriver + 4705146\n   19  chromedriver                        0x000000010312627e chromedriver + 4518526\n   20  chromedriver                        0x0000000103173908 chromedriver + 4835592\n   21  chromedriver                        0x0000000103173a87 chromedriver + 4835975\n   22  chromedriver                        0x000000010318300f chromedriver + 4898831\n   23  libsystem_pthread.dylib             0x00007ff8080e31d3 _pthread_start + 125\n   24  libsystem_pthread.dylib             0x00007ff8080debd3 thread_start + 15\n", "test_name": "test_7_TotalKerugian", "rerun": "0"}, "7": {"status": "PASS", "message": "", "test_name": "test_8_KorbanJiwa", "rerun": "0"}, "8": {"status": "PASS", "message": "", "test_name": "test_9_TindakanSementaraYangDilakukan", "rerun": "0"}, "9": {"status": "PASS", "message": "", "test_name": "test_10_TindakLanjut", "rerun": "0"}, "10": {"status": "PASS", "message": "", "test_name": "test_11_SumberDana", "rerun": "0"}, "11": {"status": "PASS", "message": "", "test_name": "test_12_BantuanPihakLain", "rerun": "0"}, "12": {"status": "PASS", "message": "", "test_name": "test_13_Keterangan", "rerun": "0"}, "13": {"status": "PASS", "message": "", "test_name": "test_14_Submit", "rerun": "0"}}, "suite_name": "4LaporanBulanan/2.Laporan6B/Fungsional/test_Laporan6B.py"}}}, "date": "April 06, 2023", "start_time": 1680768982.501548, "total_suite": 1, "status": "FAIL", "status_list": {"pass": "12", "fail": "2", "skip": "0", "error": "0", "xpass": "0", "xfail": "0", "rerun": "0"}, "total_tests": "14"}