{"content": {"suites": {"0": {"status": {"total_pass": 5, "total_skip": 0, "total_xpass": 0, "total_xfail": 0, "total_rerun": 0, "total_fail": 2, "total_error": 0}, "tests": {"0": {"status": "PASS", "message": "", "test_name": "test_TC_GIATJA_008", "rerun": "0"}, "1": {"status": "PASS", "message": "", "test_name": "test_TC_GIATJA_009", "rerun": "0"}, "2": {"status": "PASS", "message": "", "test_name": "test_TC_GIATJA_010", "rerun": "0"}, "3": {"status": "PASS", "message": "", "test_name": "test_TC_GIATJA_011", "rerun": "0"}, "4": {"status": "PASS", "message": "", "test_name": "test_TC_GIATJA_012", "rerun": "0"}, "5": {"status": "FAIL", "message": "   selenium.common.exceptions.TimeoutException: Message: \n   Stacktrace:\n   0   chromedriver                        0x000000010521cae8 chromedriver + 4958952\n   1   chromedriver                        0x00000001052147b3 chromedriver + 4925363\n   2   chromedriver                        0x0000000104dd61d6 chromedriver + 475606\n   3   chromedriver                        0x0000000104e19a20 chromedriver + 752160\n   4   chromedriver                        0x0000000104e19c81 chromedriver + 752769\n   5   chromedriver                        0x0000000104e5df64 chromedriver + 1032036\n   6   chromedriver                        0x0000000104e3fc3d chromedriver + 908349\n   7   chromedriver                        0x0000000104e5b25b chromedriver + 1020507\n   8   chromedriver                        0x0000000104e3f9e3 chromedriver + 907747\n   9   chromedriver                        0x0000000104e09aef chromedriver + 686831\n   10  chromedriver                        0x0000000104e0b00e chromedriver + 692238\n   11  chromedriver                        0x00000001051d89ad chromedriver + 4680109\n   12  chromedriver                        0x00000001051ddc12 chromedriver + 4701202\n   13  chromedriver                        0x00000001051e479f chromedriver + 4728735\n   14  chromedriver                        0x00000001051deb7a chromedriver + 4705146\n   15  chromedriver                        0x00000001051b127e chromedriver + 4518526\n   16  chromedriver                        0x00000001051fe908 chromedriver + 4835592\n   17  chromedriver                        0x00000001051fea87 chromedriver + 4835975\n   18  chromedriver                        0x000000010520e00f chromedriver + 4898831\n   19  libsystem_pthread.dylib             0x00007ff80b4171d3 _pthread_start + 125\n   20  libsystem_pthread.dylib             0x00007ff80b412bd3 thread_start + 15\n", "test_name": "test_TC_GIATJA_013", "rerun": "0"}, "6": {"status": "FAIL", "message": "   selenium.common.exceptions.ElementNotInteractableException: Message: element not interactable\n     (Session info: chrome=113.0.5672.126)\n   Stacktrace:\n   0   chromedriver                        0x000000010521cae8 chromedriver + 4958952\n   1   chromedriver                        0x00000001052147b3 chromedriver + 4925363\n   2   chromedriver                        0x0000000104dd6051 chromedriver + 475217\n   3   chromedriver                        0x0000000104e1b2e8 chromedriver + 758504\n   4   chromedriver                        0x0000000104e0c283 chromedriver + 696963\n   5   chromedriver                        0x0000000104e3fc12 chromedriver + 908306\n   6   chromedriver                        0x0000000104e0b8f1 chromedriver + 694513\n   7   chromedriver                        0x0000000104e3fdce chromedriver + 908750\n   8   chromedriver                        0x0000000104e5b25b chromedriver + 1020507\n   9   chromedriver                        0x0000000104e3f9e3 chromedriver + 907747\n   10  chromedriver                        0x0000000104e09aef chromedriver + 686831\n   11  chromedriver                        0x0000000104e0b00e chromedriver + 692238\n   12  chromedriver                        0x00000001051d89ad chromedriver + 4680109\n   13  chromedriver                        0x00000001051ddc12 chromedriver + 4701202\n   14  chromedriver                        0x00000001051e479f chromedriver + 4728735\n   15  chromedriver                        0x00000001051deb7a chromedriver + 4705146\n   16  chromedriver                        0x00000001051b127e chromedriver + 4518526\n   17  chromedriver                        0x00000001051fe908 chromedriver + 4835592\n   18  chromedriver                        0x00000001051fea87 chromedriver + 4835975\n   19  chromedriver                        0x000000010520e00f chromedriver + 4898831\n   20  libsystem_pthread.dylib             0x00007ff80b4171d3 _pthread_start + 125\n   21  libsystem_pthread.dylib             0x00007ff80b412bd3 thread_start + 15\n", "test_name": "test_TC_GIATJA_014", "rerun": "0"}}, "suite_name": "Giatja/Fungsional/test_02_OpPemasaran.py"}}}, "date": "May 22, 2023", "start_time": 1684729241.48475, "total_suite": 1, "status": "FAIL", "status_list": {"pass": "5", "fail": "2", "skip": "0", "error": "0", "xpass": "0", "xfail": "0", "rerun": "0"}, "total_tests": "7"}