{"content": {"suites": {"0": {"status": {"total_pass": 1, "total_skip": 0, "total_xpass": 0, "total_xfail": 0, "total_rerun": 0, "total_fail": 1, "total_error": 0}, "tests": {"0": {"status": "PASS", "message": "", "test_name": "test_TC_GIATJA_008", "rerun": "0"}, "1": {"status": "FAIL", "message": "   selenium.common.exceptions.TimeoutException: Message: \n   Stacktrace:\n   0   chromedriver                        0x00000001053c1ae8 chromedriver + 4958952\n   1   chromedriver                        0x00000001053b97b3 chromedriver + 4925363\n   2   chromedriver                        0x0000000104f7b1d6 chromedriver + 475606\n   3   chromedriver                        0x0000000104fbea20 chromedriver + 752160\n   4   chromedriver                        0x0000000104fbec81 chromedriver + 752769\n   5   chromedriver                        0x0000000105002f64 chromedriver + 1032036\n   6   chromedriver                        0x0000000104fe4c3d chromedriver + 908349\n   7   chromedriver                        0x000000010500025b chromedriver + 1020507\n   8   chromedriver                        0x0000000104fe49e3 chromedriver + 907747\n   9   chromedriver                        0x0000000104faeaef chromedriver + 686831\n   10  chromedriver                        0x0000000104fb000e chromedriver + 692238\n   11  chromedriver                        0x000000010537d9ad chromedriver + 4680109\n   12  chromedriver                        0x0000000105382c12 chromedriver + 4701202\n   13  chromedriver                        0x000000010538979f chromedriver + 4728735\n   14  chromedriver                        0x0000000105383b7a chromedriver + 4705146\n   15  chromedriver                        0x000000010535627e chromedriver + 4518526\n   16  chromedriver                        0x00000001053a3908 chromedriver + 4835592\n   17  chromedriver                        0x00000001053a3a87 chromedriver + 4835975\n   18  chromedriver                        0x00000001053b300f chromedriver + 4898831\n   19  libsystem_pthread.dylib             0x00007ff80b4171d3 _pthread_start + 125\n   20  libsystem_pthread.dylib             0x00007ff80b412bd3 thread_start + 15\n", "test_name": "test_TC_GIATJA_009", "rerun": "0"}}, "suite_name": "Giatja/Fungsional/test_02_OpPemasaran.py"}}}, "date": "May 22, 2023", "start_time": 1684746129.892322, "total_suite": 1, "status": "FAIL", "status_list": {"pass": "1", "fail": "1", "skip": "0", "error": "0", "xpass": "0", "xfail": "0", "rerun": "0"}, "total_tests": "2"}