{"content": {"suites": {"0": {"status": {"total_pass": 2, "total_skip": 0, "total_xpass": 0, "total_xfail": 0, "total_rerun": 0, "total_fail": 1, "total_error": 0}, "tests": {"0": {"status": "PASS", "message": "", "test_name": "test_TC_GIATJA_001", "rerun": "0"}, "1": {"status": "PASS", "message": "", "test_name": "test_TC_GIATJA_002", "rerun": "0"}, "2": {"status": "FAIL", "message": "   selenium.common.exceptions.ElementClickInterceptedException: Message: element click intercepted: Element <li class=\"el-select-dropdown__item\" id=\"jenisKegiatan3\">...</li> is not clickable at point (1377, 450). Other element would receive the click: <li class=\"el-select-dropdown__item\" id=\"jenisKegiatan2\">...</li>\n     (Session info: chrome=113.0.5672.126)\n   Stacktrace:\n   0   chromedriver                        0x00000001047f6ae8 chromedriver + 4958952\n   1   chromedriver                        0x00000001047ee7b3 chromedriver + 4925363\n   2   chromedriver                        0x00000001043b01d6 chromedriver + 475606\n   3   chromedriver                        0x00000001043fd321 chromedriver + 791329\n   4   chromedriver                        0x00000001043fa36e chromedriver + 779118\n   5   chromedriver                        0x00000001043f6fd4 chromedriver + 765908\n   6   chromedriver                        0x00000001043f59af chromedriver + 760239\n   7   chromedriver                        0x00000001043e6283 chromedriver + 696963\n   8   chromedriver                        0x0000000104419c12 chromedriver + 908306\n   9   chromedriver                        0x00000001043e58f1 chromedriver + 694513\n   10  chromedriver                        0x0000000104419dce chromedriver + 908750\n   11  chromedriver                        0x000000010443525b chromedriver + 1020507\n   12  chromedriver                        0x00000001044199e3 chromedriver + 907747\n   13  chromedriver                        0x00000001043e3aef chromedriver + 686831\n   14  chromedriver                        0x00000001043e500e chromedriver + 692238\n   15  chromedriver                        0x00000001047b29ad chromedriver + 4680109\n   16  chromedriver                        0x00000001047b7c12 chromedriver + 4701202\n   17  chromedriver                        0x00000001047be79f chromedriver + 4728735\n   18  chromedriver                        0x00000001047b8b7a chromedriver + 4705146\n   19  chromedriver                        0x000000010478b27e chromedriver + 4518526\n   20  chromedriver                        0x00000001047d8908 chromedriver + 4835592\n   21  chromedriver                        0x00000001047d8a87 chromedriver + 4835975\n   22  chromedriver                        0x00000001047e800f chromedriver + 4898831\n   23  libsystem_pthread.dylib             0x00007ff80e11f1d3 _pthread_start + 125\n   24  libsystem_pthread.dylib             0x00007ff80e11abd3 thread_start + 15\n", "test_name": "test_TC_GIATJA_003", "rerun": "0"}}, "suite_name": "Giatja/Fungsional/test_01_OpTambahGiatja.py"}}}, "date": "May 21, 2023", "start_time": 1684672041.304953, "total_suite": 1, "status": "FAIL", "status_list": {"pass": "2", "fail": "1", "skip": "0", "error": "0", "xpass": "0", "xfail": "0", "rerun": "0"}, "total_tests": "3"}