{"content": {"suites": {"0": {"status": {"total_pass": 2, "total_skip": 0, "total_xpass": 0, "total_xfail": 0, "total_rerun": 0, "total_fail": 2, "total_error": 0}, "tests": {"0": {"status": "PASS", "message": "", "test_name": "test_TC_GIATJA_001", "rerun": "0"}, "1": {"status": "PASS", "message": "", "test_name": "test_TC_GIATJA_002", "rerun": "0"}, "2": {"status": "FAIL", "message": "   selenium.common.exceptions.ElementClickInterceptedException: Message: element click intercepted: Element <form class=\"el-form el-form--default el-form--label-left mt-6\">...</form> is not clickable at point (392, 300). Other element would receive the click: <input class=\"el-input__inner\" id=\"harga\" type=\"text\" autocomplete=\"off\" placeholder=\"Masukkan Harga\" inputmode=\"decimal\">\n     (Session info: headless chrome=113.0.5672.126)\n   Stacktrace:\n   0   chromedriver                        0x0000000102733ae8 chromedriver + 4958952\n   1   chromedriver                        0x000000010272b7b3 chromedriver + 4925363\n   2   chromedriver                        0x00000001022ed1d6 chromedriver + 475606\n   3   chromedriver                        0x000000010233a321 chromedriver + 791329\n   4   chromedriver                        0x000000010233736e chromedriver + 779118\n   5   chromedriver                        0x0000000102333fd4 chromedriver + 765908\n   6   chromedriver                        0x00000001023329af chromedriver + 760239\n   7   chromedriver                        0x0000000102323283 chromedriver + 696963\n   8   chromedriver                        0x0000000102356c12 chromedriver + 908306\n   9   chromedriver                        0x00000001023228f1 chromedriver + 694513\n   10  chromedriver                        0x0000000102356dce chromedriver + 908750\n   11  chromedriver                        0x000000010237225b chromedriver + 1020507\n   12  chromedriver                        0x00000001023569e3 chromedriver + 907747\n   13  chromedriver                        0x0000000102320aef chromedriver + 686831\n   14  chromedriver                        0x000000010232200e chromedriver + 692238\n   15  chromedriver                        0x00000001026ef9ad chromedriver + 4680109\n   16  chromedriver                        0x00000001026f4c12 chromedriver + 4701202\n   17  chromedriver                        0x00000001026fb79f chromedriver + 4728735\n   18  chromedriver                        0x00000001026f5b7a chromedriver + 4705146\n   19  chromedriver                        0x00000001026c827e chromedriver + 4518526\n   20  chromedriver                        0x0000000102715908 chromedriver + 4835592\n   21  chromedriver                        0x0000000102715a87 chromedriver + 4835975\n   22  chromedriver                        0x000000010272500f chromedriver + 4898831\n   23  libsystem_pthread.dylib             0x00007ff8099431d3 _pthread_start + 125\n   24  libsystem_pthread.dylib             0x00007ff80993ebd3 thread_start + 15\n", "test_name": "test_TC_GIATJA_003", "rerun": "0"}, "3": {"status": "FAIL", "message": "   selenium.common.exceptions.TimeoutException: Message: \n   Stacktrace:\n   0   chromedriver                        0x0000000102733ae8 chromedriver + 4958952\n   1   chromedriver                        0x000000010272b7b3 chromedriver + 4925363\n   2   chromedriver                        0x00000001022ed1d6 chromedriver + 475606\n   3   chromedriver                        0x0000000102330a20 chromedriver + 752160\n   4   chromedriver                        0x0000000102330c81 chromedriver + 752769\n   5   chromedriver                        0x0000000102374f64 chromedriver + 1032036\n   6   chromedriver                        0x0000000102356c3d chromedriver + 908349\n   7   chromedriver                        0x000000010237225b chromedriver + 1020507\n   8   chromedriver                        0x00000001023569e3 chromedriver + 907747\n   9   chromedriver                        0x0000000102320aef chromedriver + 686831\n   10  chromedriver                        0x000000010232200e chromedriver + 692238\n   11  chromedriver                        0x00000001026ef9ad chromedriver + 4680109\n   12  chromedriver                        0x00000001026f4c12 chromedriver + 4701202\n   13  chromedriver                        0x00000001026fb79f chromedriver + 4728735\n   14  chromedriver                        0x00000001026f5b7a chromedriver + 4705146\n   15  chromedriver                        0x00000001026c827e chromedriver + 4518526\n   16  chromedriver                        0x0000000102715908 chromedriver + 4835592\n   17  chromedriver                        0x0000000102715a87 chromedriver + 4835975\n   18  chromedriver                        0x000000010272500f chromedriver + 4898831\n   19  libsystem_pthread.dylib             0x00007ff8099431d3 _pthread_start + 125\n   20  libsystem_pthread.dylib             0x00007ff80993ebd3 thread_start + 15\n", "test_name": "test_TC_GIATJA_004", "rerun": "0"}}, "suite_name": "Giatja/Fungsional/test_01_OpTambahGiatja.py"}}}, "date": "May 19, 2023", "start_time": 1684511913.989943, "total_suite": 1, "status": "FAIL", "status_list": {"pass": "2", "fail": "2", "skip": "0", "error": "0", "xpass": "0", "xfail": "0", "rerun": "0"}, "total_tests": "4"}