{"content": {"suites": {"0": {"status": {"total_pass": 1, "total_skip": 0, "total_xpass": 0, "total_xfail": 0, "total_rerun": 0, "total_fail": 6, "total_error": 0}, "tests": {"0": {"status": "PASS", "message": "", "test_name": "test_TC_GIATJA_015", "rerun": "0"}, "1": {"status": "FAIL", "message": "   selenium.common.exceptions.TimeoutException: Message:\n", "test_name": "test_TC_GIATJA_016", "rerun": "0"}, "2": {"status": "FAIL", "message": "   selenium.common.exceptions.TimeoutException: Message: \n   Stacktrace:\n   0   chromedriver                        0x0000000102f9cae8 chromedriver + 4958952\n   1   chromedriver                        0x0000000102f947b3 chromedriver + 4925363\n   2   chromedriver                        0x0000000102b561d6 chromedriver + 475606\n   3   chromedriver                        0x0000000102b99a20 chromedriver + 752160\n   4   chromedriver                        0x0000000102b99c81 chromedriver + 752769\n   5   chromedriver                        0x0000000102bddf64 chromedriver + 1032036\n   6   chromedriver                        0x0000000102bbfc3d chromedriver + 908349\n   7   chromedriver                        0x0000000102bdb25b chromedriver + 1020507\n   8   chromedriver                        0x0000000102bbf9e3 chromedriver + 907747\n   9   chromedriver                        0x0000000102b89aef chromedriver + 686831\n   10  chromedriver                        0x0000000102b8b00e chromedriver + 692238\n   11  chromedriver                        0x0000000102f589ad chromedriver + 4680109\n   12  chromedriver                        0x0000000102f5dc12 chromedriver + 4701202\n   13  chromedriver                        0x0000000102f6479f chromedriver + 4728735\n   14  chromedriver                        0x0000000102f5eb7a chromedriver + 4705146\n   15  chromedriver                        0x0000000102f3127e chromedriver + 4518526\n   16  chromedriver                        0x0000000102f7e908 chromedriver + 4835592\n   17  chromedriver                        0x0000000102f7ea87 chromedriver + 4835975\n   18  chromedriver                        0x0000000102f8e00f chromedriver + 4898831\n   19  libsystem_pthread.dylib             0x00007ff80d7b71d3 _pthread_start + 125\n   20  libsystem_pthread.dylib             0x00007ff80d7b2bd3 thread_start + 15\n", "test_name": "test_TC_GIATJA_017", "rerun": "0"}, "3": {"status": "FAIL", "message": "   selenium.common.exceptions.TimeoutException: Message: \n   Stacktrace:\n   0   chromedriver                        0x0000000102f9cae8 chromedriver + 4958952\n   1   chromedriver                        0x0000000102f947b3 chromedriver + 4925363\n   2   chromedriver                        0x0000000102b561d6 chromedriver + 475606\n   3   chromedriver                        0x0000000102b99a20 chromedriver + 752160\n   4   chromedriver                        0x0000000102b99c81 chromedriver + 752769\n   5   chromedriver                        0x0000000102bddf64 chromedriver + 1032036\n   6   chromedriver                        0x0000000102bbfc3d chromedriver + 908349\n   7   chromedriver                        0x0000000102bdb25b chromedriver + 1020507\n   8   chromedriver                        0x0000000102bbf9e3 chromedriver + 907747\n   9   chromedriver                        0x0000000102b89aef chromedriver + 686831\n   10  chromedriver                        0x0000000102b8b00e chromedriver + 692238\n   11  chromedriver                        0x0000000102f589ad chromedriver + 4680109\n   12  chromedriver                        0x0000000102f5dc12 chromedriver + 4701202\n   13  chromedriver                        0x0000000102f6479f chromedriver + 4728735\n   14  chromedriver                        0x0000000102f5eb7a chromedriver + 4705146\n   15  chromedriver                        0x0000000102f3127e chromedriver + 4518526\n   16  chromedriver                        0x0000000102f7e908 chromedriver + 4835592\n   17  chromedriver                        0x0000000102f7ea87 chromedriver + 4835975\n   18  chromedriver                        0x0000000102f8e00f chromedriver + 4898831\n   19  libsystem_pthread.dylib             0x00007ff80d7b71d3 _pthread_start + 125\n   20  libsystem_pthread.dylib             0x00007ff80d7b2bd3 thread_start + 15\n", "test_name": "test_TC_GIATJA_018", "rerun": "0"}, "4": {"status": "FAIL", "message": "   selenium.common.exceptions.TimeoutException: Message: \n   Stacktrace:\n   0   chromedriver                        0x0000000102f9cae8 chromedriver + 4958952\n   1   chromedriver                        0x0000000102f947b3 chromedriver + 4925363\n   2   chromedriver                        0x0000000102b561d6 chromedriver + 475606\n   3   chromedriver                        0x0000000102b99a20 chromedriver + 752160\n   4   chromedriver                        0x0000000102b99c81 chromedriver + 752769\n   5   chromedriver                        0x0000000102bddf64 chromedriver + 1032036\n   6   chromedriver                        0x0000000102bbfc3d chromedriver + 908349\n   7   chromedriver                        0x0000000102bdb25b chromedriver + 1020507\n   8   chromedriver                        0x0000000102bbf9e3 chromedriver + 907747\n   9   chromedriver                        0x0000000102b89aef chromedriver + 686831\n   10  chromedriver                        0x0000000102b8b00e chromedriver + 692238\n   11  chromedriver                        0x0000000102f589ad chromedriver + 4680109\n   12  chromedriver                        0x0000000102f5dc12 chromedriver + 4701202\n   13  chromedriver                        0x0000000102f6479f chromedriver + 4728735\n   14  chromedriver                        0x0000000102f5eb7a chromedriver + 4705146\n   15  chromedriver                        0x0000000102f3127e chromedriver + 4518526\n   16  chromedriver                        0x0000000102f7e908 chromedriver + 4835592\n   17  chromedriver                        0x0000000102f7ea87 chromedriver + 4835975\n   18  chromedriver                        0x0000000102f8e00f chromedriver + 4898831\n   19  libsystem_pthread.dylib             0x00007ff80d7b71d3 _pthread_start + 125\n   20  libsystem_pthread.dylib             0x00007ff80d7b2bd3 thread_start + 15\n", "test_name": "test_TC_GIATJA_019", "rerun": "0"}, "5": {"status": "FAIL", "message": "   selenium.common.exceptions.TimeoutException: Message: \n   Stacktrace:\n   0   chromedriver                        0x0000000102f9cae8 chromedriver + 4958952\n   1   chromedriver                        0x0000000102f947b3 chromedriver + 4925363\n   2   chromedriver                        0x0000000102b561d6 chromedriver + 475606\n   3   chromedriver                        0x0000000102b99a20 chromedriver + 752160\n   4   chromedriver                        0x0000000102b99c81 chromedriver + 752769\n   5   chromedriver                        0x0000000102bddf64 chromedriver + 1032036\n   6   chromedriver                        0x0000000102bbfc3d chromedriver + 908349\n   7   chromedriver                        0x0000000102bdb25b chromedriver + 1020507\n   8   chromedriver                        0x0000000102bbf9e3 chromedriver + 907747\n   9   chromedriver                        0x0000000102b89aef chromedriver + 686831\n   10  chromedriver                        0x0000000102b8b00e chromedriver + 692238\n   11  chromedriver                        0x0000000102f589ad chromedriver + 4680109\n   12  chromedriver                        0x0000000102f5dc12 chromedriver + 4701202\n   13  chromedriver                        0x0000000102f6479f chromedriver + 4728735\n   14  chromedriver                        0x0000000102f5eb7a chromedriver + 4705146\n   15  chromedriver                        0x0000000102f3127e chromedriver + 4518526\n   16  chromedriver                        0x0000000102f7e908 chromedriver + 4835592\n   17  chromedriver                        0x0000000102f7ea87 chromedriver + 4835975\n   18  chromedriver                        0x0000000102f8e00f chromedriver + 4898831\n   19  libsystem_pthread.dylib             0x00007ff80d7b71d3 _pthread_start + 125\n   20  libsystem_pthread.dylib             0x00007ff80d7b2bd3 thread_start + 15\n", "test_name": "test_TC_GIATJA_020", "rerun": "0"}, "6": {"status": "FAIL", "message": "   selenium.common.exceptions.TimeoutException: Message: \n   Stacktrace:\n   0   chromedriver                        0x0000000102f9cae8 chromedriver + 4958952\n   1   chromedriver                        0x0000000102f947b3 chromedriver + 4925363\n   2   chromedriver                        0x0000000102b561d6 chromedriver + 475606\n   3   chromedriver                        0x0000000102b99a20 chromedriver + 752160\n   4   chromedriver                        0x0000000102b99c81 chromedriver + 752769\n   5   chromedriver                        0x0000000102bddf64 chromedriver + 1032036\n   6   chromedriver                        0x0000000102bbfc3d chromedriver + 908349\n   7   chromedriver                        0x0000000102bdb25b chromedriver + 1020507\n   8   chromedriver                        0x0000000102bbf9e3 chromedriver + 907747\n   9   chromedriver                        0x0000000102b89aef chromedriver + 686831\n   10  chromedriver                        0x0000000102b8b00e chromedriver + 692238\n   11  chromedriver                        0x0000000102f589ad chromedriver + 4680109\n   12  chromedriver                        0x0000000102f5dc12 chromedriver + 4701202\n   13  chromedriver                        0x0000000102f6479f chromedriver + 4728735\n   14  chromedriver                        0x0000000102f5eb7a chromedriver + 4705146\n   15  chromedriver                        0x0000000102f3127e chromedriver + 4518526\n   16  chromedriver                        0x0000000102f7e908 chromedriver + 4835592\n   17  chromedriver                        0x0000000102f7ea87 chromedriver + 4835975\n   18  chromedriver                        0x0000000102f8e00f chromedriver + 4898831\n   19  libsystem_pthread.dylib             0x00007ff80d7b71d3 _pthread_start + 125\n   20  libsystem_pthread.dylib             0x00007ff80d7b2bd3 thread_start + 15\n", "test_name": "test_TC_GIATJA_021", "rerun": "0"}}, "suite_name": "Giatja/Fungsional/test_03_OpPNBP.py"}}}, "date": "May 24, 2023", "start_time": 1684913999.3286788, "total_suite": 1, "status": "FAIL", "status_list": {"pass": "1", "fail": "6", "skip": "0", "error": "0", "xpass": "0", "xfail": "0", "rerun": "0"}, "total_tests": "7"}