{"content": {"suites": {"0": {"status": {"total_pass": 6, "total_skip": 0, "total_xpass": 0, "total_xfail": 0, "total_rerun": 0, "total_fail": 1, "total_error": 0}, "tests": {"0": {"status": "PASS", "message": "", "test_name": "test_1_SetupOs", "rerun": "0"}, "1": {"status": "PASS", "message": "", "test_name": "test_2_Login", "rerun": "0"}, "2": {"status": "PASS", "message": "", "test_name": "test_2_AksesMenu", "rerun": "0"}, "3": {"status": "PASS", "message": "", "test_name": "test_3_CreateButton", "rerun": "0"}, "4": {"status": "FAIL", "message": "   selenium.common.exceptions.ElementClickInterceptedException: Message: element click intercepted: Element <input class=\"el-input__inner\" id=\"jenisSarana\" type=\"text\" readonly=\"\" autocomplete=\"off\" placeholder=\"Pilih Jenis Sarana Prasarana\"> is not clickable at point (978, 331). Other element would receive the click: <div class=\"el-loading-mask el-loading-fade-leave-active el-loading-fade-leave-to\" style=\"\">...</div>\n     (Session info: chrome=112.0.5615.49)\n   Stacktrace:\n   0   chromedriver                        0x0000000104b58ae8 chromedriver + 4958952\n   1   chromedriver                        0x0000000104b507b3 chromedriver + 4925363\n   2   chromedriver                        0x00000001047121d6 chromedriver + 475606\n   3   chromedriver                        0x000000010475f321 chromedriver + 791329\n   4   chromedriver                        0x000000010475c36e chromedriver + 779118\n   5   chromedriver                        0x0000000104758fd4 chromedriver + 765908\n   6   chromedriver                        0x00000001047579af chromedriver + 760239\n   7   chromedriver                        0x0000000104748283 chromedriver + 696963\n   8   chromedriver                        0x000000010477bc12 chromedriver + 908306\n   9   chromedriver                        0x00000001047478f1 chromedriver + 694513\n   10  chromedriver                        0x000000010477bdce chromedriver + 908750\n   11  chromedriver                        0x000000010479725b chromedriver + 1020507\n   12  chromedriver                        0x000000010477b9e3 chromedriver + 907747\n   13  chromedriver                        0x0000000104745aef chromedriver + 686831\n   14  chromedriver                        0x000000010474700e chromedriver + 692238\n   15  chromedriver                        0x0000000104b149ad chromedriver + 4680109\n   16  chromedriver                        0x0000000104b19c12 chromedriver + 4701202\n   17  chromedriver                        0x0000000104b2079f chromedriver + 4728735\n   18  chromedriver                        0x0000000104b1ab7a chromedriver + 4705146\n   19  chromedriver                        0x0000000104aed27e chromedriver + 4518526\n   20  chromedriver                        0x0000000104b3a908 chromedriver + 4835592\n   21  chromedriver                        0x0000000104b3aa87 chromedriver + 4835975\n   22  chromedriver                        0x0000000104b4a00f chromedriver + 4898831\n   23  libsystem_pthread.dylib             0x00007ff8067931d3 _pthread_start + 125\n   24  libsystem_pthread.dylib             0x00007ff80678ebd3 thread_start + 15\n", "test_name": "test_4_InputJenisSarana", "rerun": "0"}, "5": {"status": "PASS", "message": "", "test_name": "test_5_InputKondisi", "rerun": "0"}, "6": {"status": "PASS", "message": "", "test_name": "test_6_InputKeterangan", "rerun": "0"}}, "suite_name": "4LaporanBulanan/4.Laporan6D/Fungsional/test_Laporan6D.py"}}}, "date": "April 10, 2023", "start_time": 1681102253.035926, "total_suite": 1, "status": "FAIL", "status_list": {"pass": "6", "fail": "1", "skip": "0", "error": "0", "xpass": "0", "xfail": "0", "rerun": "0"}, "total_tests": "7"}