{"content": {"suites": {"0": {"status": {"total_pass": 0, "total_skip": 0, "total_xpass": 0, "total_xfail": 0, "total_rerun": 0, "total_fail": 3, "total_error": 0}, "tests": {"0": {"status": "FAIL", "message": "   selenium.common.exceptions.SessionNotCreatedException: Message: session not created: This version of ChromeDriver only supports Chrome version 110\n   Current browser version is 112.0.5615.49 with binary path /Applications/Google Chrome.app/Contents/MacOS/Google Chrome\n   Stacktrace:\n   0   chromedriver                        0x00000001051d11c0 chromedriver + 4248000\n   1   chromedriver                        0x0000000105151dc0 chromedriver + 3726784\n   2   chromedriver                        0x0000000104e06ec4 chromedriver + 274116\n   3   chromedriver                        0x0000000104e3222c chromedriver + 451116\n   4   chromedriver                        0x0000000104e2e05c chromedriver + 434268\n   5   chromedriver                        0x0000000104e2b19c chromedriver + 422300\n   6   chromedriver                        0x0000000104e6ec10 chromedriver + 699408\n   7   chromedriver                        0x0000000104e35200 chromedriver + 463360\n   8   chromedriver                        0x0000000104e36318 chromedriver + 467736\n   9   chromedriver                        0x000000010519f060 chromedriver + 4042848\n   10  chromedriver                        0x00000001051a38a4 chromedriver + 4061348\n   11  chromedriver                        0x00000001051ab3d0 chromedriver + 4092880\n   12  chromedriver                        0x00000001051a46e4 chromedriver + 4064996\n   13  chromedriver                        0x000000010517a0fc chromedriver + 3891452\n   14  chromedriver                        0x00000001051c4a64 chromedriver + 4196964\n   15  chromedriver                        0x00000001051c4bb8 chromedriver + 4197304\n   16  chromedriver                        0x00000001051d8650 chromedriver + 4277840\n   17  libsystem_pthread.dylib             0x00000001946bffa8 _pthread_start + 148\n   18  libsystem_pthread.dylib             0x00000001946bada0 thread_start + 8\n", "test_name": "test_1loginOperatir", "rerun": "0"}, "1": {"status": "FAIL", "message": "   NameError: name 'driver' is not defined\n", "test_name": "test_2_AksesMenu", "rerun": "0"}, "2": {"status": "FAIL", "message": "   NameError: name 'driver' is not defined\n", "test_name": "test_3_CreateButton", "rerun": "0"}}, "suite_name": "4LaporanBulanan/2.FormulirKamtib6B/Fungsional/test_Laporan6B.py"}}}, "date": "April 06, 2023", "start_time": 1680762367.685689, "total_suite": 1, "status": "FAIL", "status_list": {"pass": "0", "fail": "3", "skip": "0", "error": "0", "xpass": "0", "xfail": "0", "rerun": "0"}, "total_tests": "3"}