{"content": {"suites": {"0": {"status": {"total_pass": 13, "total_skip": 0, "total_xpass": 0, "total_xfail": 0, "total_rerun": 0, "total_fail": 2, "total_error": 0}, "tests": {"0": {"status": "PASS", "message": "", "test_name": "test_1_SetupOs", "rerun": "0"}, "1": {"status": "PASS", "message": "", "test_name": "test_2_Login", "rerun": "0"}, "2": {"status": "PASS", "message": "", "test_name": "test_2_AksesMenu", "rerun": "0"}, "3": {"status": "PASS", "message": "", "test_name": "test_3_CreateButton", "rerun": "0"}, "4": {"status": "PASS", "message": "", "test_name": "test_4_TipeSenjata", "rerun": "0"}, "5": {"status": "PASS", "message": "", "test_name": "test_5_PilihJenisSenjata", "rerun": "0"}, "6": {"status": "PASS", "message": "", "test_name": "test_6_InputNomorSenjata", "rerun": "0"}, "7": {"status": "PASS", "message": "", "test_name": "test_7_MasaBerlaku", "rerun": "0"}, "8": {"status": "FAIL", "message": "   selenium.common.exceptions.NoSuchElementException: Message: no such element: Unable to locate element: {\"method\":\"css selector\",\"selector\":\"[id=\"kepemilikan0\"]\"}\n     (Session info: chrome=112.0.5615.49)\n   Stacktrace:\n   0   chromedriver                        0x0000000104b79ae8 chromedriver + 4958952\n   1   chromedriver                        0x0000000104b717b3 chromedriver + 4925363\n   2   chromedriver                        0x00000001047331d6 chromedriver + 475606\n   3   chromedriver                        0x0000000104776a20 chromedriver + 752160\n   4   chromedriver                        0x0000000104776c81 chromedriver + 752769\n   5   chromedriver                        0x00000001047baf64 chromedriver + 1032036\n   6   chromedriver                        0x000000010479cc3d chromedriver + 908349\n   7   chromedriver                        0x00000001047b825b chromedriver + 1020507\n   8   chromedriver                        0x000000010479c9e3 chromedriver + 907747\n   9   chromedriver                        0x0000000104766aef chromedriver + 686831\n   10  chromedriver                        0x000000010476800e chromedriver + 692238\n   11  chromedriver                        0x0000000104b359ad chromedriver + 4680109\n   12  chromedriver                        0x0000000104b3ac12 chromedriver + 4701202\n   13  chromedriver                        0x0000000104b4179f chromedriver + 4728735\n   14  chromedriver                        0x0000000104b3bb7a chromedriver + 4705146\n   15  chromedriver                        0x0000000104b0e27e chromedriver + 4518526\n   16  chromedriver                        0x0000000104b5b908 chromedriver + 4835592\n   17  chromedriver                        0x0000000104b5ba87 chromedriver + 4835975\n   18  chromedriver                        0x0000000104b6b00f chromedriver + 4898831\n   19  libsystem_pthread.dylib             0x00007ff8067931d3 _pthread_start + 125\n   20  libsystem_pthread.dylib             0x00007ff80678ebd3 thread_start + 15\n", "test_name": "test_8_", "rerun": "0"}, "9": {"status": "FAIL", "message": "   selenium.common.exceptions.ElementClickInterceptedException: Message: element click intercepted: Element <input class=\"el-input__inner\" id=\"kondisiBaik\" modelmodifiers=\"[object Object]\" min=\"0\" controls-position=\"right\" type=\"text\" autocomplete=\"off\"> is not clickable at point (982, 583). Other element would receive the click: <p class=\"el-select-dropdown__empty\">...</p>\n     (Session info: chrome=112.0.5615.49)\n   Stacktrace:\n   0   chromedriver                        0x0000000104b79ae8 chromedriver + 4958952\n   1   chromedriver                        0x0000000104b717b3 chromedriver + 4925363\n   2   chromedriver                        0x00000001047331d6 chromedriver + 475606\n   3   chromedriver                        0x0000000104780321 chromedriver + 791329\n   4   chromedriver                        0x000000010477d36e chromedriver + 779118\n   5   chromedriver                        0x0000000104779fd4 chromedriver + 765908\n   6   chromedriver                        0x00000001047789af chromedriver + 760239\n   7   chromedriver                        0x0000000104769283 chromedriver + 696963\n   8   chromedriver                        0x000000010479cc12 chromedriver + 908306\n   9   chromedriver                        0x00000001047688f1 chromedriver + 694513\n   10  chromedriver                        0x000000010479cdce chromedriver + 908750\n   11  chromedriver                        0x00000001047b825b chromedriver + 1020507\n   12  chromedriver                        0x000000010479c9e3 chromedriver + 907747\n   13  chromedriver                        0x0000000104766aef chromedriver + 686831\n   14  chromedriver                        0x000000010476800e chromedriver + 692238\n   15  chromedriver                        0x0000000104b359ad chromedriver + 4680109\n   16  chromedriver                        0x0000000104b3ac12 chromedriver + 4701202\n   17  chromedriver                        0x0000000104b4179f chromedriver + 4728735\n   18  chromedriver                        0x0000000104b3bb7a chromedriver + 4705146\n   19  chromedriver                        0x0000000104b0e27e chromedriver + 4518526\n   20  chromedriver                        0x0000000104b5b908 chromedriver + 4835592\n   21  chromedriver                        0x0000000104b5ba87 chromedriver + 4835975\n   22  chromedriver                        0x0000000104b6b00f chromedriver + 4898831\n   23  libsystem_pthread.dylib             0x00007ff8067931d3 _pthread_start + 125\n   24  libsystem_pthread.dylib             0x00007ff80678ebd3 thread_start + 15\n", "test_name": "test_9_", "rerun": "0"}, "10": {"status": "PASS", "message": "", "test_name": "test_10_", "rerun": "0"}, "11": {"status": "PASS", "message": "", "test_name": "test_11_", "rerun": "0"}, "12": {"status": "PASS", "message": "", "test_name": "test_12_", "rerun": "0"}, "13": {"status": "PASS", "message": "", "test_name": "test_13_", "rerun": "0"}, "14": {"status": "PASS", "message": "", "test_name": "test_14_exit", "rerun": "0"}}, "suite_name": "4LaporanBulanan/4.Laporan6E/Fungsional/test_Laporan6E.py"}}}, "date": "April 10, 2023", "start_time": 1681120104.920565, "total_suite": 1, "status": "FAIL", "status_list": {"pass": "13", "fail": "2", "skip": "0", "error": "0", "xpass": "0", "xfail": "0", "rerun": "0"}, "total_tests": "15"}