{"content": {"suites": {"0": {"status": {"total_pass": 17, "total_skip": 0, "total_xpass": 0, "total_xfail": 0, "total_rerun": 0, "total_fail": 1, "total_error": 0}, "tests": {"0": {"status": "PASS", "message": "", "test_name": "test_1_SetupOs", "rerun": "0"}, "1": {"status": "PASS", "message": "", "test_name": "test_2_Login", "rerun": "0"}, "2": {"status": "PASS", "message": "", "test_name": "test_2_AksesMenu", "rerun": "0"}, "3": {"status": "PASS", "message": "", "test_name": "test_3_CreateButton", "rerun": "0"}, "4": {"status": "PASS", "message": "", "test_name": "test_4_TipeSenjata", "rerun": "0"}, "5": {"status": "PASS", "message": "", "test_name": "test_5_PilihJenisSenjata", "rerun": "0"}, "6": {"status": "PASS", "message": "", "test_name": "test_6_InputNomorSenjata", "rerun": "0"}, "7": {"status": "PASS", "message": "", "test_name": "test_7_MasaBerlaku", "rerun": "0"}, "8": {"status": "PASS", "message": "", "test_name": "test_8_kepemilikan", "rerun": "0"}, "9": {"status": "PASS", "message": "", "test_name": "test_9_kondisibaik", "rerun": "0"}, "10": {"status": "PASS", "message": "", "test_name": "test_10_kondisirusak", "rerun": "0"}, "11": {"status": "PASS", "message": "", "test_name": "test_11_jumlahpeluru", "rerun": "0"}, "12": {"status": "PASS", "message": "", "test_name": "test_12_deskripsi", "rerun": "0"}, "13": {"status": "PASS", "message": "", "test_name": "test_13_ClickButtonSubmit", "rerun": "0"}, "14": {"status": "PASS", "message": "", "test_name": "test_11_SetupOS", "rerun": "0"}, "15": {"status": "PASS", "message": "", "test_name": "test_12_LoginSpv", "rerun": "0"}, "16": {"status": "PASS", "message": "", "test_name": "test_13_AksesMenuSpv", "rerun": "0"}, "17": {"status": "FAIL", "message": "   selenium.common.exceptions.ElementClickInterceptedException: Message: element click intercepted: Element <span class=\"\">...</span> is not clickable at point (1819, 762). Other element would receive the click: <div class=\"el-loading-mask\" style=\"\">...</div>\n     (Session info: chrome=112.0.5615.49)\n   Stacktrace:\n   0   chromedriver                        0x0000000102820ae8 chromedriver + 4958952\n   1   chromedriver                        0x00000001028187b3 chromedriver + 4925363\n   2   chromedriver                        0x00000001023da1d6 chromedriver + 475606\n   3   chromedriver                        0x0000000102427321 chromedriver + 791329\n   4   chromedriver                        0x000000010242436e chromedriver + 779118\n   5   chromedriver                        0x0000000102420fd4 chromedriver + 765908\n   6   chromedriver                        0x000000010241f9af chromedriver + 760239\n   7   chromedriver                        0x0000000102410283 chromedriver + 696963\n   8   chromedriver                        0x0000000102443c12 chromedriver + 908306\n   9   chromedriver                        0x000000010240f8f1 chromedriver + 694513\n   10  chromedriver                        0x0000000102443dce chromedriver + 908750\n   11  chromedriver                        0x000000010245f25b chromedriver + 1020507\n   12  chromedriver                        0x00000001024439e3 chromedriver + 907747\n   13  chromedriver                        0x000000010240daef chromedriver + 686831\n   14  chromedriver                        0x000000010240f00e chromedriver + 692238\n   15  chromedriver                        0x00000001027dc9ad chromedriver + 4680109\n   16  chromedriver                        0x00000001027e1c12 chromedriver + 4701202\n   17  chromedriver                        0x00000001027e879f chromedriver + 4728735\n   18  chromedriver                        0x00000001027e2b7a chromedriver + 4705146\n   19  chromedriver                        0x00000001027b527e chromedriver + 4518526\n   20  chromedriver                        0x0000000102802908 chromedriver + 4835592\n   21  chromedriver                        0x0000000102802a87 chromedriver + 4835975\n   22  chromedriver                        0x000000010281200f chromedriver + 4898831\n   23  libsystem_pthread.dylib             0x00007ff80554f1d3 _pthread_start + 125\n   24  libsystem_pthread.dylib             0x00007ff80554abd3 thread_start + 15\n", "test_name": "test_14_KirimLaporanSpv", "rerun": "0"}}, "suite_name": "4LaporanBulanan/4.Laporan6E/Fungsional/test_Laporan6E.py"}}}, "date": "April 11, 2023", "start_time": 1681195888.3490229, "total_suite": 1, "status": "FAIL", "status_list": {"pass": "17", "fail": "1", "skip": "0", "error": "0", "xpass": "0", "xfail": "0", "rerun": "0"}, "total_tests": "18"}