{"content": {"suites": {"0": {"status": {"total_pass": 8, "total_skip": 0, "total_xpass": 0, "total_xfail": 0, "total_rerun": 0, "total_fail": 1, "total_error": 0}, "tests": {"0": {"status": "PASS", "message": "", "test_name": "test_1_SetupOs", "rerun": "0"}, "1": {"status": "PASS", "message": "", "test_name": "test_2_Login", "rerun": "0"}, "2": {"status": "PASS", "message": "", "test_name": "test_2_AksesMenu", "rerun": "0"}, "3": {"status": "PASS", "message": "", "test_name": "test_3_CreateButton", "rerun": "0"}, "4": {"status": "PASS", "message": "", "test_name": "test_4_InputJenisSarana", "rerun": "0"}, "5": {"status": "PASS", "message": "", "test_name": "test_5_InputKondisi", "rerun": "0"}, "6": {"status": "PASS", "message": "", "test_name": "test_6_InputKeterangan", "rerun": "0"}, "7": {"status": "PASS", "message": "", "test_name": "test_7_ButtonSubmit", "rerun": "0"}, "8": {"status": "FAIL", "message": "   selenium.common.exceptions.ElementNotInteractableException: Message: element not interactable\n     (Session info: chrome=112.0.5615.49)\n   Stacktrace:\n   0   chromedriver                        0x0000000100f05ae8 chromedriver + 4958952\n   1   chromedriver                        0x0000000100efd7b3 chromedriver + 4925363\n   2   chromedriver                        0x0000000100abf051 chromedriver + 475217\n   3   chromedriver                        0x0000000100b042e8 chromedriver + 758504\n   4   chromedriver                        0x0000000100af5283 chromedriver + 696963\n   5   chromedriver                        0x0000000100b28c12 chromedriver + 908306\n   6   chromedriver                        0x0000000100af48f1 chromedriver + 694513\n   7   chromedriver                        0x0000000100b28dce chromedriver + 908750\n   8   chromedriver                        0x0000000100b4425b chromedriver + 1020507\n   9   chromedriver                        0x0000000100b289e3 chromedriver + 907747\n   10  chromedriver                        0x0000000100af2aef chromedriver + 686831\n   11  chromedriver                        0x0000000100af400e chromedriver + 692238\n   12  chromedriver                        0x0000000100ec19ad chromedriver + 4680109\n   13  chromedriver                        0x0000000100ec6c12 chromedriver + 4701202\n   14  chromedriver                        0x0000000100ecd79f chromedriver + 4728735\n   15  chromedriver                        0x0000000100ec7b7a chromedriver + 4705146\n   16  chromedriver                        0x0000000100e9a27e chromedriver + 4518526\n   17  chromedriver                        0x0000000100ee7908 chromedriver + 4835592\n   18  chromedriver                        0x0000000100ee7a87 chromedriver + 4835975\n   19  chromedriver                        0x0000000100ef700f chromedriver + 4898831\n   20  libsystem_pthread.dylib             0x00007ff8067931d3 _pthread_start + 125\n   21  libsystem_pthread.dylib             0x00007ff80678ebd3 thread_start + 15\n", "test_name": "test_7_TambahUsulan", "rerun": "0"}}, "suite_name": "4LaporanBulanan/4.Laporan6D/Fungsional/test_Laporan6D.py"}}}, "date": "April 10, 2023", "start_time": 1681098326.5655282, "total_suite": 1, "status": "FAIL", "status_list": {"pass": "8", "fail": "1", "skip": "0", "error": "0", "xpass": "0", "xfail": "0", "rerun": "0"}, "total_tests": "9"}