{"content": {"suites": {"0": {"status": {"total_pass": 5, "total_skip": 0, "total_xpass": 0, "total_xfail": 0, "total_rerun": 0, "total_fail": 1, "total_error": 0}, "tests": {"0": {"status": "PASS", "message": "", "test_name": "test_24_loginPusat", "rerun": "0"}, "1": {"status": "PASS", "message": "", "test_name": "test_25_AksesMenuPusat", "rerun": "0"}, "2": {"status": "PASS", "message": "", "test_name": "test_26_PilihKanwil", "rerun": "0"}, "3": {"status": "PASS", "message": "", "test_name": "test_27_PilihUPT", "rerun": "0"}, "4": {"status": "PASS", "message": "", "test_name": "test_28_ClickButtonSearch", "rerun": "0"}, "5": {"status": "FAIL", "message": "   selenium.common.exceptions.ElementClickInterceptedException: Message: element click intercepted: Element <button class=\"el-button el-button--primary\" type=\"button\" id=\"buttonMaster\">...</button> is not clickable at point (1811, 259). Other element would receive the click: <div class=\"el-loading-mask\" style=\"\">...</div>\n     (Session info: chrome=112.0.5615.49)\n   Stacktrace:\n   0   chromedriver                        0x0000000100b36ae8 chromedriver + 4958952\n   1   chromedriver                        0x0000000100b2e7b3 chromedriver + 4925363\n   2   chromedriver                        0x00000001006f01d6 chromedriver + 475606\n   3   chromedriver                        0x000000010073d321 chromedriver + 791329\n   4   chromedriver                        0x000000010073a36e chromedriver + 779118\n   5   chromedriver                        0x0000000100736fd4 chromedriver + 765908\n   6   chromedriver                        0x00000001007359af chromedriver + 760239\n   7   chromedriver                        0x0000000100726283 chromedriver + 696963\n   8   chromedriver                        0x0000000100759c12 chromedriver + 908306\n   9   chromedriver                        0x00000001007258f1 chromedriver + 694513\n   10  chromedriver                        0x0000000100759dce chromedriver + 908750\n   11  chromedriver                        0x000000010077525b chromedriver + 1020507\n   12  chromedriver                        0x00000001007599e3 chromedriver + 907747\n   13  chromedriver                        0x0000000100723aef chromedriver + 686831\n   14  chromedriver                        0x000000010072500e chromedriver + 692238\n   15  chromedriver                        0x0000000100af29ad chromedriver + 4680109\n   16  chromedriver                        0x0000000100af7c12 chromedriver + 4701202\n   17  chromedriver                        0x0000000100afe79f chromedriver + 4728735\n   18  chromedriver                        0x0000000100af8b7a chromedriver + 4705146\n   19  chromedriver                        0x0000000100acb27e chromedriver + 4518526\n   20  chromedriver                        0x0000000100b18908 chromedriver + 4835592\n   21  chromedriver                        0x0000000100b18a87 chromedriver + 4835975\n   22  chromedriver                        0x0000000100b2800f chromedriver + 4898831\n   23  libsystem_pthread.dylib             0x00007ff80554f1d3 _pthread_start + 125\n   24  libsystem_pthread.dylib             0x00007ff80554abd3 thread_start + 15\n", "test_name": "test_29_ClickButtonMaster", "rerun": "0"}}, "suite_name": "4LaporanBulanan/4.Laporan6E/Fungsional/test_Laporan6E.py"}}}, "date": "April 11, 2023", "start_time": 1681194740.661814, "total_suite": 1, "status": "FAIL", "status_list": {"pass": "5", "fail": "1", "skip": "0", "error": "0", "xpass": "0", "xfail": "0", "rerun": "0"}, "total_tests": "6"}