{"content": {"suites": {"0": {"status": {"total_pass": 10, "total_skip": 0, "total_xpass": 0, "total_xfail": 0, "total_rerun": 0, "total_fail": 0, "total_error": 0}, "tests": {"0": {"status": "PASS", "message": "", "test_name": "test_17_loginKanwil", "rerun": "0"}, "1": {"status": "PASS", "message": "", "test_name": "test_18_AksesMenuSpv", "rerun": "0"}, "2": {"status": "PASS", "message": "", "test_name": "test_19_VerifikasiLaporanKanwil", "rerun": "0"}, "3": {"status": "PASS", "message": "", "test_name": "test_20_ClickButtonSearch", "rerun": "0"}, "4": {"status": "PASS", "message": "", "test_name": "test_21_ClickButtonVerifikasi", "rerun": "0"}, "5": {"status": "PASS", "message": "", "test_name": "test_22_StatusVerifikasiModal", "rerun": "0"}, "6": {"status": "PASS", "message": "", "test_name": "test_23_UbahStatus", "rerun": "0"}, "7": {"status": "PASS", "message": "", "test_name": "test_24_Inputketerangan", "rerun": "0"}, "8": {"status": "PASS", "message": "", "test_name": "test_25_SimpanVerifikasi", "rerun": "0"}, "9": {"status": "PASS", "message": "", "test_name": "test_31_exit", "rerun": "0"}}, "suite_name": "4LaporanBulanan/4.Laporan6D/Fungsional/test_Laporan6D.py"}}}, "date": "April 10, 2023", "start_time": 1681101803.7707012, "total_suite": 1, "status": "PASS", "status_list": {"pass": "10", "fail": "0", "skip": "0", "error": "0", "xpass": "0", "xfail": "0", "rerun": "0"}, "total_tests": "10"}