{"content": {"suites": {"0": {"status": {"total_pass": 14, "total_skip": 0, "total_xpass": 0, "total_xfail": 0, "total_rerun": 0, "total_fail": 0, "total_error": 0}, "tests": {"0": {"status": "PASS", "message": "", "test_name": "test_1_SetupOs", "rerun": "0"}, "1": {"status": "PASS", "message": "", "test_name": "test_2_Login", "rerun": "0"}, "2": {"status": "PASS", "message": "", "test_name": "test_2_AksesMenu", "rerun": "0"}, "3": {"status": "PASS", "message": "", "test_name": "test_3_CreateButton", "rerun": "0"}, "4": {"status": "PASS", "message": "", "test_name": "test_4_TipeSenjata", "rerun": "0"}, "5": {"status": "PASS", "message": "", "test_name": "test_5_PilihJenisSenjata", "rerun": "0"}, "6": {"status": "PASS", "message": "", "test_name": "test_6_InputNomorSenjata", "rerun": "0"}, "7": {"status": "PASS", "message": "", "test_name": "test_7_MasaBerlaku", "rerun": "0"}, "8": {"status": "PASS", "message": "", "test_name": "test_8_kepemilikan", "rerun": "0"}, "9": {"status": "PASS", "message": "", "test_name": "test_9_kondisibaik", "rerun": "0"}, "10": {"status": "PASS", "message": "", "test_name": "test_10_kondisirusak", "rerun": "0"}, "11": {"status": "PASS", "message": "", "test_name": "test_11_jumlahpeluru", "rerun": "0"}, "12": {"status": "PASS", "message": "", "test_name": "test_12_deskripsi", "rerun": "0"}, "13": {"status": "PASS", "message": "", "test_name": "test_13_ClickButtonSubmit", "rerun": "0"}}, "suite_name": "4LaporanBulanan/4.Laporan6E/Fungsional/test_Laporan6E.py"}}}, "date": "April 11, 2023", "start_time": 1681187360.419442, "total_suite": 1, "status": "PASS", "status_list": {"pass": "14", "fail": "0", "skip": "0", "error": "0", "xpass": "0", "xfail": "0", "rerun": "0"}, "total_tests": "14"}