{"content": {"suites": {"0": {"status": {"total_pass": 8, "total_skip": 0, "total_xpass": 0, "total_xfail": 0, "total_rerun": 0, "total_fail": 1, "total_error": 0}, "tests": {"0": {"status": "PASS", "message": "", "test_name": "test_1_SetupOs", "rerun": "0"}, "1": {"status": "PASS", "message": "", "test_name": "test_2_Login", "rerun": "0"}, "2": {"status": "PASS", "message": "", "test_name": "test_2_AksesMenu", "rerun": "0"}, "3": {"status": "PASS", "message": "", "test_name": "test_3_CreateButton", "rerun": "0"}, "4": {"status": "PASS", "message": "", "test_name": "test_4_InputJenisSarana", "rerun": "0"}, "5": {"status": "PASS", "message": "", "test_name": "test_5_InputKondisi", "rerun": "0"}, "6": {"status": "PASS", "message": "", "test_name": "test_6_InputKeterangan", "rerun": "0"}, "7": {"status": "FAIL", "message": "   selenium.common.exceptions.ElementClickInterceptedException: Message: element click intercepted: Element <span class=\"\">...</span> is not clickable at point (1551, 259). Other element would receive the click: <div class=\"el-loading-mask el-loading-fade-leave-active el-loading-fade-leave-to\" style=\"\">...</div>\n     (Session info: chrome=112.0.5615.49)\n   Stacktrace:\n   0   chromedriver                        0x0000000104b76ae8 chromedriver + 4958952\n   1   chromedriver                        0x0000000104b6e7b3 chromedriver + 4925363\n   2   chromedriver                        0x00000001047301d6 chromedriver + 475606\n   3   chromedriver                        0x000000010477d321 chromedriver + 791329\n   4   chromedriver                        0x000000010477a36e chromedriver + 779118\n   5   chromedriver                        0x0000000104776fd4 chromedriver + 765908\n   6   chromedriver                        0x00000001047759af chromedriver + 760239\n   7   chromedriver                        0x0000000104766283 chromedriver + 696963\n   8   chromedriver                        0x0000000104799c12 chromedriver + 908306\n   9   chromedriver                        0x00000001047658f1 chromedriver + 694513\n   10  chromedriver                        0x0000000104799dce chromedriver + 908750\n   11  chromedriver                        0x00000001047b525b chromedriver + 1020507\n   12  chromedriver                        0x00000001047999e3 chromedriver + 907747\n   13  chromedriver                        0x0000000104763aef chromedriver + 686831\n   14  chromedriver                        0x000000010476500e chromedriver + 692238\n   15  chromedriver                        0x0000000104b329ad chromedriver + 4680109\n   16  chromedriver                        0x0000000104b37c12 chromedriver + 4701202\n   17  chromedriver                        0x0000000104b3e79f chromedriver + 4728735\n   18  chromedriver                        0x0000000104b38b7a chromedriver + 4705146\n   19  chromedriver                        0x0000000104b0b27e chromedriver + 4518526\n   20  chromedriver                        0x0000000104b58908 chromedriver + 4835592\n   21  chromedriver                        0x0000000104b58a87 chromedriver + 4835975\n   22  chromedriver                        0x0000000104b6800f chromedriver + 4898831\n   23  libsystem_pthread.dylib             0x00007ff8067931d3 _pthread_start + 125\n   24  libsystem_pthread.dylib             0x00007ff80678ebd3 thread_start + 15\n", "test_name": "test_7_ButtonSubmit", "rerun": "0"}, "8": {"status": "PASS", "message": "", "test_name": "test_31_exit", "rerun": "0"}}, "suite_name": "4LaporanBulanan/4.Laporan6D/Fungsional/test_Laporan6D.py"}}}, "date": "April 10, 2023", "start_time": 1681097432.257845, "total_suite": 1, "status": "FAIL", "status_list": {"pass": "8", "fail": "1", "skip": "0", "error": "0", "xpass": "0", "xfail": "0", "rerun": "0"}, "total_tests": "9"}