{"content": {"suites": {"0": {"status": {"total_pass": 12, "total_skip": 0, "total_xpass": 0, "total_xfail": 0, "total_rerun": 0, "total_fail": 3, "total_error": 0}, "tests": {"0": {"status": "PASS", "message": "", "test_name": "test_1_SetupOs", "rerun": "0"}, "1": {"status": "PASS", "message": "", "test_name": "test_2_Login", "rerun": "0"}, "2": {"status": "PASS", "message": "", "test_name": "test_2_AksesMenu", "rerun": "0"}, "3": {"status": "PASS", "message": "", "test_name": "test_3_CreateButton", "rerun": "0"}, "4": {"status": "PASS", "message": "", "test_name": "test_4_TipeSenjata", "rerun": "0"}, "5": {"status": "PASS", "message": "", "test_name": "test_5_PilihJenisSenjata", "rerun": "0"}, "6": {"status": "PASS", "message": "", "test_name": "test_6_InputNomorSenjata", "rerun": "0"}, "7": {"status": "PASS", "message": "", "test_name": "test_7_MasaBerlaku", "rerun": "0"}, "8": {"status": "FAIL", "message": "   selenium.common.exceptions.NoSuchElementException: Message: no such element: Unable to locate element: {\"method\":\"css selector\",\"selector\":\"[id=\"kepemilikan0\"]\"}\n     (Session info: chrome=112.0.5615.49)\n   Stacktrace:\n   0   chromedriver                        0x0000000102d45ae8 chromedriver + 4958952\n   1   chromedriver                        0x0000000102d3d7b3 chromedriver + 4925363\n   2   chromedriver                        0x00000001028ff1d6 chromedriver + 475606\n   3   chromedriver                        0x0000000102942a20 chromedriver + 752160\n   4   chromedriver                        0x0000000102942c81 chromedriver + 752769\n   5   chromedriver                        0x0000000102986f64 chromedriver + 1032036\n   6   chromedriver                        0x0000000102968c3d chromedriver + 908349\n   7   chromedriver                        0x000000010298425b chromedriver + 1020507\n   8   chromedriver                        0x00000001029689e3 chromedriver + 907747\n   9   chromedriver                        0x0000000102932aef chromedriver + 686831\n   10  chromedriver                        0x000000010293400e chromedriver + 692238\n   11  chromedriver                        0x0000000102d019ad chromedriver + 4680109\n   12  chromedriver                        0x0000000102d06c12 chromedriver + 4701202\n   13  chromedriver                        0x0000000102d0d79f chromedriver + 4728735\n   14  chromedriver                        0x0000000102d07b7a chromedriver + 4705146\n   15  chromedriver                        0x0000000102cda27e chromedriver + 4518526\n   16  chromedriver                        0x0000000102d27908 chromedriver + 4835592\n   17  chromedriver                        0x0000000102d27a87 chromedriver + 4835975\n   18  chromedriver                        0x0000000102d3700f chromedriver + 4898831\n   19  libsystem_pthread.dylib             0x00007ff8067931d3 _pthread_start + 125\n   20  libsystem_pthread.dylib             0x00007ff80678ebd3 thread_start + 15\n", "test_name": "test_8_", "rerun": "0"}, "9": {"status": "FAIL", "message": "   selenium.common.exceptions.ElementClickInterceptedException: Message: element click intercepted: Element <input class=\"el-input__inner\" id=\"kondisiBaik\" modelmodifiers=\"[object Object]\" min=\"0\" controls-position=\"right\" type=\"text\" autocomplete=\"off\"> is not clickable at point (982, 583). Other element would receive the click: <p class=\"el-select-dropdown__empty\">...</p>\n     (Session info: chrome=112.0.5615.49)\n   Stacktrace:\n   0   chromedriver                        0x0000000102d45ae8 chromedriver + 4958952\n   1   chromedriver                        0x0000000102d3d7b3 chromedriver + 4925363\n   2   chromedriver                        0x00000001028ff1d6 chromedriver + 475606\n   3   chromedriver                        0x000000010294c321 chromedriver + 791329\n   4   chromedriver                        0x000000010294936e chromedriver + 779118\n   5   chromedriver                        0x0000000102945fd4 chromedriver + 765908\n   6   chromedriver                        0x00000001029449af chromedriver + 760239\n   7   chromedriver                        0x0000000102935283 chromedriver + 696963\n   8   chromedriver                        0x0000000102968c12 chromedriver + 908306\n   9   chromedriver                        0x00000001029348f1 chromedriver + 694513\n   10  chromedriver                        0x0000000102968dce chromedriver + 908750\n   11  chromedriver                        0x000000010298425b chromedriver + 1020507\n   12  chromedriver                        0x00000001029689e3 chromedriver + 907747\n   13  chromedriver                        0x0000000102932aef chromedriver + 686831\n   14  chromedriver                        0x000000010293400e chromedriver + 692238\n   15  chromedriver                        0x0000000102d019ad chromedriver + 4680109\n   16  chromedriver                        0x0000000102d06c12 chromedriver + 4701202\n   17  chromedriver                        0x0000000102d0d79f chromedriver + 4728735\n   18  chromedriver                        0x0000000102d07b7a chromedriver + 4705146\n   19  chromedriver                        0x0000000102cda27e chromedriver + 4518526\n   20  chromedriver                        0x0000000102d27908 chromedriver + 4835592\n   21  chromedriver                        0x0000000102d27a87 chromedriver + 4835975\n   22  chromedriver                        0x0000000102d3700f chromedriver + 4898831\n   23  libsystem_pthread.dylib             0x00007ff8067931d3 _pthread_start + 125\n   24  libsystem_pthread.dylib             0x00007ff80678ebd3 thread_start + 15\n", "test_name": "test_9_", "rerun": "0"}, "10": {"status": "PASS", "message": "", "test_name": "test_10_", "rerun": "0"}, "11": {"status": "PASS", "message": "", "test_name": "test_11_", "rerun": "0"}, "12": {"status": "FAIL", "message": "           TypeError: object of type 'NoneType' has no len()\n", "test_name": "test_12_", "rerun": "0"}, "13": {"status": "PASS", "message": "", "test_name": "test_13_", "rerun": "0"}, "14": {"status": "PASS", "message": "", "test_name": "test_14_exit", "rerun": "0"}}, "suite_name": "4LaporanBulanan/4.Laporan6E/Fungsional/test_Laporan6E.py"}}}, "date": "April 10, 2023", "start_time": 1681119516.8946571, "total_suite": 1, "status": "FAIL", "status_list": {"pass": "12", "fail": "3", "skip": "0", "error": "0", "xpass": "0", "xfail": "0", "rerun": "0"}, "total_tests": "15"}