{"content": {"suites": {"0": {"status": {"total_pass": 14, "total_skip": 0, "total_xpass": 0, "total_xfail": 0, "total_rerun": 0, "total_fail": 0, "total_error": 0}, "tests": {"0": {"status": "PASS", "message": "", "test_name": "test_24_loginPusat", "rerun": "0"}, "1": {"status": "PASS", "message": "", "test_name": "test_25_AksesMenuPusat", "rerun": "0"}, "2": {"status": "PASS", "message": "", "test_name": "test_26_PilihKanwil", "rerun": "0"}, "3": {"status": "PASS", "message": "", "test_name": "test_27_PilihUPT", "rerun": "0"}, "4": {"status": "PASS", "message": "", "test_name": "test_28_ClickButtonSearch", "rerun": "0"}, "5": {"status": "PASS", "message": "", "test_name": "test_29_ClickButtonMaster", "rerun": "0"}, "6": {"status": "PASS", "message": "", "test_name": "test_30_CreateButton", "rerun": "0"}, "7": {"status": "PASS", "message": "", "test_name": "test_31_TipeSenjata", "rerun": "0"}, "8": {"status": "PASS", "message": "", "test_name": "test_32_JenisSenjata", "rerun": "0"}, "9": {"status": "PASS", "message": "", "test_name": "test_33_JenisPeluru", "rerun": "0"}, "10": {"status": "PASS", "message": "", "test_name": "test_34_Kepemilikan", "rerun": "0"}, "11": {"status": "PASS", "message": "", "test_name": "test_35_Deskripsi", "rerun": "0"}, "12": {"status": "PASS", "message": "", "test_name": "test_36_CreateButton", "rerun": "0"}, "13": {"status": "PASS", "message": "", "test_name": "test_37_exit", "rerun": "0"}}, "suite_name": "4LaporanBulanan/4.Laporan6E/Fungsional/test_Laporan6E.py"}}}, "date": "April 11, 2023", "start_time": 1681195281.561975, "total_suite": 1, "status": "PASS", "status_list": {"pass": "14", "fail": "0", "skip": "0", "error": "0", "xpass": "0", "xfail": "0", "rerun": "0"}, "total_tests": "14"}