{"content": {"suites": {"0": {"status": {"total_pass": 3, "total_skip": 0, "total_xpass": 0, "total_xfail": 0, "total_rerun": 0, "total_fail": 1, "total_error": 0}, "tests": {"0": {"status": "PASS", "message": "", "test_name": "test_1loginOperator", "rerun": "0"}, "1": {"status": "PASS", "message": "", "test_name": "test_2_AksesMenu", "rerun": "0"}, "2": {"status": "FAIL", "message": "   selenium.common.exceptions.TimeoutException: Message: \n   Stacktrace:\n   0   chromedriver                        0x0000000104597ae8 chromedriver + 4958952\n   1   chromedriver                        0x000000010458f7b3 chromedriver + 4925363\n   2   chromedriver                        0x00000001041511d6 chromedriver + 475606\n   3   chromedriver                        0x0000000104194a20 chromedriver + 752160\n   4   chromedriver                        0x0000000104194c81 chromedriver + 752769\n   5   chromedriver                        0x00000001041d8f64 chromedriver + 1032036\n   6   chromedriver                        0x00000001041bac3d chromedriver + 908349\n   7   chromedriver                        0x00000001041d625b chromedriver + 1020507\n   8   chromedriver                        0x00000001041ba9e3 chromedriver + 907747\n   9   chromedriver                        0x0000000104184aef chromedriver + 686831\n   10  chromedriver                        0x000000010418600e chromedriver + 692238\n   11  chromedriver                        0x00000001045539ad chromedriver + 4680109\n   12  chromedriver                        0x0000000104558c12 chromedriver + 4701202\n   13  chromedriver                        0x000000010455f79f chromedriver + 4728735\n   14  chromedriver                        0x0000000104559b7a chromedriver + 4705146\n   15  chromedriver                        0x000000010452c27e chromedriver + 4518526\n   16  chromedriver                        0x0000000104579908 chromedriver + 4835592\n   17  chromedriver                        0x0000000104579a87 chromedriver + 4835975\n   18  chromedriver                        0x000000010458900f chromedriver + 4898831\n   19  libsystem_pthread.dylib             0x00007ff8067931d3 _pthread_start + 125\n   20  libsystem_pthread.dylib             0x00007ff80678ebd3 thread_start + 15\n", "test_name": "test_3_CreateButton", "rerun": "0"}, "3": {"status": "PASS", "message": "", "test_name": "test_31_exit", "rerun": "0"}}, "suite_name": "4LaporanBulanan/4.Laporan6D/Fungsional/test_Laporan6D.py"}}}, "date": "April 10, 2023", "start_time": 1681095618.807275, "total_suite": 1, "status": "FAIL", "status_list": {"pass": "3", "fail": "1", "skip": "0", "error": "0", "xpass": "0", "xfail": "0", "rerun": "0"}, "total_tests": "4"}