{"content": {"suites": {"0": {"status": {"total_pass": 20, "total_skip": 0, "total_xpass": 0, "total_xfail": 0, "total_rerun": 0, "total_fail": 5, "total_error": 0}, "tests": {"0": {"status": "PASS", "message": "", "test_name": "test_1_SetupOs", "rerun": "0"}, "1": {"status": "PASS", "message": "", "test_name": "test_2_Login", "rerun": "0"}, "2": {"status": "PASS", "message": "", "test_name": "test_3_AksesMenu", "rerun": "0"}, "3": {"status": "PASS", "message": "", "test_name": "test_4_ClickButtonTambah", "rerun": "0"}, "4": {"status": "PASS", "message": "", "test_name": "test_5_penanggungJawab", "rerun": "0"}, "5": {"status": "PASS", "message": "", "test_name": "test_6_jumlahAnggota", "rerun": "0"}, "6": {"status": "PASS", "message": "", "test_name": "test_7_pembagianTugas", "rerun": "0"}, "7": {"status": "PASS", "message": "", "test_name": "test_11_keterangan", "rerun": "0"}, "8": {"status": "PASS", "message": "", "test_name": "test_9_permasalahan", "rerun": "0"}, "9": {"status": "PASS", "message": "", "test_name": "test_8_rekapitulasiKehadiran", "rerun": "0"}, "10": {"status": "PASS", "message": "", "test_name": "test_10_alternatifPenyelesaian", "rerun": "0"}, "11": {"status": "PASS", "message": "", "test_name": "test_12_simpan", "rerun": "0"}, "12": {"status": "PASS", "message": "", "test_name": "test_13_SetupOs", "rerun": "0"}, "13": {"status": "PASS", "message": "", "test_name": "test_14_LoginSPV", "rerun": "0"}, "14": {"status": "PASS", "message": "", "test_name": "test_15_AksesMenuSpv", "rerun": "0"}, "15": {"status": "PASS", "message": "", "test_name": "test_16_KirimLaporanSpv", "rerun": "0"}, "16": {"status": "PASS", "message": "", "test_name": "test_17_loginKanwil", "rerun": "0"}, "17": {"status": "PASS", "message": "", "test_name": "test_18_AksesMenuKanwil", "rerun": "0"}, "18": {"status": "PASS", "message": "", "test_name": "test_19_VerifikasiLaporanKanwil", "rerun": "0"}, "19": {"status": "PASS", "message": "", "test_name": "test_20_ClickButtonSearch", "rerun": "0"}, "20": {"status": "FAIL", "message": "   selenium.common.exceptions.TimeoutException: Message: \n   Stacktrace:\n   0   chromedriver                        0x00000001030d5ae8 chromedriver + 4958952\n   1   chromedriver                        0x00000001030cd7b3 chromedriver + 4925363\n   2   chromedriver                        0x0000000102c8f1d6 chromedriver + 475606\n   3   chromedriver                        0x0000000102cd2a20 chromedriver + 752160\n   4   chromedriver                        0x0000000102cd2c81 chromedriver + 752769\n   5   chromedriver                        0x0000000102d16f64 chromedriver + 1032036\n   6   chromedriver                        0x0000000102cf8c3d chromedriver + 908349\n   7   chromedriver                        0x0000000102d1425b chromedriver + 1020507\n   8   chromedriver                        0x0000000102cf89e3 chromedriver + 907747\n   9   chromedriver                        0x0000000102cc2aef chromedriver + 686831\n   10  chromedriver                        0x0000000102cc400e chromedriver + 692238\n   11  chromedriver                        0x00000001030919ad chromedriver + 4680109\n   12  chromedriver                        0x0000000103096c12 chromedriver + 4701202\n   13  chromedriver                        0x000000010309d79f chromedriver + 4728735\n   14  chromedriver                        0x0000000103097b7a chromedriver + 4705146\n   15  chromedriver                        0x000000010306a27e chromedriver + 4518526\n   16  chromedriver                        0x00000001030b7908 chromedriver + 4835592\n   17  chromedriver                        0x00000001030b7a87 chromedriver + 4835975\n   18  chromedriver                        0x00000001030c700f chromedriver + 4898831\n   19  libsystem_pthread.dylib             0x00007ff8161cb1d3 _pthread_start + 125\n   20  libsystem_pthread.dylib             0x00007ff8161c6bd3 thread_start + 15\n       assert False\n", "test_name": "test_21_ClickButtonVerifikasi", "rerun": "0"}, "21": {"status": "FAIL", "message": "           ConnectionRefusedError: [Errno 61] Connection refused\n       urllib3.exceptions.NewConnectionError: <urllib3.connection.HTTPConnection object at 0x11f4bcf40>: Failed to establish a new connection: [Errno 61] Connection refused\n       urllib3.exceptions.MaxRetryError: HTTPConnectionPool(host='localhost', port=53196): Max retries exceeded with url: /session/62fdd2070bb5f8c7f3eac31eb1902fc5/timeouts (Caused by NewConnectionError('<urllib3.connection.HTTPConnection object at 0x11f4bcf40>: Failed to establish a new connection: [Errno 61] Connection refused'))\n", "test_name": "test_22_StatusVerifikasiModal", "rerun": "0"}, "22": {"status": "FAIL", "message": "           ConnectionRefusedError: [Errno 61] Connection refused\n       urllib3.exceptions.NewConnectionError: <urllib3.connection.HTTPConnection object at 0x11fa092e0>: Failed to establish a new connection: [Errno 61] Connection refused\n       urllib3.exceptions.MaxRetryError: HTTPConnectionPool(host='localhost', port=53196): Max retries exceeded with url: /session/62fdd2070bb5f8c7f3eac31eb1902fc5/timeouts (Caused by NewConnectionError('<urllib3.connection.HTTPConnection object at 0x11fa092e0>: Failed to establish a new connection: [Errno 61] Connection refused'))\n", "test_name": "test_23_UbahStatus", "rerun": "0"}, "23": {"status": "FAIL", "message": "           ConnectionRefusedError: [Errno 61] Connection refused\n       urllib3.exceptions.NewConnectionError: <urllib3.connection.HTTPConnection object at 0x11fa9b310>: Failed to establish a new connection: [Errno 61] Connection refused\n       urllib3.exceptions.MaxRetryError: HTTPConnectionPool(host='localhost', port=53196): Max retries exceeded with url: /session/62fdd2070bb5f8c7f3eac31eb1902fc5/timeouts (Caused by NewConnectionError('<urllib3.connection.HTTPConnection object at 0x11fa9b310>: Failed to establish a new connection: [Errno 61] Connection refused'))\n", "test_name": "test_24_Inputketerangan", "rerun": "0"}, "24": {"status": "FAIL", "message": "           ConnectionRefusedError: [Errno 61] Connection refused\n       urllib3.exceptions.NewConnectionError: <urllib3.connection.HTTPConnection object at 0x11fafa2b0>: Failed to establish a new connection: [Errno 61] Connection refused\n       urllib3.exceptions.MaxRetryError: HTTPConnectionPool(host='localhost', port=53196): Max retries exceeded with url: /session/62fdd2070bb5f8c7f3eac31eb1902fc5/timeouts (Caused by NewConnectionError('<urllib3.connection.HTTPConnection object at 0x11fafa2b0>: Failed to establish a new connection: [Errno 61] Connection refused'))\n", "test_name": "test_25_SimpanVerifikasi", "rerun": "0"}}, "suite_name": "4LaporanBulanan/12.Laporan8B/Fungsional/test_laporan8B.py"}}}, "date": "May 02, 2023", "start_time": 1683000142.792654, "total_suite": 1, "status": "FAIL", "status_list": {"pass": "20", "fail": "5", "skip": "0", "error": "0", "xpass": "0", "xfail": "0", "rerun": "0"}, "total_tests": "25"}