{"content": {"suites": {"0": {"status": {"total_pass": 0, "total_skip": 0, "total_xpass": 0, "total_xfail": 0, "total_rerun": 0, "total_fail": 12, "total_error": 0}, "tests": {"0": {"status": "FAIL", "message": "   selenium.common.exceptions.WebDriverException: Message: unknown error: failed to change window state to 'normal', current state is 'maximized'\n     (Session info: chrome=112.0.5615.137)\n   Stacktrace:\n   0   chromedriver                        0x0000000100826ae8 chromedriver + 4958952\n   1   chromedriver                        0x000000010081e7b3 chromedriver + 4925363\n   2   chromedriver                        0x00000001003e01d6 chromedriver + 475606\n   3   chromedriver                        0x00000001003ba56f chromedriver + 320879\n   4   chromedriver                        0x00000001003b8067 chromedriver + 311399\n   5   chromedriver                        0x00000001003b79ce chromedriver + 309710\n   6   chromedriver                        0x000000010047b815 chromedriver + 1112085\n   7   chromedriver                        0x0000000100449c12 chromedriver + 908306\n   8   chromedriver                        0x000000010046525b chromedriver + 1020507\n   9   chromedriver                        0x00000001004499e3 chromedriver + 907747\n   10  chromedriver                        0x0000000100413aef chromedriver + 686831\n   11  chromedriver                        0x000000010041500e chromedriver + 692238\n   12  chromedriver                        0x00000001007e29ad chromedriver + 4680109\n   13  chromedriver                        0x00000001007e7c12 chromedriver + 4701202\n   14  chromedriver                        0x00000001007ee79f chromedriver + 4728735\n   15  chromedriver                        0x00000001007e8b7a chromedriver + 4705146\n   16  chromedriver                        0x00000001007bb27e chromedriver + 4518526\n   17  chromedriver                        0x0000000100808908 chromedriver + 4835592\n   18  chromedriver                        0x0000000100808a87 chromedriver + 4835975\n   19  chromedriver                        0x000000010081800f chromedriver + 4898831\n   20  libsystem_pthread.dylib             0x00007ff803d171d3 _pthread_start + 125\n   21  libsystem_pthread.dylib             0x00007ff803d12bd3 thread_start + 15\n", "test_name": "test_1_SetupOs", "rerun": "0"}, "1": {"status": "FAIL", "message": "   NameError: name 'driver' is not defined\n", "test_name": "test_2_Login", "rerun": "0"}, "2": {"status": "FAIL", "message": "   NameError: name 'driver' is not defined\n", "test_name": "test_3_AksesMenu", "rerun": "0"}, "3": {"status": "FAIL", "message": "   NameError: name 'driver' is not defined\n", "test_name": "test_4_ClickButtonTambah", "rerun": "0"}, "4": {"status": "FAIL", "message": "   NameError: name 'driver' is not defined\n", "test_name": "test_5_penanggungJawab", "rerun": "0"}, "5": {"status": "FAIL", "message": "   NameError: name 'driver' is not defined\n", "test_name": "test_6_jumlahAnggota", "rerun": "0"}, "6": {"status": "FAIL", "message": "   NameError: name 'driver' is not defined\n", "test_name": "test_7_pembagianTugas", "rerun": "0"}, "7": {"status": "FAIL", "message": "   NameError: name 'driver' is not defined\n", "test_name": "test_8_rekapitulasiKehadiran", "rerun": "0"}, "8": {"status": "FAIL", "message": "   NameError: name 'driver' is not defined\n", "test_name": "test_9_permasalahan", "rerun": "0"}, "9": {"status": "FAIL", "message": "   NameError: name 'driver' is not defined\n", "test_name": "test_10_alternatifPenyelesaian", "rerun": "0"}, "10": {"status": "FAIL", "message": "   NameError: name 'driver' is not defined\n", "test_name": "test_11_keterangan", "rerun": "0"}, "11": {"status": "FAIL", "message": "   NameError: name 'driver' is not defined\n", "test_name": "test_32_exit", "rerun": "0"}}, "suite_name": "4LaporanBulanan/12.Laporan8B/Fungsional/test_laporan8B.py"}}}, "date": "April 26, 2023", "start_time": 1682495072.6420841, "total_suite": 1, "status": "FAIL", "status_list": {"pass": "0", "fail": "12", "skip": "0", "error": "0", "xpass": "0", "xfail": "0", "rerun": "0"}, "total_tests": "12"}