{"content": {"suites": {"0": {"status": {"total_pass": 2, "total_skip": 0, "total_xpass": 0, "total_xfail": 0, "total_rerun": 0, "total_fail": 2, "total_error": 0}, "tests": {"0": {"status": "PASS", "message": "", "test_name": "test_1_SetupOs", "rerun": "0"}, "1": {"status": "PASS", "message": "", "test_name": "test_2_Login", "rerun": "0"}, "2": {"status": "FAIL", "message": "   selenium.common.exceptions.NoSuchElementException: Message: no such element: Unable to locate element: {\"method\":\"css selector\",\"selector\":\"[id=\"Formulir Kamtib 8B\"]\"}\n     (Session info: chrome=112.0.5615.137)\n   Stacktrace:\n   0   chromedriver                        0x000000010452dae8 chromedriver + 4958952\n   1   chromedriver                        0x00000001045257b3 chromedriver + 4925363\n   2   chromedriver                        0x00000001040e71d6 chromedriver + 475606\n   3   chromedriver                        0x000000010412aa20 chromedriver + 752160\n   4   chromedriver                        0x000000010412ac81 chromedriver + 752769\n   5   chromedriver                        0x000000010416ef64 chromedriver + 1032036\n   6   chromedriver                        0x0000000104150c3d chromedriver + 908349\n   7   chromedriver                        0x000000010416c25b chromedriver + 1020507\n   8   chromedriver                        0x00000001041509e3 chromedriver + 907747\n   9   chromedriver                        0x000000010411aaef chromedriver + 686831\n   10  chromedriver                        0x000000010411c00e chromedriver + 692238\n   11  chromedriver                        0x00000001044e99ad chromedriver + 4680109\n   12  chromedriver                        0x00000001044eec12 chromedriver + 4701202\n   13  chromedriver                        0x00000001044f579f chromedriver + 4728735\n   14  chromedriver                        0x00000001044efb7a chromedriver + 4705146\n   15  chromedriver                        0x00000001044c227e chromedriver + 4518526\n   16  chromedriver                        0x000000010450f908 chromedriver + 4835592\n   17  chromedriver                        0x000000010450fa87 chromedriver + 4835975\n   18  chromedriver                        0x000000010451f00f chromedriver + 4898831\n   19  libsystem_pthread.dylib             0x00007ff803d171d3 _pthread_start + 125\n   20  libsystem_pthread.dylib             0x00007ff803d12bd3 thread_start + 15\n", "test_name": "test_3_AksesMenu", "rerun": "0"}, "3": {"status": "FAIL", "message": "   selenium.common.exceptions.TimeoutException: Message: \n   Stacktrace:\n   0   chromedriver                        0x000000010452dae8 chromedriver + 4958952\n   1   chromedriver                        0x00000001045257b3 chromedriver + 4925363\n   2   chromedriver                        0x00000001040e71d6 chromedriver + 475606\n   3   chromedriver                        0x000000010412aa20 chromedriver + 752160\n   4   chromedriver                        0x000000010412ac81 chromedriver + 752769\n   5   chromedriver                        0x000000010416ef64 chromedriver + 1032036\n   6   chromedriver                        0x0000000104150c3d chromedriver + 908349\n   7   chromedriver                        0x000000010416c25b chromedriver + 1020507\n   8   chromedriver                        0x00000001041509e3 chromedriver + 907747\n   9   chromedriver                        0x000000010411aaef chromedriver + 686831\n   10  chromedriver                        0x000000010411c00e chromedriver + 692238\n   11  chromedriver                        0x00000001044e99ad chromedriver + 4680109\n   12  chromedriver                        0x00000001044eec12 chromedriver + 4701202\n   13  chromedriver                        0x00000001044f579f chromedriver + 4728735\n   14  chromedriver                        0x00000001044efb7a chromedriver + 4705146\n   15  chromedriver                        0x00000001044c227e chromedriver + 4518526\n   16  chromedriver                        0x000000010450f908 chromedriver + 4835592\n   17  chromedriver                        0x000000010450fa87 chromedriver + 4835975\n   18  chromedriver                        0x000000010451f00f chromedriver + 4898831\n   19  libsystem_pthread.dylib             0x00007ff803d171d3 _pthread_start + 125\n   20  libsystem_pthread.dylib             0x00007ff803d12bd3 thread_start + 15\n       assert False\n", "test_name": "test_4_ClickButtonTambah", "rerun": "0"}}, "suite_name": "4LaporanBulanan/12.Laporan8B/Fungsional/test_laporan8B.py"}}}, "date": "April 26, 2023", "start_time": 1682490460.487682, "total_suite": 1, "status": "FAIL", "status_list": {"pass": "2", "fail": "2", "skip": "0", "error": "0", "xpass": "0", "xfail": "0", "rerun": "0"}, "total_tests": "4"}