{"content": {"suites": {"0": {"status": {"total_pass": 12, "total_skip": 0, "total_xpass": 0, "total_xfail": 0, "total_rerun": 0, "total_fail": 1, "total_error": 0}, "tests": {"0": {"status": "PASS", "message": "", "test_name": "test_1_SetupOs", "rerun": "0"}, "1": {"status": "PASS", "message": "", "test_name": "test_2_Login", "rerun": "0"}, "2": {"status": "PASS", "message": "", "test_name": "test_3_AksesMenu", "rerun": "0"}, "3": {"status": "PASS", "message": "", "test_name": "test_4_ClickButtonTambah", "rerun": "0"}, "4": {"status": "PASS", "message": "", "test_name": "test_5_penanggungJawab", "rerun": "0"}, "5": {"status": "PASS", "message": "", "test_name": "test_6_jumlahAnggota", "rerun": "0"}, "6": {"status": "PASS", "message": "", "test_name": "test_7_pembagianTugas", "rerun": "0"}, "7": {"status": "PASS", "message": "", "test_name": "test_11_keterangan", "rerun": "0"}, "8": {"status": "PASS", "message": "", "test_name": "test_9_permasalahan", "rerun": "0"}, "9": {"status": "PASS", "message": "", "test_name": "test_8_rekapitulasiKehadiran", "rerun": "0"}, "10": {"status": "PASS", "message": "", "test_name": "test_10_alternatifPenyelesaian", "rerun": "0"}, "11": {"status": "PASS", "message": "", "test_name": "test_12_simpan", "rerun": "0"}, "12": {"status": "FAIL", "message": "           ConnectionRefusedError: [Errno 61] Connection refused\n       urllib3.exceptions.NewConnectionError: <urllib3.connection.HTTPConnection object at 0x105db3070>: Failed to establish a new connection: [Errno 61] Connection refused\n       urllib3.exceptions.MaxRetryError: HTTPConnectionPool(host='localhost', port=51892): Max retries exceeded with url: /session/ef68c3603beba09c68103caccee07e32/window (Caused by NewConnectionError('<urllib3.connection.HTTPConnection object at 0x105db3070>: Failed to establish a new connection: [Errno 61] Connection refused'))\n", "test_name": "test_32_exit", "rerun": "0"}}, "suite_name": "4LaporanBulanan/12.Laporan8B/Fungsional/test_laporan8B.py"}}}, "date": "April 27, 2023", "start_time": 1682559056.2475069, "total_suite": 1, "status": "FAIL", "status_list": {"pass": "12", "fail": "1", "skip": "0", "error": "0", "xpass": "0", "xfail": "0", "rerun": "0"}, "total_tests": "13"}