{"content": {"suites": {"0": {"status": {"total_pass": 14, "total_skip": 0, "total_xpass": 0, "total_xfail": 0, "total_rerun": 0, "total_fail": 3, "total_error": 0}, "tests": {"0": {"status": "PASS", "message": "", "test_name": "test_1_SetupOs", "rerun": "0"}, "1": {"status": "PASS", "message": "", "test_name": "test_2_Login", "rerun": "0"}, "2": {"status": "PASS", "message": "", "test_name": "test_3_AksesMenu", "rerun": "0"}, "3": {"status": "PASS", "message": "", "test_name": "test_4_ClickButtonTambah", "rerun": "0"}, "4": {"status": "PASS", "message": "", "test_name": "test_5_penanggungJawab", "rerun": "0"}, "5": {"status": "PASS", "message": "", "test_name": "test_6_jumlahAnggota", "rerun": "0"}, "6": {"status": "PASS", "message": "", "test_name": "test_7_pembagianTugas", "rerun": "0"}, "7": {"status": "PASS", "message": "", "test_name": "test_11_keterangan", "rerun": "0"}, "8": {"status": "PASS", "message": "", "test_name": "test_9_permasalahan", "rerun": "0"}, "9": {"status": "PASS", "message": "", "test_name": "test_8_rekapitulasiKehadiran", "rerun": "0"}, "10": {"status": "PASS", "message": "", "test_name": "test_10_alternatifPenyelesaian", "rerun": "0"}, "11": {"status": "PASS", "message": "", "test_name": "test_12_simpan", "rerun": "0"}, "12": {"status": "PASS", "message": "", "test_name": "test_13_SetupOs", "rerun": "0"}, "13": {"status": "PASS", "message": "", "test_name": "test_14_LoginSPV", "rerun": "0"}, "14": {"status": "FAIL", "message": "   selenium.common.exceptions.ElementClickInterceptedException: Message: element click intercepted: Element <a href=\"/keamanan/formulir-kamtib-8b\" class=\"w-full\" id=\"/keamanan/formulir-kamtib-8b\">...</a> is not clickable at point (580, 470). Other element would receive the click: <a href=\"/keamanan/formulir-kamtib-6f\" class=\"w-full\" id=\"/keamanan/formulir-kamtib-6f\">...</a>\n     (Session info: chrome=112.0.5615.137)\n   Stacktrace:\n   0   chromedriver                        0x00000001047aaae8 chromedriver + 4958952\n   1   chromedriver                        0x00000001047a27b3 chromedriver + 4925363\n   2   chromedriver                        0x00000001043641d6 chromedriver + 475606\n   3   chromedriver                        0x00000001043b1321 chromedriver + 791329\n   4   chromedriver                        0x00000001043ae36e chromedriver + 779118\n   5   chromedriver                        0x00000001043aafd4 chromedriver + 765908\n   6   chromedriver                        0x00000001043a99af chromedriver + 760239\n   7   chromedriver                        0x000000010439a283 chromedriver + 696963\n   8   chromedriver                        0x00000001043cdc12 chromedriver + 908306\n   9   chromedriver                        0x00000001043998f1 chromedriver + 694513\n   10  chromedriver                        0x00000001043cddce chromedriver + 908750\n   11  chromedriver                        0x00000001043e925b chromedriver + 1020507\n   12  chromedriver                        0x00000001043cd9e3 chromedriver + 907747\n   13  chromedriver                        0x0000000104397aef chromedriver + 686831\n   14  chromedriver                        0x000000010439900e chromedriver + 692238\n   15  chromedriver                        0x00000001047669ad chromedriver + 4680109\n   16  chromedriver                        0x000000010476bc12 chromedriver + 4701202\n   17  chromedriver                        0x000000010477279f chromedriver + 4728735\n   18  chromedriver                        0x000000010476cb7a chromedriver + 4705146\n   19  chromedriver                        0x000000010473f27e chromedriver + 4518526\n   20  chromedriver                        0x000000010478c908 chromedriver + 4835592\n   21  chromedriver                        0x000000010478ca87 chromedriver + 4835975\n   22  chromedriver                        0x000000010479c00f chromedriver + 4898831\n   23  libsystem_pthread.dylib             0x00007ff8161cb1d3 _pthread_start + 125\n   24  libsystem_pthread.dylib             0x00007ff8161c6bd3 thread_start + 15\n       assert False\n", "test_name": "test_15_AksesMenuSpv", "rerun": "0"}, "15": {"status": "FAIL", "message": "           ConnectionRefusedError: [Errno 61] Connection refused\n       urllib3.exceptions.NewConnectionError: <urllib3.connection.HTTPConnection object at 0x126b4f160>: Failed to establish a new connection: [Errno 61] Connection refused\n       urllib3.exceptions.MaxRetryError: HTTPConnectionPool(host='localhost', port=50073): Max retries exceeded with url: /session/ddcca0317fafeeaad9b2705237d2539b/timeouts (Caused by NewConnectionError('<urllib3.connection.HTTPConnection object at 0x126b4f160>: Failed to establish a new connection: [Errno 61] Connection refused'))\n", "test_name": "test_16_KirimLaporanSpv", "rerun": "0"}, "16": {"status": "FAIL", "message": "           ConnectionRefusedError: [Errno 61] Connection refused\n       urllib3.exceptions.NewConnectionError: <urllib3.connection.HTTPConnection object at 0x126df91f0>: Failed to establish a new connection: [Errno 61] Connection refused\n       urllib3.exceptions.MaxRetryError: HTTPConnectionPool(host='localhost', port=50073): Max retries exceeded with url: /session/ddcca0317fafeeaad9b2705237d2539b/window (Caused by NewConnectionError('<urllib3.connection.HTTPConnection object at 0x126df91f0>: Failed to establish a new connection: [Errno 61] Connection refused'))\n", "test_name": "test_31_exit", "rerun": "0"}}, "suite_name": "4LaporanBulanan/12.Laporan8B/Fungsional/test_laporan8B.py"}}}, "date": "May 02, 2023", "start_time": 1682991910.43603, "total_suite": 1, "status": "FAIL", "status_list": {"pass": "14", "fail": "3", "skip": "0", "error": "0", "xpass": "0", "xfail": "0", "rerun": "0"}, "total_tests": "17"}