{"content": {"suites": {"0": {"status": {"total_pass": 14, "total_skip": 0, "total_xpass": 0, "total_xfail": 0, "total_rerun": 0, "total_fail": 2, "total_error": 0}, "tests": {"0": {"status": "PASS", "message": "", "test_name": "test_1_SetupOs", "rerun": "0"}, "1": {"status": "PASS", "message": "", "test_name": "test_2_Login", "rerun": "0"}, "2": {"status": "PASS", "message": "", "test_name": "test_3_AksesMenu", "rerun": "0"}, "3": {"status": "PASS", "message": "", "test_name": "test_4_ClickButtonTambah", "rerun": "0"}, "4": {"status": "PASS", "message": "", "test_name": "test_5_penanggungJawab", "rerun": "0"}, "5": {"status": "PASS", "message": "", "test_name": "test_6_jumlahAnggota", "rerun": "0"}, "6": {"status": "PASS", "message": "", "test_name": "test_7_pembagianTugas", "rerun": "0"}, "7": {"status": "PASS", "message": "", "test_name": "test_11_keterangan", "rerun": "0"}, "8": {"status": "PASS", "message": "", "test_name": "test_9_permasalahan", "rerun": "0"}, "9": {"status": "PASS", "message": "", "test_name": "test_8_rekapitulasiKehadiran", "rerun": "0"}, "10": {"status": "PASS", "message": "", "test_name": "test_10_alternatifPenyelesaian", "rerun": "0"}, "11": {"status": "PASS", "message": "", "test_name": "test_12_simpan", "rerun": "0"}, "12": {"status": "PASS", "message": "", "test_name": "test_14_SetupOs", "rerun": "0"}, "13": {"status": "PASS", "message": "", "test_name": "test_15_LoginSPV", "rerun": "0"}, "14": {"status": "FAIL", "message": "   selenium.common.exceptions.ElementNotInteractableException: Message: element not interactable: [object HTMLDivElement] has no size and location\n     (Session info: chrome=112.0.5615.137)\n   Stacktrace:\n   0   chromedriver                        0x00000001026f9ae8 chromedriver + 4958952\n   1   chromedriver                        0x00000001026f17b3 chromedriver + 4925363\n   2   chromedriver                        0x00000001022b31d6 chromedriver + 475606\n   3   chromedriver                        0x00000001022b7274 chromedriver + 492148\n   4   chromedriver                        0x00000001022b6e56 chromedriver + 491094\n   5   chromedriver                        0x00000001022b72fc chromedriver + 492284\n   6   chromedriver                        0x00000001022ff0af chromedriver + 786607\n   7   chromedriver                        0x00000001022fe22c chromedriver + 782892\n   8   chromedriver                        0x000000010234282f chromedriver + 1062959\n   9   chromedriver                        0x000000010231cc12 chromedriver + 908306\n   10  chromedriver                        0x000000010233825b chromedriver + 1020507\n   11  chromedriver                        0x000000010231c9e3 chromedriver + 907747\n   12  chromedriver                        0x00000001022e6aef chromedriver + 686831\n   13  chromedriver                        0x00000001022e800e chromedriver + 692238\n   14  chromedriver                        0x00000001026b59ad chromedriver + 4680109\n   15  chromedriver                        0x00000001026bac12 chromedriver + 4701202\n   16  chromedriver                        0x00000001026c179f chromedriver + 4728735\n   17  chromedriver                        0x00000001026bbb7a chromedriver + 4705146\n   18  chromedriver                        0x000000010268e27e chromedriver + 4518526\n   19  chromedriver                        0x00000001026db908 chromedriver + 4835592\n   20  chromedriver                        0x00000001026dba87 chromedriver + 4835975\n   21  chromedriver                        0x00000001026eb00f chromedriver + 4898831\n   22  libsystem_pthread.dylib             0x00007ff80addb1d3 _pthread_start + 125\n   23  libsystem_pthread.dylib             0x00007ff80add6bd3 thread_start + 15\n       assert False\n", "test_name": "test_16_AksesMenuSpv", "rerun": "0"}, "15": {"status": "FAIL", "message": "           ConnectionRefusedError: [Errno 61] Connection refused\n       urllib3.exceptions.NewConnectionError: <urllib3.connection.HTTPConnection object at 0x144061280>: Failed to establish a new connection: [Errno 61] Connection refused\n       urllib3.exceptions.MaxRetryError: HTTPConnectionPool(host='localhost', port=52452): Max retries exceeded with url: /session/1de525f8e7076e3f6d594c514c7fcf1d/window (Caused by NewConnectionError('<urllib3.connection.HTTPConnection object at 0x144061280>: Failed to establish a new connection: [Errno 61] Connection refused'))\n", "test_name": "test_32_exit", "rerun": "0"}}, "suite_name": "4LaporanBulanan/12.Laporan8B/Fungsional/test_laporan8B.py"}}}, "date": "April 27, 2023", "start_time": 1682559369.782204, "total_suite": 1, "status": "FAIL", "status_list": {"pass": "14", "fail": "2", "skip": "0", "error": "0", "xpass": "0", "xfail": "0", "rerun": "0"}, "total_tests": "16"}