{"content": {"suites": {"0": {"status": {"total_pass": 2, "total_skip": 0, "total_xpass": 0, "total_xfail": 0, "total_rerun": 0, "total_fail": 1, "total_error": 0}, "tests": {"0": {"status": "PASS", "message": "", "test_name": "test_1_SetupOs", "rerun": "0"}, "1": {"status": "PASS", "message": "", "test_name": "test_2_Login", "rerun": "0"}, "2": {"status": "FAIL", "message": "   selenium.common.exceptions.ElementNotInteractableException: Message: element not interactable: [object HTMLDivElement] has no size and location\n     (Session info: chrome=112.0.5615.137)\n   Stacktrace:\n   0   chromedriver                        0x00000001007a8ae8 chromedriver + 4958952\n   1   chromedriver                        0x00000001007a07b3 chromedriver + 4925363\n   2   chromedriver                        0x00000001003621d6 chromedriver + 475606\n   3   chromedriver                        0x0000000100366274 chromedriver + 492148\n   4   chromedriver                        0x0000000100365e56 chromedriver + 491094\n   5   chromedriver                        0x00000001003662fc chromedriver + 492284\n   6   chromedriver                        0x00000001003ae0af chromedriver + 786607\n   7   chromedriver                        0x00000001003ad22c chromedriver + 782892\n   8   chromedriver                        0x00000001003f182f chromedriver + 1062959\n   9   chromedriver                        0x00000001003cbc12 chromedriver + 908306\n   10  chromedriver                        0x00000001003e725b chromedriver + 1020507\n   11  chromedriver                        0x00000001003cb9e3 chromedriver + 907747\n   12  chromedriver                        0x0000000100395aef chromedriver + 686831\n   13  chromedriver                        0x000000010039700e chromedriver + 692238\n   14  chromedriver                        0x00000001007649ad chromedriver + 4680109\n   15  chromedriver                        0x0000000100769c12 chromedriver + 4701202\n   16  chromedriver                        0x000000010077079f chromedriver + 4728735\n   17  chromedriver                        0x000000010076ab7a chromedriver + 4705146\n   18  chromedriver                        0x000000010073d27e chromedriver + 4518526\n   19  chromedriver                        0x000000010078a908 chromedriver + 4835592\n   20  chromedriver                        0x000000010078aa87 chromedriver + 4835975\n   21  chromedriver                        0x000000010079a00f chromedriver + 4898831\n   22  libsystem_pthread.dylib             0x00007ff80731f1d3 _pthread_start + 125\n   23  libsystem_pthread.dylib             0x00007ff80731abd3 thread_start + 15\n", "test_name": "test_3_AksesMenu", "rerun": "0"}}, "suite_name": "4LaporanBulanan/12.Laporan8B/Fungsional/test_laporan8B.py"}}}, "date": "May 02, 2023", "start_time": 1682990300.37679, "total_suite": 1, "status": "FAIL", "status_list": {"pass": "2", "fail": "1", "skip": "0", "error": "0", "xpass": "0", "xfail": "0", "rerun": "0"}, "total_tests": "3"}