{"content": {"suites": {"0": {"status": {"total_pass": 9, "total_skip": 0, "total_xpass": 0, "total_xfail": 0, "total_rerun": 0, "total_fail": 3, "total_error": 0}, "tests": {"0": {"status": "PASS", "message": "", "test_name": "test_1_SetupOs", "rerun": "0"}, "1": {"status": "PASS", "message": "", "test_name": "test_2_Login", "rerun": "0"}, "2": {"status": "PASS", "message": "", "test_name": "test_3_AksesMenu", "rerun": "0"}, "3": {"status": "PASS", "message": "", "test_name": "test_4_ClickButtonTambah", "rerun": "0"}, "4": {"status": "PASS", "message": "", "test_name": "test_5_penanggungJawab", "rerun": "0"}, "5": {"status": "PASS", "message": "", "test_name": "test_6_jumlahAnggota", "rerun": "0"}, "6": {"status": "PASS", "message": "", "test_name": "test_7_pembagianTugas", "rerun": "0"}, "7": {"status": "PASS", "message": "", "test_name": "test_8_rekapitulasiKehadiran", "rerun": "0"}, "8": {"status": "PASS", "message": "", "test_name": "test_9_permasalahan", "rerun": "0"}, "9": {"status": "FAIL", "message": "   selenium.common.exceptions.TimeoutException: Message: \n   Stacktrace:\n   0   chromedriver                        0x0000000104861ae8 chromedriver + 4958952\n   1   chromedriver                        0x00000001048597b3 chromedriver + 4925363\n   2   chromedriver                        0x000000010441b1d6 chromedriver + 475606\n   3   chromedriver                        0x000000010445ea20 chromedriver + 752160\n   4   chromedriver                        0x000000010445ec81 chromedriver + 752769\n   5   chromedriver                        0x00000001044a2f64 chromedriver + 1032036\n   6   chromedriver                        0x0000000104484c3d chromedriver + 908349\n   7   chromedriver                        0x00000001044a025b chromedriver + 1020507\n   8   chromedriver                        0x00000001044849e3 chromedriver + 907747\n   9   chromedriver                        0x000000010444eaef chromedriver + 686831\n   10  chromedriver                        0x000000010445000e chromedriver + 692238\n   11  chromedriver                        0x000000010481d9ad chromedriver + 4680109\n   12  chromedriver                        0x0000000104822c12 chromedriver + 4701202\n   13  chromedriver                        0x000000010482979f chromedriver + 4728735\n   14  chromedriver                        0x0000000104823b7a chromedriver + 4705146\n   15  chromedriver                        0x00000001047f627e chromedriver + 4518526\n   16  chromedriver                        0x0000000104843908 chromedriver + 4835592\n   17  chromedriver                        0x0000000104843a87 chromedriver + 4835975\n   18  chromedriver                        0x000000010485300f chromedriver + 4898831\n   19  libsystem_pthread.dylib             0x00007ff803d171d3 _pthread_start + 125\n   20  libsystem_pthread.dylib             0x00007ff803d12bd3 thread_start + 15\n       assert False\n", "test_name": "test_10_alternatifPenyelesaian", "rerun": "0"}, "10": {"status": "FAIL", "message": "           ConnectionRefusedError: [Errno 61] Connection refused\n       urllib3.exceptions.NewConnectionError: <urllib3.connection.HTTPConnection object at 0x112d36cd0>: Failed to establish a new connection: [Errno 61] Connection refused\n       urllib3.exceptions.MaxRetryError: HTTPConnectionPool(host='localhost', port=60246): Max retries exceeded with url: /session/c5a7e22c3ab9e44ef22e3e362b7490d9/timeouts (Caused by NewConnectionError('<urllib3.connection.HTTPConnection object at 0x112d36cd0>: Failed to establish a new connection: [Errno 61] Connection refused'))\n", "test_name": "test_11_keterangan", "rerun": "0"}, "11": {"status": "FAIL", "message": "           ConnectionRefusedError: [Errno 61] Connection refused\n       urllib3.exceptions.NewConnectionError: <urllib3.connection.HTTPConnection object at 0x113108160>: Failed to establish a new connection: [Errno 61] Connection refused\n       urllib3.exceptions.MaxRetryError: HTTPConnectionPool(host='localhost', port=60246): Max retries exceeded with url: /session/c5a7e22c3ab9e44ef22e3e362b7490d9/window (Caused by NewConnectionError('<urllib3.connection.HTTPConnection object at 0x113108160>: Failed to establish a new connection: [Errno 61] Connection refused'))\n", "test_name": "test_32_exit", "rerun": "0"}}, "suite_name": "4LaporanBulanan/12.Laporan8B/Fungsional/test_laporan8B.py"}}}, "date": "April 26, 2023", "start_time": 1682494230.436717, "total_suite": 1, "status": "FAIL", "status_list": {"pass": "9", "fail": "3", "skip": "0", "error": "0", "xpass": "0", "xfail": "0", "rerun": "0"}, "total_tests": "12"}