{"content": {"suites": {"0": {"status": {"total_pass": 1, "total_skip": 0, "total_xpass": 0, "total_xfail": 0, "total_rerun": 0, "total_fail": 2, "total_error": 0}, "tests": {"0": {"status": "PASS", "message": "", "test_name": "test_1_SetupOs", "rerun": "0"}, "1": {"status": "FAIL", "message": "   AttributeError: 'NoneType' object has no attribute 'encode'\n", "test_name": "test_2_Login", "rerun": "0"}, "2": {"status": "FAIL", "message": "   selenium.common.exceptions.NoSuchWindowException: Message: no such window: target window already closed\n   from unknown error: web view not found\n     (Session info: chrome=112.0.5615.137)\n   Stacktrace:\n   0   chromedriver                        0x0000000104de5ae8 chromedriver + 4958952\n   1   chromedriver                        0x0000000104ddd7b3 chromedriver + 4925363\n   2   chromedriver                        0x000000010499f1d6 chromedriver + 475606\n   3   chromedriver                        0x0000000104974cec chromedriver + 302316\n   4   chromedriver                        0x0000000104a0df2f chromedriver + 929583\n   5   chromedriver                        0x0000000104a23926 chromedriver + 1018150\n   6   chromedriver                        0x0000000104a089e3 chromedriver + 907747\n   7   chromedriver                        0x00000001049d2aef chromedriver + 686831\n   8   chromedriver                        0x00000001049d400e chromedriver + 692238\n   9   chromedriver                        0x0000000104da19ad chromedriver + 4680109\n   10  chromedriver                        0x0000000104da6c12 chromedriver + 4701202\n   11  chromedriver                        0x0000000104dad79f chromedriver + 4728735\n   12  chromedriver                        0x0000000104da7b7a chromedriver + 4705146\n   13  chromedriver                        0x0000000104d7a27e chromedriver + 4518526\n   14  chromedriver                        0x0000000104dc7908 chromedriver + 4835592\n   15  chromedriver                        0x0000000104dc7a87 chromedriver + 4835975\n   16  chromedriver                        0x0000000104dd700f chromedriver + 4898831\n   17  libsystem_pthread.dylib             0x00007ff803d171d3 _pthread_start + 125\n   18  libsystem_pthread.dylib             0x00007ff803d12bd3 thread_start + 15\n", "test_name": "test_3_AksesMenu", "rerun": "0"}}, "suite_name": "4LaporanBulanan/12.Laporan8B/Fungsional/test_laporan8B.py"}}}, "date": "April 26, 2023", "start_time": 1682495616.296124, "total_suite": 1, "status": "FAIL", "status_list": {"pass": "1", "fail": "2", "skip": "0", "error": "0", "xpass": "0", "xfail": "0", "rerun": "0"}, "total_tests": "3"}