{"content": {"suites": {"0": {"status": {"total_pass": 21, "total_skip": 0, "total_xpass": 0, "total_xfail": 0, "total_rerun": 0, "total_fail": 4, "total_error": 0}, "tests": {"0": {"status": "PASS", "message": "", "test_name": "test_1_SetupOs", "rerun": "0"}, "1": {"status": "PASS", "message": "", "test_name": "test_2_Login", "rerun": "0"}, "2": {"status": "PASS", "message": "", "test_name": "test_3_AksesMenu", "rerun": "0"}, "3": {"status": "PASS", "message": "", "test_name": "test_4_ClickButtonTambah", "rerun": "0"}, "4": {"status": "PASS", "message": "", "test_name": "test_5_penanggungJawab", "rerun": "0"}, "5": {"status": "PASS", "message": "", "test_name": "test_6_jumlahAnggota", "rerun": "0"}, "6": {"status": "PASS", "message": "", "test_name": "test_7_pembagianTugas", "rerun": "0"}, "7": {"status": "PASS", "message": "", "test_name": "test_11_keterangan", "rerun": "0"}, "8": {"status": "PASS", "message": "", "test_name": "test_9_permasalahan", "rerun": "0"}, "9": {"status": "PASS", "message": "", "test_name": "test_8_rekapitulasiKehadiran", "rerun": "0"}, "10": {"status": "PASS", "message": "", "test_name": "test_10_alternatifPenyelesaian", "rerun": "0"}, "11": {"status": "PASS", "message": "", "test_name": "test_12_simpan", "rerun": "0"}, "12": {"status": "PASS", "message": "", "test_name": "test_14_SetupOs", "rerun": "0"}, "13": {"status": "PASS", "message": "", "test_name": "test_15_LoginSPV", "rerun": "0"}, "14": {"status": "PASS", "message": "", "test_name": "test_16_AksesMenuSpv", "rerun": "0"}, "15": {"status": "PASS", "message": "", "test_name": "test_17_KirimLaporanSpv", "rerun": "0"}, "16": {"status": "PASS", "message": "", "test_name": "test_18_loginKanwil", "rerun": "0"}, "17": {"status": "PASS", "message": "", "test_name": "test_19_AksesMenuKanwil", "rerun": "0"}, "18": {"status": "PASS", "message": "", "test_name": "test_20_VerifikasiLaporanKanwil", "rerun": "0"}, "19": {"status": "PASS", "message": "", "test_name": "test_21_ClickButtonSearch", "rerun": "0"}, "20": {"status": "PASS", "message": "", "test_name": "test_22_ClickButtonVerifikasi", "rerun": "0"}, "21": {"status": "FAIL", "message": "   selenium.common.exceptions.ElementClickInterceptedException: Message: element click intercepted: Element <input class=\"el-input__inner\" id=\"statusVerifikasiModal\" type=\"text\" readonly=\"\" autocomplete=\"off\" placeholder=\"Masukkan Status Verifikasi\"> is not clickable at point (1114, 311). Other element would receive the click: <div class=\"el-loading-mask\" style=\"\">...</div>\n     (Session info: chrome=112.0.5615.137)\n   Stacktrace:\n   0   chromedriver                        0x00000001027b2ae8 chromedriver + 4958952\n   1   chromedriver                        0x00000001027aa7b3 chromedriver + 4925363\n   2   chromedriver                        0x000000010236c1d6 chromedriver + 475606\n   3   chromedriver                        0x00000001023b9321 chromedriver + 791329\n   4   chromedriver                        0x00000001023b636e chromedriver + 779118\n   5   chromedriver                        0x00000001023b2fd4 chromedriver + 765908\n   6   chromedriver                        0x00000001023b19af chromedriver + 760239\n   7   chromedriver                        0x00000001023a2283 chromedriver + 696963\n   8   chromedriver                        0x00000001023d5c12 chromedriver + 908306\n   9   chromedriver                        0x00000001023a18f1 chromedriver + 694513\n   10  chromedriver                        0x00000001023d5dce chromedriver + 908750\n   11  chromedriver                        0x00000001023f125b chromedriver + 1020507\n   12  chromedriver                        0x00000001023d59e3 chromedriver + 907747\n   13  chromedriver                        0x000000010239faef chromedriver + 686831\n   14  chromedriver                        0x00000001023a100e chromedriver + 692238\n   15  chromedriver                        0x000000010276e9ad chromedriver + 4680109\n   16  chromedriver                        0x0000000102773c12 chromedriver + 4701202\n   17  chromedriver                        0x000000010277a79f chromedriver + 4728735\n   18  chromedriver                        0x0000000102774b7a chromedriver + 4705146\n   19  chromedriver                        0x000000010274727e chromedriver + 4518526\n   20  chromedriver                        0x0000000102794908 chromedriver + 4835592\n   21  chromedriver                        0x0000000102794a87 chromedriver + 4835975\n   22  chromedriver                        0x00000001027a400f chromedriver + 4898831\n   23  libsystem_pthread.dylib             0x00007ff803d171d3 _pthread_start + 125\n   24  libsystem_pthread.dylib             0x00007ff803d12bd3 thread_start + 15\n       assert False\n", "test_name": "test_23_StatusVerifikasiModal", "rerun": "0"}, "22": {"status": "FAIL", "message": "           ConnectionRefusedError: [Errno 61] Connection refused\n       urllib3.exceptions.NewConnectionError: <urllib3.connection.HTTPConnection object at 0x1231f22b0>: Failed to establish a new connection: [Errno 61] Connection refused\n       urllib3.exceptions.MaxRetryError: HTTPConnectionPool(host='localhost', port=58890): Max retries exceeded with url: /session/08db462feb24c418b7017b9611838014/timeouts (Caused by NewConnectionError('<urllib3.connection.HTTPConnection object at 0x1231f22b0>: Failed to establish a new connection: [Errno 61] Connection refused'))\n", "test_name": "test_24_UbahStatus", "rerun": "0"}, "23": {"status": "FAIL", "message": "           ConnectionRefusedError: [Errno 61] Connection refused\n       urllib3.exceptions.NewConnectionError: <urllib3.connection.HTTPConnection object at 0x12358f2b0>: Failed to establish a new connection: [Errno 61] Connection refused\n       urllib3.exceptions.MaxRetryError: HTTPConnectionPool(host='localhost', port=58890): Max retries exceeded with url: /session/08db462feb24c418b7017b9611838014/timeouts (Caused by NewConnectionError('<urllib3.connection.HTTPConnection object at 0x12358f2b0>: Failed to establish a new connection: [Errno 61] Connection refused'))\n", "test_name": "test_25_Inputketerangan", "rerun": "0"}, "24": {"status": "FAIL", "message": "           ConnectionRefusedError: [Errno 61] Connection refused\n       urllib3.exceptions.NewConnectionError: <urllib3.connection.HTTPConnection object at 0x123363160>: Failed to establish a new connection: [Errno 61] Connection refused\n       urllib3.exceptions.MaxRetryError: HTTPConnectionPool(host='localhost', port=58890): Max retries exceeded with url: /session/08db462feb24c418b7017b9611838014/timeouts (Caused by NewConnectionError('<urllib3.connection.HTTPConnection object at 0x123363160>: Failed to establish a new connection: [Errno 61] Connection refused'))\n", "test_name": "test_26_SimpanVerifikasi", "rerun": "0"}}, "suite_name": "4LaporanBulanan/12.Laporan8B/Fungsional/test_laporan8B.py"}}}, "date": "April 26, 2023", "start_time": 1682496694.9037828, "total_suite": 1, "status": "FAIL", "status_list": {"pass": "21", "fail": "4", "skip": "0", "error": "0", "xpass": "0", "xfail": "0", "rerun": "0"}, "total_tests": "25"}