{"content": {"suites": {"0": {"status": {"total_pass": 15, "total_skip": 0, "total_xpass": 0, "total_xfail": 0, "total_rerun": 0, "total_fail": 1, "total_error": 0}, "tests": {"0": {"status": "PASS", "message": "", "test_name": "test_1_SetupOs", "rerun": "0"}, "1": {"status": "PASS", "message": "", "test_name": "test_2_Login", "rerun": "0"}, "2": {"status": "PASS", "message": "", "test_name": "test_3_AksesMenu", "rerun": "0"}, "3": {"status": "PASS", "message": "", "test_name": "test_4_ClickButtonTambah", "rerun": "0"}, "4": {"status": "PASS", "message": "", "test_name": "test_5_penanggungJawab", "rerun": "0"}, "5": {"status": "PASS", "message": "", "test_name": "test_6_jumlahAnggota", "rerun": "0"}, "6": {"status": "PASS", "message": "", "test_name": "test_7_pembagianTugas", "rerun": "0"}, "7": {"status": "PASS", "message": "", "test_name": "test_11_keterangan", "rerun": "0"}, "8": {"status": "PASS", "message": "", "test_name": "test_9_permasalahan", "rerun": "0"}, "9": {"status": "PASS", "message": "", "test_name": "test_8_rekapitulasiKehadiran", "rerun": "0"}, "10": {"status": "PASS", "message": "", "test_name": "test_10_alternatifPenyelesaian", "rerun": "0"}, "11": {"status": "PASS", "message": "", "test_name": "test_12_simpan", "rerun": "0"}, "12": {"status": "PASS", "message": "", "test_name": "test_13_SetupOs", "rerun": "0"}, "13": {"status": "PASS", "message": "", "test_name": "test_14_LoginSPV", "rerun": "0"}, "14": {"status": "PASS", "message": "", "test_name": "test_15_AksesMenuSpv", "rerun": "0"}, "15": {"status": "FAIL", "message": "   selenium.common.exceptions.ElementClickInterceptedException: Message: element click intercepted: Element <span class=\"\">...</span> is not clickable at point (1339, 744). Other element would receive the click: <div class=\"el-loading-mask\" style=\"\">...</div>\n     (Session info: chrome=112.0.5615.137)\n   Stacktrace:\n   0   chromedriver                        0x000000010114eae8 chromedriver + 4958952\n   1   chromedriver                        0x00000001011467b3 chromedriver + 4925363\n   2   chromedriver                        0x0000000100d081d6 chromedriver + 475606\n   3   chromedriver                        0x0000000100d55321 chromedriver + 791329\n   4   chromedriver                        0x0000000100d5236e chromedriver + 779118\n   5   chromedriver                        0x0000000100d4efd4 chromedriver + 765908\n   6   chromedriver                        0x0000000100d4d9af chromedriver + 760239\n   7   chromedriver                        0x0000000100d3e283 chromedriver + 696963\n   8   chromedriver                        0x0000000100d71c12 chromedriver + 908306\n   9   chromedriver                        0x0000000100d3d8f1 chromedriver + 694513\n   10  chromedriver                        0x0000000100d71dce chromedriver + 908750\n   11  chromedriver                        0x0000000100d8d25b chromedriver + 1020507\n   12  chromedriver                        0x0000000100d719e3 chromedriver + 907747\n   13  chromedriver                        0x0000000100d3baef chromedriver + 686831\n   14  chromedriver                        0x0000000100d3d00e chromedriver + 692238\n   15  chromedriver                        0x000000010110a9ad chromedriver + 4680109\n   16  chromedriver                        0x000000010110fc12 chromedriver + 4701202\n   17  chromedriver                        0x000000010111679f chromedriver + 4728735\n   18  chromedriver                        0x0000000101110b7a chromedriver + 4705146\n   19  chromedriver                        0x00000001010e327e chromedriver + 4518526\n   20  chromedriver                        0x0000000101130908 chromedriver + 4835592\n   21  chromedriver                        0x0000000101130a87 chromedriver + 4835975\n   22  chromedriver                        0x000000010114000f chromedriver + 4898831\n   23  libsystem_pthread.dylib             0x00007ff8161cb1d3 _pthread_start + 125\n   24  libsystem_pthread.dylib             0x00007ff8161c6bd3 thread_start + 15\n       assert False\n", "test_name": "test_16_KirimLaporanSpv", "rerun": "0"}}, "suite_name": "4LaporanBulanan/12.Laporan8B/Fungsional/test_laporan8B.py"}}}, "date": "May 02, 2023", "start_time": 1682992673.25791, "total_suite": 1, "status": "FAIL", "status_list": {"pass": "15", "fail": "1", "skip": "0", "error": "0", "xpass": "0", "xfail": "0", "rerun": "0"}, "total_tests": "16"}