{"content": {"suites": {"0": {"status": {"total_pass": 0, "total_skip": 0, "total_xpass": 0, "total_xfail": 0, "total_rerun": 0, "total_fail": 13, "total_error": 0}, "tests": {"0": {"status": "FAIL", "message": "   selenium.common.exceptions.WebDriverException: Message: unknown error: net::ERR_CONNECTION_TIMED_OUT\n     (Session info: chrome=112.0.5615.137)\n   Stacktrace:\n   0   chromedriver                        0x00000001032f3ae8 chromedriver + 4958952\n   1   chromedriver                        0x00000001032eb7b3 chromedriver + 4925363\n   2   chromedriver                        0x0000000102ead1d6 chromedriver + 475606\n   3   chromedriver                        0x0000000102ea4deb chromedriver + 441835\n   4   chromedriver                        0x0000000102e960ec chromedriver + 381164\n   5   chromedriver                        0x0000000102e97b41 chromedriver + 387905\n   6   chromedriver                        0x0000000102e96476 chromedriver + 382070\n   7   chromedriver                        0x0000000102e9518b chromedriver + 377227\n   8   chromedriver                        0x0000000102e94ffb chromedriver + 376827\n   9   chromedriver                        0x0000000102e9381a chromedriver + 370714\n   10  chromedriver                        0x0000000102e93bdd chromedriver + 371677\n   11  chromedriver                        0x0000000102eaf4c6 chromedriver + 484550\n   12  chromedriver                        0x0000000102f328c1 chromedriver + 1022145\n   13  chromedriver                        0x0000000102f16c12 chromedriver + 908306\n   14  chromedriver                        0x0000000102f3225b chromedriver + 1020507\n   15  chromedriver                        0x0000000102f169e3 chromedriver + 907747\n   16  chromedriver                        0x0000000102ee0aef chromedriver + 686831\n   17  chromedriver                        0x0000000102ee200e chromedriver + 692238\n   18  chromedriver                        0x00000001032af9ad chromedriver + 4680109\n   19  chromedriver                        0x00000001032b4c12 chromedriver + 4701202\n   20  chromedriver                        0x00000001032bb79f chromedriver + 4728735\n   21  chromedriver                        0x00000001032b5b7a chromedriver + 4705146\n   22  chromedriver                        0x000000010328827e chromedriver + 4518526\n   23  chromedriver                        0x00000001032d5908 chromedriver + 4835592\n   24  chromedriver                        0x00000001032d5a87 chromedriver + 4835975\n   25  chromedriver                        0x00000001032e500f chromedriver + 4898831\n   26  libsystem_pthread.dylib             0x00007ff80addb1d3 _pthread_start + 125\n   27  libsystem_pthread.dylib             0x00007ff80add6bd3 thread_start + 15\n", "test_name": "test_1_SetupOs", "rerun": "0"}, "1": {"status": "FAIL", "message": "   NameError: name 'driver' is not defined\n", "test_name": "test_2_Login", "rerun": "0"}, "2": {"status": "FAIL", "message": "   NameError: name 'driver' is not defined\n", "test_name": "test_3_AksesMenu", "rerun": "0"}, "3": {"status": "FAIL", "message": "   NameError: name 'driver' is not defined\n", "test_name": "test_4_ClickButtonTambah", "rerun": "0"}, "4": {"status": "FAIL", "message": "   NameError: name 'driver' is not defined\n", "test_name": "test_5_penanggungJawab", "rerun": "0"}, "5": {"status": "FAIL", "message": "   NameError: name 'driver' is not defined\n", "test_name": "test_6_jumlahAnggota", "rerun": "0"}, "6": {"status": "FAIL", "message": "   NameError: name 'driver' is not defined\n", "test_name": "test_7_pembagianTugas", "rerun": "0"}, "7": {"status": "FAIL", "message": "   NameError: name 'driver' is not defined\n", "test_name": "test_11_keterangan", "rerun": "0"}, "8": {"status": "FAIL", "message": "   NameError: name 'driver' is not defined\n", "test_name": "test_9_permasalahan", "rerun": "0"}, "9": {"status": "FAIL", "message": "   NameError: name 'driver' is not defined\n", "test_name": "test_8_rekapitulasiKehadiran", "rerun": "0"}, "10": {"status": "FAIL", "message": "   NameError: name 'driver' is not defined\n", "test_name": "test_10_alternatifPenyelesaian", "rerun": "0"}, "11": {"status": "FAIL", "message": "   NameError: name 'driver' is not defined\n", "test_name": "test_12_simpan", "rerun": "0"}, "12": {"status": "FAIL", "message": "   NameError: name 'driver' is not defined\n", "test_name": "test_32_exit", "rerun": "0"}}, "suite_name": "4LaporanBulanan/12.Laporan8B/Fungsional/test_laporan8B.py"}}}, "date": "April 27, 2023", "start_time": 1682556890.9444969, "total_suite": 1, "status": "FAIL", "status_list": {"pass": "0", "fail": "13", "skip": "0", "error": "0", "xpass": "0", "xfail": "0", "rerun": "0"}, "total_tests": "13"}