{"content": {"suites": {"0": {"status": {"total_pass": 2, "total_skip": 0, "total_xpass": 0, "total_xfail": 0, "total_rerun": 0, "total_fail": 3, "total_error": 0}, "tests": {"0": {"status": "PASS", "message": "", "test_name": "test_1_SetupOs", "rerun": "0"}, "1": {"status": "PASS", "message": "", "test_name": "test_2_Login", "rerun": "0"}, "2": {"status": "FAIL", "message": "   selenium.common.exceptions.NoSuchElementException: Message: no such element: Unable to locate element: {\"method\":\"css selector\",\"selector\":\"[id=\"Formulir Kamtib 7B - Kegiatan Intellijen\"]\"}\n     (Session info: chrome=112.0.5615.49)\n   Stacktrace:\n   0   chromedriver                        0x0000000102ac6ae8 chromedriver + 4958952\n   1   chromedriver                        0x0000000102abe7b3 chromedriver + 4925363\n   2   chromedriver                        0x00000001026801d6 chromedriver + 475606\n   3   chromedriver                        0x00000001026c3a20 chromedriver + 752160\n   4   chromedriver                        0x00000001026c3c81 chromedriver + 752769\n   5   chromedriver                        0x0000000102707f64 chromedriver + 1032036\n   6   chromedriver                        0x00000001026e9c3d chromedriver + 908349\n   7   chromedriver                        0x000000010270525b chromedriver + 1020507\n   8   chromedriver                        0x00000001026e99e3 chromedriver + 907747\n   9   chromedriver                        0x00000001026b3aef chromedriver + 686831\n   10  chromedriver                        0x00000001026b500e chromedriver + 692238\n   11  chromedriver                        0x0000000102a829ad chromedriver + 4680109\n   12  chromedriver                        0x0000000102a87c12 chromedriver + 4701202\n   13  chromedriver                        0x0000000102a8e79f chromedriver + 4728735\n   14  chromedriver                        0x0000000102a88b7a chromedriver + 4705146\n   15  chromedriver                        0x0000000102a5b27e chromedriver + 4518526\n   16  chromedriver                        0x0000000102aa8908 chromedriver + 4835592\n   17  chromedriver                        0x0000000102aa8a87 chromedriver + 4835975\n   18  chromedriver                        0x0000000102ab800f chromedriver + 4898831\n   19  libsystem_pthread.dylib             0x00007ff815ce31d3 _pthread_start + 125\n   20  libsystem_pthread.dylib             0x00007ff815cdebd3 thread_start + 15\n       assert False\n", "test_name": "test_2_AksesMenu", "rerun": "0"}, "3": {"status": "FAIL", "message": "           ConnectionRefusedError: [Errno 61] Connection refused\n       urllib3.exceptions.NewConnectionError: <urllib3.connection.HTTPConnection object at 0x1175e2070>: Failed to establish a new connection: [Errno 61] Connection refused\n       urllib3.exceptions.MaxRetryError: HTTPConnectionPool(host='localhost', port=63732): Max retries exceeded with url: /session/1810e4a588dcfa4218b908ee1cc924e7/timeouts (Caused by NewConnectionError('<urllib3.connection.HTTPConnection object at 0x1175e2070>: Failed to establish a new connection: [Errno 61] Connection refused'))\n", "test_name": "test_3_CreateButton", "rerun": "0"}, "4": {"status": "FAIL", "message": "           ConnectionRefusedError: [Errno 61] Connection refused\n       urllib3.exceptions.NewConnectionError: <urllib3.connection.HTTPConnection object at 0x1178b2250>: Failed to establish a new connection: [Errno 61] Connection refused\n       urllib3.exceptions.MaxRetryError: HTTPConnectionPool(host='localhost', port=63732): Max retries exceeded with url: /session/1810e4a588dcfa4218b908ee1cc924e7/window (Caused by NewConnectionError('<urllib3.connection.HTTPConnection object at 0x1178b2250>: Failed to establish a new connection: [Errno 61] Connection refused'))\n", "test_name": "test_33_exit", "rerun": "0"}}, "suite_name": "4LaporanBulanan/8.Laporan7B/Fungsional/test_Laporan7B.py"}}}, "date": "April 12, 2023", "start_time": 1681287508.2278552, "total_suite": 1, "status": "FAIL", "status_list": {"pass": "2", "fail": "3", "skip": "0", "error": "0", "xpass": "0", "xfail": "0", "rerun": "0"}, "total_tests": "5"}