{"content": {"suites": {"0": {"status": {"total_pass": 12, "total_skip": 0, "total_xpass": 0, "total_xfail": 0, "total_rerun": 0, "total_fail": 0, "total_error": 0}, "tests": {"0": {"status": "PASS", "message": "", "test_name": "test_1_SetupOs", "rerun": "0"}, "1": {"status": "PASS", "message": "", "test_name": "test_2_Login", "rerun": "0"}, "2": {"status": "PASS", "message": "", "test_name": "test_2_AksesMenu", "rerun": "0"}, "3": {"status": "PASS", "message": "", "test_name": "test_3_CreateButton", "rerun": "0"}, "4": {"status": "PASS", "message": "", "test_name": "test_4_inputTglKegitatan", "rerun": "0"}, "5": {"status": "PASS", "message": "", "test_name": "test_5_InputLokasiKegiatan", "rerun": "0"}, "6": {"status": "PASS", "message": "", "test_name": "test_6_InputJumlahAgen", "rerun": "0"}, "7": {"status": "PASS", "message": "", "test_name": "test_7_InputHasilkegiatan", "rerun": "0"}, "8": {"status": "PASS", "message": "", "test_name": "test_8_InputTindaklanjut", "rerun": "0"}, "9": {"status": "PASS", "message": "", "test_name": "test_9_InputKeterangan", "rerun": "0"}, "10": {"status": "PASS", "message": "", "test_name": "test_10_ClickbuttonSubmit", "rerun": "0"}, "11": {"status": "PASS", "message": "", "test_name": "test_33_exit", "rerun": "0"}}, "suite_name": "4LaporanBulanan/8.Laporan7B/Fungsional/test_Laporan7B.py"}}}, "date": "April 12, 2023", "start_time": 1681288862.624379, "total_suite": 1, "status": "PASS", "status_list": {"pass": "12", "fail": "0", "skip": "0", "error": "0", "xpass": "0", "xfail": "0", "rerun": "0"}, "total_tests": "12"}