{"content": {"suites": {"0": {"status": {"total_pass": 2, "total_skip": 0, "total_xpass": 0, "total_xfail": 0, "total_rerun": 0, "total_fail": 3, "total_error": 0}, "tests": {"0": {"status": "PASS", "message": "", "test_name": "test_1_SetupOs", "rerun": "0"}, "1": {"status": "PASS", "message": "", "test_name": "test_2_Login", "rerun": "0"}, "2": {"status": "FAIL", "message": "   selenium.common.exceptions.NoSuchElementException: Message: no such element: Unable to locate element: {\"method\":\"css selector\",\"selector\":\"[id=\"Formulir Kamtib 7B - Kegiatan Intellijen\"]\"}\n     (Session info: chrome=112.0.5615.49)\n   Stacktrace:\n   0   chromedriver                        0x00000001048c9ae8 chromedriver + 4958952\n   1   chromedriver                        0x00000001048c17b3 chromedriver + 4925363\n   2   chromedriver                        0x00000001044831d6 chromedriver + 475606\n   3   chromedriver                        0x00000001044c6a20 chromedriver + 752160\n   4   chromedriver                        0x00000001044c6c81 chromedriver + 752769\n   5   chromedriver                        0x000000010450af64 chromedriver + 1032036\n   6   chromedriver                        0x00000001044ecc3d chromedriver + 908349\n   7   chromedriver                        0x000000010450825b chromedriver + 1020507\n   8   chromedriver                        0x00000001044ec9e3 chromedriver + 907747\n   9   chromedriver                        0x00000001044b6aef chromedriver + 686831\n   10  chromedriver                        0x00000001044b800e chromedriver + 692238\n   11  chromedriver                        0x00000001048859ad chromedriver + 4680109\n   12  chromedriver                        0x000000010488ac12 chromedriver + 4701202\n   13  chromedriver                        0x000000010489179f chromedriver + 4728735\n   14  chromedriver                        0x000000010488bb7a chromedriver + 4705146\n   15  chromedriver                        0x000000010485e27e chromedriver + 4518526\n   16  chromedriver                        0x00000001048ab908 chromedriver + 4835592\n   17  chromedriver                        0x00000001048aba87 chromedriver + 4835975\n   18  chromedriver                        0x00000001048bb00f chromedriver + 4898831\n   19  libsystem_pthread.dylib             0x00007ff815ce31d3 _pthread_start + 125\n   20  libsystem_pthread.dylib             0x00007ff815cdebd3 thread_start + 15\n       assert False\n", "test_name": "test_2_AksesMenu", "rerun": "0"}, "3": {"status": "FAIL", "message": "           ConnectionRefusedError: [Errno 61] Connection refused\n       urllib3.exceptions.NewConnectionError: <urllib3.connection.HTTPConnection object at 0x1176a2160>: Failed to establish a new connection: [Errno 61] Connection refused\n       urllib3.exceptions.MaxRetryError: HTTPConnectionPool(host='localhost', port=63485): Max retries exceeded with url: /session/4c36db2a2fa35621da17ca405c87ab03/timeouts (Caused by NewConnectionError('<urllib3.connection.HTTPConnection object at 0x1176a2160>: Failed to establish a new connection: [Errno 61] Connection refused'))\n", "test_name": "test_3_CreateButton", "rerun": "0"}, "4": {"status": "FAIL", "message": "           ConnectionRefusedError: [Errno 61] Connection refused\n       urllib3.exceptions.NewConnectionError: <urllib3.connection.HTTPConnection object at 0x119a03310>: Failed to establish a new connection: [Errno 61] Connection refused\n       urllib3.exceptions.MaxRetryError: HTTPConnectionPool(host='localhost', port=63485): Max retries exceeded with url: /session/4c36db2a2fa35621da17ca405c87ab03/window (Caused by NewConnectionError('<urllib3.connection.HTTPConnection object at 0x119a03310>: Failed to establish a new connection: [Errno 61] Connection refused'))\n", "test_name": "test_33_exit", "rerun": "0"}}, "suite_name": "4LaporanBulanan/8.Laporan7B/Fungsional/test_Laporan7B.py"}}}, "date": "April 12, 2023", "start_time": 1681287381.9942038, "total_suite": 1, "status": "FAIL", "status_list": {"pass": "2", "fail": "3", "skip": "0", "error": "0", "xpass": "0", "xfail": "0", "rerun": "0"}, "total_tests": "5"}