{"content": {"suites": {"0": {"status": {"total_pass": 4, "total_skip": 0, "total_xpass": 0, "total_xfail": 0, "total_rerun": 0, "total_fail": 2, "total_error": 0}, "tests": {"0": {"status": "PASS", "message": "", "test_name": "test_1_SetupOs", "rerun": "0"}, "1": {"status": "PASS", "message": "", "test_name": "test_2_Login", "rerun": "0"}, "2": {"status": "PASS", "message": "", "test_name": "test_2_AksesMenu", "rerun": "0"}, "3": {"status": "PASS", "message": "", "test_name": "test_3_ClickButtonEdit", "rerun": "0"}, "4": {"status": "FAIL", "message": "   selenium.common.exceptions.NoSuchElementException: Message: no such element: Unable to locate element: {\"method\":\"xpath\",\"selector\":\"//li[@id='Dalam Lapas']\"}\n     (Session info: chrome=112.0.5615.49)\n   Stacktrace:\n   0   chromedriver                        0x0000000102866ae8 chromedriver + 4958952\n   1   chromedriver                        0x000000010285e7b3 chromedriver + 4925363\n   2   chromedriver                        0x00000001024201d6 chromedriver + 475606\n   3   chromedriver                        0x0000000102463a20 chromedriver + 752160\n   4   chromedriver                        0x0000000102463c81 chromedriver + 752769\n   5   chromedriver                        0x00000001024a7f64 chromedriver + 1032036\n   6   chromedriver                        0x0000000102489c3d chromedriver + 908349\n   7   chromedriver                        0x00000001024a525b chromedriver + 1020507\n   8   chromedriver                        0x00000001024899e3 chromedriver + 907747\n   9   chromedriver                        0x0000000102453aef chromedriver + 686831\n   10  chromedriver                        0x000000010245500e chromedriver + 692238\n   11  chromedriver                        0x00000001028229ad chromedriver + 4680109\n   12  chromedriver                        0x0000000102827c12 chromedriver + 4701202\n   13  chromedriver                        0x000000010282e79f chromedriver + 4728735\n   14  chromedriver                        0x0000000102828b7a chromedriver + 4705146\n   15  chromedriver                        0x00000001027fb27e chromedriver + 4518526\n   16  chromedriver                        0x0000000102848908 chromedriver + 4835592\n   17  chromedriver                        0x0000000102848a87 chromedriver + 4835975\n   18  chromedriver                        0x000000010285800f chromedriver + 4898831\n   19  libsystem_pthread.dylib             0x00007ff815d571d3 _pthread_start + 125\n   20  libsystem_pthread.dylib             0x00007ff815d52bd3 thread_start + 15\n", "test_name": "test_4_InputData", "rerun": "0"}, "5": {"status": "FAIL", "message": "   selenium.common.exceptions.NoSuchWindowException: Message: no such window: target window already closed\n   from unknown error: web view not found\n     (Session info: chrome=112.0.5615.49)\n   Stacktrace:\n   0   chromedriver                        0x0000000102866ae8 chromedriver + 4958952\n   1   chromedriver                        0x000000010285e7b3 chromedriver + 4925363\n   2   chromedriver                        0x00000001024201d6 chromedriver + 475606\n   3   chromedriver                        0x00000001023f5cec chromedriver + 302316\n   4   chromedriver                        0x000000010248ef2f chromedriver + 929583\n   5   chromedriver                        0x0000000102495c7c chromedriver + 957564\n   6   chromedriver                        0x0000000102489bd8 chromedriver + 908248\n   7   chromedriver                        0x0000000102453aef chromedriver + 686831\n   8   chromedriver                        0x000000010245500e chromedriver + 692238\n   9   chromedriver                        0x00000001028229ad chromedriver + 4680109\n   10  chromedriver                        0x0000000102827c12 chromedriver + 4701202\n   11  chromedriver                        0x000000010282e79f chromedriver + 4728735\n   12  chromedriver                        0x0000000102828b7a chromedriver + 4705146\n   13  chromedriver                        0x00000001027fb27e chromedriver + 4518526\n   14  chromedriver                        0x0000000102848908 chromedriver + 4835592\n   15  chromedriver                        0x0000000102848a87 chromedriver + 4835975\n   16  chromedriver                        0x000000010285800f chromedriver + 4898831\n   17  libsystem_pthread.dylib             0x00007ff815d571d3 _pthread_start + 125\n   18  libsystem_pthread.dylib             0x00007ff815d52bd3 thread_start + 15\n", "test_name": "test_22_exit", "rerun": "0"}}, "suite_name": "4LaporanBulanan/10.Laporan7E/Fungsional/test_Laporan7E.py"}}}, "date": "April 18, 2023", "start_time": 1681831853.345634, "total_suite": 1, "status": "FAIL", "status_list": {"pass": "4", "fail": "2", "skip": "0", "error": "0", "xpass": "0", "xfail": "0", "rerun": "0"}, "total_tests": "6"}