{"content": {"suites": {"0": {"status": {"total_pass": 5, "total_skip": 0, "total_xpass": 0, "total_xfail": 0, "total_rerun": 0, "total_fail": 1, "total_error": 0}, "tests": {"0": {"status": "PASS", "message": "", "test_name": "test_1_SetupOs", "rerun": "0"}, "1": {"status": "PASS", "message": "", "test_name": "test_2_Login", "rerun": "0"}, "2": {"status": "PASS", "message": "", "test_name": "test_2_AksesMenu", "rerun": "0"}, "3": {"status": "PASS", "message": "", "test_name": "test_3_ClickButtonEdit", "rerun": "0"}, "4": {"status": "FAIL", "message": "   NameError: name 'LariDariXC' is not defined\n", "test_name": "test_4_InputData", "rerun": "0"}, "5": {"status": "PASS", "message": "", "test_name": "test_22_exit", "rerun": "0"}}, "suite_name": "4LaporanBulanan/10.Laporan7E/Fungsional/test_Laporan7E.py"}}}, "date": "April 17, 2023", "start_time": 1681716666.1312718, "total_suite": 1, "status": "FAIL", "status_list": {"pass": "5", "fail": "1", "skip": "0", "error": "0", "xpass": "0", "xfail": "0", "rerun": "0"}, "total_tests": "6"}