{"content": {"suites": {"0": {"status": {"total_pass": 5, "total_skip": 0, "total_xpass": 0, "total_xfail": 0, "total_rerun": 0, "total_fail": 1, "total_error": 0}, "tests": {"0": {"status": "PASS", "message": "", "test_name": "test_1_SetupOs", "rerun": "0"}, "1": {"status": "PASS", "message": "", "test_name": "test_2_Login", "rerun": "0"}, "2": {"status": "PASS", "message": "", "test_name": "test_2_AksesMenu", "rerun": "0"}, "3": {"status": "PASS", "message": "", "test_name": "test_3_ClickButtonEdit", "rerun": "0"}, "4": {"status": "FAIL", "message": "   selenium.common.exceptions.ElementClickInterceptedException: Message: element click intercepted: Element <input class=\"el-input__inner\" id=\"petugasPenangkap\" maxlength=\"255\" type=\"text\" autocomplete=\"off\" placeholder=\"Masukkan Nama Petugas yang Menangkap\"> is not clickable at point (1007, 699). Other element would receive the click: <div class=\"el-loading-mask el-loading-fade-leave-active el-loading-fade-leave-to\" style=\"\">...</div>\n     (Session info: chrome=112.0.5615.49)\n   Stacktrace:\n   0   chromedriver                        0x000000010270eae8 chromedriver + 4958952\n   1   chromedriver                        0x00000001027067b3 chromedriver + 4925363\n   2   chromedriver                        0x00000001022c81d6 chromedriver + 475606\n   3   chromedriver                        0x0000000102315321 chromedriver + 791329\n   4   chromedriver                        0x000000010231236e chromedriver + 779118\n   5   chromedriver                        0x000000010230efd4 chromedriver + 765908\n   6   chromedriver                        0x000000010230d9af chromedriver + 760239\n   7   chromedriver                        0x00000001022fe283 chromedriver + 696963\n   8   chromedriver                        0x0000000102331c12 chromedriver + 908306\n   9   chromedriver                        0x00000001022fd8f1 chromedriver + 694513\n   10  chromedriver                        0x0000000102331dce chromedriver + 908750\n   11  chromedriver                        0x000000010234d25b chromedriver + 1020507\n   12  chromedriver                        0x00000001023319e3 chromedriver + 907747\n   13  chromedriver                        0x00000001022fbaef chromedriver + 686831\n   14  chromedriver                        0x00000001022fd00e chromedriver + 692238\n   15  chromedriver                        0x00000001026ca9ad chromedriver + 4680109\n   16  chromedriver                        0x00000001026cfc12 chromedriver + 4701202\n   17  chromedriver                        0x00000001026d679f chromedriver + 4728735\n   18  chromedriver                        0x00000001026d0b7a chromedriver + 4705146\n   19  chromedriver                        0x00000001026a327e chromedriver + 4518526\n   20  chromedriver                        0x00000001026f0908 chromedriver + 4835592\n   21  chromedriver                        0x00000001026f0a87 chromedriver + 4835975\n   22  chromedriver                        0x000000010270000f chromedriver + 4898831\n   23  libsystem_pthread.dylib             0x00007ff80ee0b1d3 _pthread_start + 125\n   24  libsystem_pthread.dylib             0x00007ff80ee06bd3 thread_start + 15\n", "test_name": "test_4_InputData", "rerun": "0"}, "5": {"status": "PASS", "message": "", "test_name": "test_22_exit", "rerun": "0"}}, "suite_name": "4LaporanBulanan/10.Laporan7E/Fungsional/test_Laporan7E.py"}}}, "date": "April 17, 2023", "start_time": 1681717173.991132, "total_suite": 1, "status": "FAIL", "status_list": {"pass": "5", "fail": "1", "skip": "0", "error": "0", "xpass": "0", "xfail": "0", "rerun": "0"}, "total_tests": "6"}