{"content": {"suites": {"0": {"status": {"total_pass": 5, "total_skip": 0, "total_xpass": 0, "total_xfail": 0, "total_rerun": 0, "total_fail": 1, "total_error": 0}, "tests": {"0": {"status": "PASS", "message": "", "test_name": "test_1_SetupOs", "rerun": "0"}, "1": {"status": "PASS", "message": "", "test_name": "test_2_Login", "rerun": "0"}, "2": {"status": "PASS", "message": "", "test_name": "test_2_AksesMenu", "rerun": "0"}, "3": {"status": "PASS", "message": "", "test_name": "test_3_ClickButtonEdit", "rerun": "0"}, "4": {"status": "FAIL", "message": "   selenium.common.exceptions.ElementClickInterceptedException: Message: element click intercepted: Element <div class=\"el-card__body\" style=\"\">...</div> is not clickable at point (832, 404). Other element would receive the click: <svg class=\"circular\" viewBox=\"25 25 50 50\">...</svg>\n     (Session info: chrome=112.0.5615.49)\n   Stacktrace:\n   0   chromedriver                        0x00000001030cbae8 chromedriver + 4958952\n   1   chromedriver                        0x00000001030c37b3 chromedriver + 4925363\n   2   chromedriver                        0x0000000102c851d6 chromedriver + 475606\n   3   chromedriver                        0x0000000102cd2321 chromedriver + 791329\n   4   chromedriver                        0x0000000102ccf36e chromedriver + 779118\n   5   chromedriver                        0x0000000102ccbfd4 chromedriver + 765908\n   6   chromedriver                        0x0000000102cca9af chromedriver + 760239\n   7   chromedriver                        0x0000000102cbb283 chromedriver + 696963\n   8   chromedriver                        0x0000000102ceec12 chromedriver + 908306\n   9   chromedriver                        0x0000000102cba8f1 chromedriver + 694513\n   10  chromedriver                        0x0000000102ceedce chromedriver + 908750\n   11  chromedriver                        0x0000000102d0a25b chromedriver + 1020507\n   12  chromedriver                        0x0000000102cee9e3 chromedriver + 907747\n   13  chromedriver                        0x0000000102cb8aef chromedriver + 686831\n   14  chromedriver                        0x0000000102cba00e chromedriver + 692238\n   15  chromedriver                        0x00000001030879ad chromedriver + 4680109\n   16  chromedriver                        0x000000010308cc12 chromedriver + 4701202\n   17  chromedriver                        0x000000010309379f chromedriver + 4728735\n   18  chromedriver                        0x000000010308db7a chromedriver + 4705146\n   19  chromedriver                        0x000000010306027e chromedriver + 4518526\n   20  chromedriver                        0x00000001030ad908 chromedriver + 4835592\n   21  chromedriver                        0x00000001030ada87 chromedriver + 4835975\n   22  chromedriver                        0x00000001030bd00f chromedriver + 4898831\n   23  libsystem_pthread.dylib             0x00007ff80ee0b1d3 _pthread_start + 125\n   24  libsystem_pthread.dylib             0x00007ff80ee06bd3 thread_start + 15\n", "test_name": "test_4_InputData", "rerun": "0"}, "5": {"status": "PASS", "message": "", "test_name": "test_22_exit", "rerun": "0"}}, "suite_name": "4LaporanBulanan/10.Laporan7E/Fungsional/test_Laporan7E.py"}}}, "date": "April 17, 2023", "start_time": 1681715767.617555, "total_suite": 1, "status": "FAIL", "status_list": {"pass": "5", "fail": "1", "skip": "0", "error": "0", "xpass": "0", "xfail": "0", "rerun": "0"}, "total_tests": "6"}