{"content": {"suites": {"0": {"status": {"total_pass": 3, "total_skip": 0, "total_xpass": 0, "total_xfail": 0, "total_rerun": 0, "total_fail": 3, "total_error": 0}, "tests": {"0": {"status": "PASS", "message": "", "test_name": "test_1_SetupOs", "rerun": "0"}, "1": {"status": "PASS", "message": "", "test_name": "test_2_Login", "rerun": "0"}, "2": {"status": "FAIL", "message": "   selenium.common.exceptions.NoSuchElementException: Message: no such element: Unable to locate element: {\"method\":\"link text\",\"selector\":\"/keamanan/formulir-kamtib-7e\"}\n     (Session info: chrome=112.0.5615.49)\n   Stacktrace:\n   0   chromedriver                        0x000000010497aae8 chromedriver + 4958952\n   1   chromedriver                        0x00000001049727b3 chromedriver + 4925363\n   2   chromedriver                        0x00000001045341d6 chromedriver + 475606\n   3   chromedriver                        0x0000000104577a20 chromedriver + 752160\n   4   chromedriver                        0x0000000104577c81 chromedriver + 752769\n   5   chromedriver                        0x00000001045bbf64 chromedriver + 1032036\n   6   chromedriver                        0x000000010459dc3d chromedriver + 908349\n   7   chromedriver                        0x00000001045b925b chromedriver + 1020507\n   8   chromedriver                        0x000000010459d9e3 chromedriver + 907747\n   9   chromedriver                        0x0000000104567aef chromedriver + 686831\n   10  chromedriver                        0x000000010456900e chromedriver + 692238\n   11  chromedriver                        0x00000001049369ad chromedriver + 4680109\n   12  chromedriver                        0x000000010493bc12 chromedriver + 4701202\n   13  chromedriver                        0x000000010494279f chromedriver + 4728735\n   14  chromedriver                        0x000000010493cb7a chromedriver + 4705146\n   15  chromedriver                        0x000000010490f27e chromedriver + 4518526\n   16  chromedriver                        0x000000010495c908 chromedriver + 4835592\n   17  chromedriver                        0x000000010495ca87 chromedriver + 4835975\n   18  chromedriver                        0x000000010496c00f chromedriver + 4898831\n   19  libsystem_pthread.dylib             0x00007ff80ee0b1d3 _pthread_start + 125\n   20  libsystem_pthread.dylib             0x00007ff80ee06bd3 thread_start + 15\n", "test_name": "test_2_AksesMenu", "rerun": "0"}, "3": {"status": "FAIL", "message": "   selenium.common.exceptions.NoSuchElementException: Message: no such element: Unable to locate element: {\"method\":\"css selector\",\"selector\":\".text-green-500 path\"}\n     (Session info: chrome=112.0.5615.49)\n   Stacktrace:\n   0   chromedriver                        0x000000010497aae8 chromedriver + 4958952\n   1   chromedriver                        0x00000001049727b3 chromedriver + 4925363\n   2   chromedriver                        0x00000001045341d6 chromedriver + 475606\n   3   chromedriver                        0x0000000104577a20 chromedriver + 752160\n   4   chromedriver                        0x0000000104577c81 chromedriver + 752769\n   5   chromedriver                        0x00000001045bbf64 chromedriver + 1032036\n   6   chromedriver                        0x000000010459dc3d chromedriver + 908349\n   7   chromedriver                        0x00000001045b925b chromedriver + 1020507\n   8   chromedriver                        0x000000010459d9e3 chromedriver + 907747\n   9   chromedriver                        0x0000000104567aef chromedriver + 686831\n   10  chromedriver                        0x000000010456900e chromedriver + 692238\n   11  chromedriver                        0x00000001049369ad chromedriver + 4680109\n   12  chromedriver                        0x000000010493bc12 chromedriver + 4701202\n   13  chromedriver                        0x000000010494279f chromedriver + 4728735\n   14  chromedriver                        0x000000010493cb7a chromedriver + 4705146\n   15  chromedriver                        0x000000010490f27e chromedriver + 4518526\n   16  chromedriver                        0x000000010495c908 chromedriver + 4835592\n   17  chromedriver                        0x000000010495ca87 chromedriver + 4835975\n   18  chromedriver                        0x000000010496c00f chromedriver + 4898831\n   19  libsystem_pthread.dylib             0x00007ff80ee0b1d3 _pthread_start + 125\n   20  libsystem_pthread.dylib             0x00007ff80ee06bd3 thread_start + 15\n", "test_name": "test_3_ClickButtonEdit", "rerun": "0"}, "4": {"status": "FAIL", "message": "   selenium.common.exceptions.NoSuchElementException: Message: no such element: Unable to locate element: {\"method\":\"css selector\",\"selector\":\"[id=\"petugasPenangkap\"]\"}\n     (Session info: chrome=112.0.5615.49)\n   Stacktrace:\n   0   chromedriver                        0x000000010497aae8 chromedriver + 4958952\n   1   chromedriver                        0x00000001049727b3 chromedriver + 4925363\n   2   chromedriver                        0x00000001045341d6 chromedriver + 475606\n   3   chromedriver                        0x0000000104577a20 chromedriver + 752160\n   4   chromedriver                        0x0000000104577c81 chromedriver + 752769\n   5   chromedriver                        0x00000001045bbf64 chromedriver + 1032036\n   6   chromedriver                        0x000000010459dc3d chromedriver + 908349\n   7   chromedriver                        0x00000001045b925b chromedriver + 1020507\n   8   chromedriver                        0x000000010459d9e3 chromedriver + 907747\n   9   chromedriver                        0x0000000104567aef chromedriver + 686831\n   10  chromedriver                        0x000000010456900e chromedriver + 692238\n   11  chromedriver                        0x00000001049369ad chromedriver + 4680109\n   12  chromedriver                        0x000000010493bc12 chromedriver + 4701202\n   13  chromedriver                        0x000000010494279f chromedriver + 4728735\n   14  chromedriver                        0x000000010493cb7a chromedriver + 4705146\n   15  chromedriver                        0x000000010490f27e chromedriver + 4518526\n   16  chromedriver                        0x000000010495c908 chromedriver + 4835592\n   17  chromedriver                        0x000000010495ca87 chromedriver + 4835975\n   18  chromedriver                        0x000000010496c00f chromedriver + 4898831\n   19  libsystem_pthread.dylib             0x00007ff80ee0b1d3 _pthread_start + 125\n   20  libsystem_pthread.dylib             0x00007ff80ee06bd3 thread_start + 15\n", "test_name": "test_4_InputData", "rerun": "0"}, "5": {"status": "PASS", "message": "", "test_name": "test_22_exit", "rerun": "0"}}, "suite_name": "4LaporanBulanan/10.Laporan7E/Fungsional/test_Laporan7E.py"}}}, "date": "April 17, 2023", "start_time": 1681715533.4037418, "total_suite": 1, "status": "FAIL", "status_list": {"pass": "3", "fail": "3", "skip": "0", "error": "0", "xpass": "0", "xfail": "0", "rerun": "0"}, "total_tests": "6"}