{"content": {"suites": {"0": {"status": {"total_pass": 2, "total_skip": 0, "total_xpass": 0, "total_xfail": 0, "total_rerun": 0, "total_fail": 3, "total_error": 0}, "tests": {"0": {"status": "PASS", "message": "", "test_name": "test_1_SetupOs", "rerun": "0"}, "1": {"status": "PASS", "message": "", "test_name": "test_2_Login", "rerun": "0"}, "2": {"status": "FAIL", "message": "   selenium.common.exceptions.ElementNotInteractableException: Message: element not interactable: element has zero size\n     (Session info: chrome=112.0.5615.49)\n   Stacktrace:\n   0   chromedriver                        0x0000000102d8fae8 chromedriver + 4958952\n   1   chromedriver                        0x0000000102d877b3 chromedriver + 4925363\n   2   chromedriver                        0x00000001029491d6 chromedriver + 475606\n   3   chromedriver                        0x000000010298e4fc chromedriver + 759036\n   4   chromedriver                        0x000000010297f283 chromedriver + 696963\n   5   chromedriver                        0x00000001029b2c12 chromedriver + 908306\n   6   chromedriver                        0x000000010297e8f1 chromedriver + 694513\n   7   chromedriver                        0x00000001029b2dce chromedriver + 908750\n   8   chromedriver                        0x00000001029ce25b chromedriver + 1020507\n   9   chromedriver                        0x00000001029b29e3 chromedriver + 907747\n   10  chromedriver                        0x000000010297caef chromedriver + 686831\n   11  chromedriver                        0x000000010297e00e chromedriver + 692238\n   12  chromedriver                        0x0000000102d4b9ad chromedriver + 4680109\n   13  chromedriver                        0x0000000102d50c12 chromedriver + 4701202\n   14  chromedriver                        0x0000000102d5779f chromedriver + 4728735\n   15  chromedriver                        0x0000000102d51b7a chromedriver + 4705146\n   16  chromedriver                        0x0000000102d2427e chromedriver + 4518526\n   17  chromedriver                        0x0000000102d71908 chromedriver + 4835592\n   18  chromedriver                        0x0000000102d71a87 chromedriver + 4835975\n   19  chromedriver                        0x0000000102d8100f chromedriver + 4898831\n   20  libsystem_pthread.dylib             0x00007ff80ee0b1d3 _pthread_start + 125\n   21  libsystem_pthread.dylib             0x00007ff80ee06bd3 thread_start + 15\n", "test_name": "test_2_AksesMenu", "rerun": "0"}, "3": {"status": "FAIL", "message": "   selenium.common.exceptions.NoSuchElementException: Message: no such element: Unable to locate element: {\"method\":\"css selector\",\"selector\":\".text-green-500 path\"}\n     (Session info: chrome=112.0.5615.49)\n   Stacktrace:\n   0   chromedriver                        0x0000000102d8fae8 chromedriver + 4958952\n   1   chromedriver                        0x0000000102d877b3 chromedriver + 4925363\n   2   chromedriver                        0x00000001029491d6 chromedriver + 475606\n   3   chromedriver                        0x000000010298ca20 chromedriver + 752160\n   4   chromedriver                        0x000000010298cc81 chromedriver + 752769\n   5   chromedriver                        0x00000001029d0f64 chromedriver + 1032036\n   6   chromedriver                        0x00000001029b2c3d chromedriver + 908349\n   7   chromedriver                        0x00000001029ce25b chromedriver + 1020507\n   8   chromedriver                        0x00000001029b29e3 chromedriver + 907747\n   9   chromedriver                        0x000000010297caef chromedriver + 686831\n   10  chromedriver                        0x000000010297e00e chromedriver + 692238\n   11  chromedriver                        0x0000000102d4b9ad chromedriver + 4680109\n   12  chromedriver                        0x0000000102d50c12 chromedriver + 4701202\n   13  chromedriver                        0x0000000102d5779f chromedriver + 4728735\n   14  chromedriver                        0x0000000102d51b7a chromedriver + 4705146\n   15  chromedriver                        0x0000000102d2427e chromedriver + 4518526\n   16  chromedriver                        0x0000000102d71908 chromedriver + 4835592\n   17  chromedriver                        0x0000000102d71a87 chromedriver + 4835975\n   18  chromedriver                        0x0000000102d8100f chromedriver + 4898831\n   19  libsystem_pthread.dylib             0x00007ff80ee0b1d3 _pthread_start + 125\n   20  libsystem_pthread.dylib             0x00007ff80ee06bd3 thread_start + 15\n", "test_name": "test_3_ClickButtonEdit", "rerun": "0"}, "4": {"status": "FAIL", "message": "   selenium.common.exceptions.NoSuchElementException: Message: no such element: Unable to locate element: {\"method\":\"css selector\",\"selector\":\"[id=\"petugasPenangkap\"]\"}\n     (Session info: chrome=112.0.5615.49)\n   Stacktrace:\n   0   chromedriver                        0x0000000102d8fae8 chromedriver + 4958952\n   1   chromedriver                        0x0000000102d877b3 chromedriver + 4925363\n   2   chromedriver                        0x00000001029491d6 chromedriver + 475606\n   3   chromedriver                        0x000000010298ca20 chromedriver + 752160\n   4   chromedriver                        0x000000010298cc81 chromedriver + 752769\n   5   chromedriver                        0x00000001029d0f64 chromedriver + 1032036\n   6   chromedriver                        0x00000001029b2c3d chromedriver + 908349\n   7   chromedriver                        0x00000001029ce25b chromedriver + 1020507\n   8   chromedriver                        0x00000001029b29e3 chromedriver + 907747\n   9   chromedriver                        0x000000010297caef chromedriver + 686831\n   10  chromedriver                        0x000000010297e00e chromedriver + 692238\n   11  chromedriver                        0x0000000102d4b9ad chromedriver + 4680109\n   12  chromedriver                        0x0000000102d50c12 chromedriver + 4701202\n   13  chromedriver                        0x0000000102d5779f chromedriver + 4728735\n   14  chromedriver                        0x0000000102d51b7a chromedriver + 4705146\n   15  chromedriver                        0x0000000102d2427e chromedriver + 4518526\n   16  chromedriver                        0x0000000102d71908 chromedriver + 4835592\n   17  chromedriver                        0x0000000102d71a87 chromedriver + 4835975\n   18  chromedriver                        0x0000000102d8100f chromedriver + 4898831\n   19  libsystem_pthread.dylib             0x00007ff80ee0b1d3 _pthread_start + 125\n   20  libsystem_pthread.dylib             0x00007ff80ee06bd3 thread_start + 15\n", "test_name": "test_4_InputData", "rerun": "0"}}, "suite_name": "4LaporanBulanan/10.Laporan7E/Fungsional/test_Laporan7E.py"}}}, "date": "April 17, 2023", "start_time": 1681715663.835773, "total_suite": 1, "status": "FAIL", "status_list": {"pass": "2", "fail": "3", "skip": "0", "error": "0", "xpass": "0", "xfail": "0", "rerun": "0"}, "total_tests": "5"}