{"content": {"suites": {"0": {"status": {"total_pass": 11, "total_skip": 0, "total_xpass": 0, "total_xfail": 0, "total_rerun": 0, "total_fail": 0, "total_error": 0}, "tests": {"0": {"status": "PASS", "message": "", "test_name": "test_21_loginPusat", "rerun": "0"}, "1": {"status": "PASS", "message": "", "test_name": "test_22_AksesMenuPusat", "rerun": "0"}, "2": {"status": "PASS", "message": "", "test_name": "test_23_PilihKanwil", "rerun": "0"}, "3": {"status": "PASS", "message": "", "test_name": "test_24_PilihUPT", "rerun": "0"}, "4": {"status": "PASS", "message": "", "test_name": "test_25_ClickButtonSearch", "rerun": "0"}, "5": {"status": "PASS", "message": "", "test_name": "test_26_ClickButtonMaster", "rerun": "0"}, "6": {"status": "PASS", "message": "", "test_name": "test_26_CreateButton", "rerun": "0"}, "7": {"status": "PASS", "message": "", "test_name": "test_26_InputNama", "rerun": "0"}, "8": {"status": "PASS", "message": "", "test_name": "test_26_InputDeskripsi", "rerun": "0"}, "9": {"status": "PASS", "message": "", "test_name": "test_26_Tambah", "rerun": "0"}, "10": {"status": "PASS", "message": "", "test_name": "test_26_exit", "rerun": "0"}}, "suite_name": "4LaporanBulanan/4.Laporan6D/Fungsional/test_Laporan6D.py"}}}, "date": "April 10, 2023", "start_time": 1681109838.448021, "total_suite": 1, "status": "PASS", "status_list": {"pass": "11", "fail": "0", "skip": "0", "error": "0", "xpass": "0", "xfail": "0", "rerun": "0"}, "total_tests": "11"}