{"content": {"suites": {"0": {"status": {"total_pass": 14, "total_skip": 0, "total_xpass": 0, "total_xfail": 0, "total_rerun": 0, "total_fail": 1, "total_error": 0}, "tests": {"0": {"status": "PASS", "message": "", "test_name": "test_1_SetupOs", "rerun": "0"}, "1": {"status": "PASS", "message": "", "test_name": "test_2_Login", "rerun": "0"}, "2": {"status": "PASS", "message": "", "test_name": "test_2_AksesMenu", "rerun": "0"}, "3": {"status": "PASS", "message": "", "test_name": "test_3_CreateButton", "rerun": "0"}, "4": {"status": "PASS", "message": "", "test_name": "test_4_InputJenisSarana", "rerun": "0"}, "5": {"status": "PASS", "message": "", "test_name": "test_5_InputKondisi", "rerun": "0"}, "6": {"status": "PASS", "message": "", "test_name": "test_6_InputKeterangan", "rerun": "0"}, "7": {"status": "PASS", "message": "", "test_name": "test_7_ButtonSubmit", "rerun": "0"}, "8": {"status": "PASS", "message": "", "test_name": "test_8_TambahUsulan", "rerun": "0"}, "9": {"status": "PASS", "message": "", "test_name": "test_9_InputJumlah", "rerun": "0"}, "10": {"status": "PASS", "message": "", "test_name": "test_10_ClickButtonSUbmit", "rerun": "0"}, "11": {"status": "PASS", "message": "", "test_name": "test_11_SetupOS", "rerun": "0"}, "12": {"status": "PASS", "message": "", "test_name": "test_12_LoginSpv", "rerun": "0"}, "13": {"status": "PASS", "message": "", "test_name": "test_13_AksesMenuSpv", "rerun": "0"}, "14": {"status": "FAIL", "message": "   selenium.common.exceptions.TimeoutException: Message: \n   Stacktrace:\n   0   chromedriver                        0x000000010115fae8 chromedriver + 4958952\n   1   chromedriver                        0x00000001011577b3 chromedriver + 4925363\n   2   chromedriver                        0x0000000100d191d6 chromedriver + 475606\n   3   chromedriver                        0x0000000100d5ca20 chromedriver + 752160\n   4   chromedriver                        0x0000000100d5cc81 chromedriver + 752769\n   5   chromedriver                        0x0000000100da0f64 chromedriver + 1032036\n   6   chromedriver                        0x0000000100d82c3d chromedriver + 908349\n   7   chromedriver                        0x0000000100d9e25b chromedriver + 1020507\n   8   chromedriver                        0x0000000100d829e3 chromedriver + 907747\n   9   chromedriver                        0x0000000100d4caef chromedriver + 686831\n   10  chromedriver                        0x0000000100d4e00e chromedriver + 692238\n   11  chromedriver                        0x000000010111b9ad chromedriver + 4680109\n   12  chromedriver                        0x0000000101120c12 chromedriver + 4701202\n   13  chromedriver                        0x000000010112779f chromedriver + 4728735\n   14  chromedriver                        0x0000000101121b7a chromedriver + 4705146\n   15  chromedriver                        0x00000001010f427e chromedriver + 4518526\n   16  chromedriver                        0x0000000101141908 chromedriver + 4835592\n   17  chromedriver                        0x0000000101141a87 chromedriver + 4835975\n   18  chromedriver                        0x000000010115100f chromedriver + 4898831\n   19  libsystem_pthread.dylib             0x00007ff80554f1d3 _pthread_start + 125\n   20  libsystem_pthread.dylib             0x00007ff80554abd3 thread_start + 15\n", "test_name": "test_14_KirimLaporanSpv", "rerun": "0"}}, "suite_name": "4LaporanBulanan/4.Laporan6D/Fungsional/test_Laporan6D.py"}}}, "date": "April 11, 2023", "start_time": 1681213586.108358, "total_suite": 1, "status": "FAIL", "status_list": {"pass": "14", "fail": "1", "skip": "0", "error": "0", "xpass": "0", "xfail": "0", "rerun": "0"}, "total_tests": "15"}