{"content": {"suites": {"0": {"status": {"total_pass": 28, "total_skip": 0, "total_xpass": 0, "total_xfail": 0, "total_rerun": 0, "total_fail": 0, "total_error": 0}, "tests": {"0": {"status": "PASS", "message": "", "test_name": "test_1_SetupOs", "rerun": "0"}, "1": {"status": "PASS", "message": "", "test_name": "test_2_Login", "rerun": "0"}, "2": {"status": "PASS", "message": "", "test_name": "test_2_AksesMenu", "rerun": "0"}, "3": {"status": "PASS", "message": "", "test_name": "test_3_CreateButton", "rerun": "0"}, "4": {"status": "PASS", "message": "", "test_name": "test_4_InputLuasUpt", "rerun": "0"}, "5": {"status": "PASS", "message": "", "test_name": "test_5_InputKapasitasHunian", "rerun": "0"}, "6": {"status": "PASS", "message": "", "test_name": "test_6_InputLuasBlok", "rerun": "0"}, "7": {"status": "PASS", "message": "", "test_name": "test_7_InputJumlahPenghuni", "rerun": "0"}, "8": {"status": "PASS", "message": "", "test_name": "test_8_InputKamarLayak", "rerun": "0"}, "9": {"status": "PASS", "message": "", "test_name": "test_9_InputKamarTidakLayak", "rerun": "0"}, "10": {"status": "PASS", "message": "", "test_name": "test_10_InputVentilasiLayak", "rerun": "0"}, "11": {"status": "PASS", "message": "", "test_name": "test_11_InputVentilasiTidakLayak", "rerun": "0"}, "12": {"status": "PASS", "message": "", "test_name": "test_12_InputPencahayaanLayak", "rerun": "0"}, "13": {"status": "PASS", "message": "", "test_name": "test_13_InputPencahayaanLayak", "rerun": "0"}, "14": {"status": "PASS", "message": "", "test_name": "test_14_InputKamarMandiLayak", "rerun": "0"}, "15": {"status": "PASS", "message": "", "test_name": "test_15_InputKamarMandiTidakLayal", "rerun": "0"}, "16": {"status": "PASS", "message": "", "test_name": "test_16_InputWcLayak", "rerun": "0"}, "17": {"status": "PASS", "message": "", "test_name": "test_17_InpuWcTidakLayak", "rerun": "0"}, "18": {"status": "PASS", "message": "", "test_name": "test_18_InputAirLayak", "rerun": "0"}, "19": {"status": "PASS", "message": "", "test_name": "test_19_InputAirLayak", "rerun": "0"}, "20": {"status": "PASS", "message": "", "test_name": "test_20_InputTempatTidurLayak", "rerun": "0"}, "21": {"status": "PASS", "message": "", "test_name": "test_21_InputTempatTidurTidakLayak", "rerun": "0"}, "22": {"status": "PASS", "message": "", "test_name": "test_22_kasurLayak", "rerun": "0"}, "23": {"status": "PASS", "message": "", "test_name": "test_23_KasurTidakLayak", "rerun": "0"}, "24": {"status": "PASS", "message": "", "test_name": "test_24_LemariLayak", "rerun": "0"}, "25": {"status": "PASS", "message": "", "test_name": "test_25_LemariTidakLayak", "rerun": "0"}, "26": {"status": "PASS", "message": "", "test_name": "test_26_ClickButtonSubmit", "rerun": "0"}, "27": {"status": "PASS", "message": "", "test_name": "test_26_exit", "rerun": "0"}}, "suite_name": "4LaporanBulanan/4.Laporan6F/Fungsional/test_Laporan6F.py"}}}, "date": "April 12, 2023", "start_time": 1681271157.297958, "total_suite": 1, "status": "PASS", "status_list": {"pass": "28", "fail": "0", "skip": "0", "error": "0", "xpass": "0", "xfail": "0", "rerun": "0"}, "total_tests": "28"}