{"content": {"suites": {"0": {"status": {"total_pass": 0, "total_skip": 0, "total_xpass": 0, "total_xfail": 0, "total_rerun": 0, "total_fail": 15, "total_error": 0}, "tests": {"0": {"status": "FAIL", "message": "   selenium.common.exceptions.WebDriverException: Message: unknown error: net::ERR_NAME_NOT_RESOLVED\n     (Session info: chrome=112.0.5615.49)\n   Stacktrace:\n   0   chromedriver                        0x0000000102bfaae8 chromedriver + 4958952\n   1   chromedriver                        0x0000000102bf27b3 chromedriver + 4925363\n   2   chromedriver                        0x00000001027b41d6 chromedriver + 475606\n   3   chromedriver                        0x00000001027abdeb chromedriver + 441835\n   4   chromedriver                        0x000000010279d0ec chromedriver + 381164\n   5   chromedriver                        0x000000010279eb41 chromedriver + 387905\n   6   chromedriver                        0x000000010279d476 chromedriver + 382070\n   7   chromedriver                        0x000000010279c18b chromedriver + 377227\n   8   chromedriver                        0x000000010279bffb chromedriver + 376827\n   9   chromedriver                        0x000000010279a81a chromedriver + 370714\n   10  chromedriver                        0x000000010279abdd chromedriver + 371677\n   11  chromedriver                        0x00000001027b64c6 chromedriver + 484550\n   12  chromedriver                        0x00000001028398c1 chromedriver + 1022145\n   13  chromedriver                        0x000000010281dc12 chromedriver + 908306\n   14  chromedriver                        0x000000010283925b chromedriver + 1020507\n   15  chromedriver                        0x000000010281d9e3 chromedriver + 907747\n   16  chromedriver                        0x00000001027e7aef chromedriver + 686831\n   17  chromedriver                        0x00000001027e900e chromedriver + 692238\n   18  chromedriver                        0x0000000102bb69ad chromedriver + 4680109\n   19  chromedriver                        0x0000000102bbbc12 chromedriver + 4701202\n   20  chromedriver                        0x0000000102bc279f chromedriver + 4728735\n   21  chromedriver                        0x0000000102bbcb7a chromedriver + 4705146\n   22  chromedriver                        0x0000000102b8f27e chromedriver + 4518526\n   23  chromedriver                        0x0000000102bdc908 chromedriver + 4835592\n   24  chromedriver                        0x0000000102bdca87 chromedriver + 4835975\n   25  chromedriver                        0x0000000102bec00f chromedriver + 4898831\n   26  libsystem_pthread.dylib             0x00007ff815ce31d3 _pthread_start + 125\n   27  libsystem_pthread.dylib             0x00007ff815cdebd3 thread_start + 15\n", "test_name": "test_1_SetupOs", "rerun": "0"}, "1": {"status": "FAIL", "message": "   NameError: name 'driver' is not defined\n", "test_name": "test_2_Login", "rerun": "0"}, "2": {"status": "FAIL", "message": "   NameError: name 'driver' is not defined\n", "test_name": "test_2_AksesMenu", "rerun": "0"}, "3": {"status": "FAIL", "message": "   NameError: name 'driver' is not defined\n", "test_name": "test_3_CreateButton", "rerun": "0"}, "4": {"status": "FAIL", "message": "   NameError: name 'driver' is not defined\n", "test_name": "test_4_InputLuasUpt", "rerun": "0"}, "5": {"status": "FAIL", "message": "   NameError: name 'driver' is not defined\n", "test_name": "test_5_InputKapasitasHunian", "rerun": "0"}, "6": {"status": "FAIL", "message": "   NameError: name 'driver' is not defined\n", "test_name": "test_6_InputLuasBlok", "rerun": "0"}, "7": {"status": "FAIL", "message": "   NameError: name 'driver' is not defined\n", "test_name": "test_7_InputJumlahPenghuni", "rerun": "0"}, "8": {"status": "FAIL", "message": "   NameError: name 'driver' is not defined\n", "test_name": "test_8_InputKamarLayak", "rerun": "0"}, "9": {"status": "FAIL", "message": "   NameError: name 'driver' is not defined\n", "test_name": "test_9_InputKamarTidakLayak", "rerun": "0"}, "10": {"status": "FAIL", "message": "   NameError: name 'driver' is not defined\n", "test_name": "test_10_InputVentilasiLayak", "rerun": "0"}, "11": {"status": "FAIL", "message": "   NameError: name 'driver' is not defined\n", "test_name": "test_10_InputVentilasiTidakLayak", "rerun": "0"}, "12": {"status": "FAIL", "message": "   NameError: name 'driver' is not defined\n", "test_name": "test_11_InputAirLayak", "rerun": "0"}, "13": {"status": "FAIL", "message": "   NameError: name 'driver' is not defined\n", "test_name": "test_12_InputPencahayaanLayak", "rerun": "0"}, "14": {"status": "FAIL", "message": "   NameError: name 'driver' is not defined\n", "test_name": "test_37_exit", "rerun": "0"}}, "suite_name": "4LaporanBulanan/4.Laporan6F/Fungsional/test_Laporan6F.py"}}}, "date": "April 12, 2023", "start_time": 1681268772.3684402, "total_suite": 1, "status": "FAIL", "status_list": {"pass": "0", "fail": "15", "skip": "0", "error": "0", "xpass": "0", "xfail": "0", "rerun": "0"}, "total_tests": "15"}