{"content": {"suites": {"0": {"status": {"total_pass": 26, "total_skip": 0, "total_xpass": 0, "total_xfail": 0, "total_rerun": 0, "total_fail": 2, "total_error": 0}, "tests": {"0": {"status": "PASS", "message": "", "test_name": "test_1_SetupOs", "rerun": "0"}, "1": {"status": "PASS", "message": "", "test_name": "test_2_Login", "rerun": "0"}, "2": {"status": "PASS", "message": "", "test_name": "test_2_AksesMenu", "rerun": "0"}, "3": {"status": "PASS", "message": "", "test_name": "test_3_CreateButton", "rerun": "0"}, "4": {"status": "PASS", "message": "", "test_name": "test_4_InputLuasUpt", "rerun": "0"}, "5": {"status": "PASS", "message": "", "test_name": "test_5_InputKapasitasHunian", "rerun": "0"}, "6": {"status": "PASS", "message": "", "test_name": "test_6_InputLuasBlok", "rerun": "0"}, "7": {"status": "PASS", "message": "", "test_name": "test_7_InputJumlahPenghuni", "rerun": "0"}, "8": {"status": "PASS", "message": "", "test_name": "test_8_InputKamarLayak", "rerun": "0"}, "9": {"status": "PASS", "message": "", "test_name": "test_9_InputKamarTidakLayak", "rerun": "0"}, "10": {"status": "PASS", "message": "", "test_name": "test_10_InputVentilasiLayak", "rerun": "0"}, "11": {"status": "PASS", "message": "", "test_name": "test_11_InputVentilasiTidakLayak", "rerun": "0"}, "12": {"status": "PASS", "message": "", "test_name": "test_12_InputPencahayaanLayak", "rerun": "0"}, "13": {"status": "PASS", "message": "", "test_name": "test_13_InputPencahayaanLayak", "rerun": "0"}, "14": {"status": "PASS", "message": "", "test_name": "test_14_InputKamarMandiLayak", "rerun": "0"}, "15": {"status": "PASS", "message": "", "test_name": "test_15_InputKamarMandiTidakLayal", "rerun": "0"}, "16": {"status": "PASS", "message": "", "test_name": "test_16_InputWcLayak", "rerun": "0"}, "17": {"status": "PASS", "message": "", "test_name": "test_17_InpuWcTidakLayak", "rerun": "0"}, "18": {"status": "PASS", "message": "", "test_name": "test_18_InputAirLayak", "rerun": "0"}, "19": {"status": "PASS", "message": "", "test_name": "test_19_InputAirLayak", "rerun": "0"}, "20": {"status": "PASS", "message": "", "test_name": "test_20_InputTempatTidurLayak", "rerun": "0"}, "21": {"status": "PASS", "message": "", "test_name": "test_21_InputTempatTidurTidakLayak", "rerun": "0"}, "22": {"status": "PASS", "message": "", "test_name": "test_22_kasurLayak", "rerun": "0"}, "23": {"status": "PASS", "message": "", "test_name": "test_23_KasurTidakLayak", "rerun": "0"}, "24": {"status": "PASS", "message": "", "test_name": "test_24_LemariLayak", "rerun": "0"}, "25": {"status": "PASS", "message": "", "test_name": "test_25_LemariTidakLayak", "rerun": "0"}, "26": {"status": "FAIL", "message": "   selenium.common.exceptions.TimeoutException: Message: \n   Stacktrace:\n   0   chromedriver                        0x0000000102948ae8 chromedriver + 4958952\n   1   chromedriver                        0x00000001029407b3 chromedriver + 4925363\n   2   chromedriver                        0x00000001025021d6 chromedriver + 475606\n   3   chromedriver                        0x0000000102545a20 chromedriver + 752160\n   4   chromedriver                        0x0000000102545c81 chromedriver + 752769\n   5   chromedriver                        0x0000000102589f64 chromedriver + 1032036\n   6   chromedriver                        0x000000010256bc3d chromedriver + 908349\n   7   chromedriver                        0x000000010258725b chromedriver + 1020507\n   8   chromedriver                        0x000000010256b9e3 chromedriver + 907747\n   9   chromedriver                        0x0000000102535aef chromedriver + 686831\n   10  chromedriver                        0x000000010253700e chromedriver + 692238\n   11  chromedriver                        0x00000001029049ad chromedriver + 4680109\n   12  chromedriver                        0x0000000102909c12 chromedriver + 4701202\n   13  chromedriver                        0x000000010291079f chromedriver + 4728735\n   14  chromedriver                        0x000000010290ab7a chromedriver + 4705146\n   15  chromedriver                        0x00000001028dd27e chromedriver + 4518526\n   16  chromedriver                        0x000000010292a908 chromedriver + 4835592\n   17  chromedriver                        0x000000010292aa87 chromedriver + 4835975\n   18  chromedriver                        0x000000010293a00f chromedriver + 4898831\n   19  libsystem_pthread.dylib             0x00007ff815ce31d3 _pthread_start + 125\n   20  libsystem_pthread.dylib             0x00007ff815cdebd3 thread_start + 15\n       assert False\n", "test_name": "test_26_ClickButtonSubmit", "rerun": "0"}, "27": {"status": "FAIL", "message": "           ConnectionRefusedError: [Errno 61] Connection refused\n       urllib3.exceptions.NewConnectionError: <urllib3.connection.HTTPConnection object at 0x11626e490>: Failed to establish a new connection: [Errno 61] Connection refused\n       urllib3.exceptions.MaxRetryError: HTTPConnectionPool(host='localhost', port=55202): Max retries exceeded with url: /session/3f949898a0a420dfa7ecef3ec7e97de5/window (Caused by NewConnectionError('<urllib3.connection.HTTPConnection object at 0x11626e490>: Failed to establish a new connection: [Errno 61] Connection refused'))\n", "test_name": "test_26_exit", "rerun": "0"}}, "suite_name": "4LaporanBulanan/4.Laporan6F/Fungsional/test_Laporan6F.py"}}}, "date": "April 12, 2023", "start_time": 1681271098.826887, "total_suite": 1, "status": "FAIL", "status_list": {"pass": "26", "fail": "2", "skip": "0", "error": "0", "xpass": "0", "xfail": "0", "rerun": "0"}, "total_tests": "28"}