{"content": {"suites": {"0": {"status": {"total_pass": 3, "total_skip": 0, "total_xpass": 0, "total_xfail": 0, "total_rerun": 0, "total_fail": 1, "total_error": 0}, "tests": {"0": {"status": "PASS", "message": "", "test_name": "test_1_setupOS", "rerun": "0"}, "1": {"status": "PASS", "message": "", "test_name": "test_2_loginOperator", "rerun": "0"}, "2": {"status": "FAIL", "message": "   selenium.common.exceptions.ElementNotInteractableException: Message: element not interactable: [object HTMLDivElement] has no size and location\n     (Session info: chrome=111.0.5563.110)\n   Stacktrace:\n   0   chromedriver                        0x0000000104b4d1c0 chromedriver + 4248000\n   1   chromedriver                        0x0000000104acddc0 chromedriver + 3726784\n   2   chromedriver                        0x0000000104782ec4 chromedriver + 274116\n   3   chromedriver                        0x00000001047868d0 chromedriver + 288976\n   4   chromedriver                        0x000000010478657c chromedriver + 288124\n   5   chromedriver                        0x0000000104786978 chromedriver + 289144\n   6   chromedriver                        0x00000001047c5714 chromedriver + 546580\n   7   chromedriver                        0x00000001047c4b5c chromedriver + 543580\n   8   chromedriver                        0x0000000104802e20 chromedriver + 798240\n   9   chromedriver                        0x00000001047fa054 chromedriver + 761940\n   10  chromedriver                        0x00000001047b1200 chromedriver + 463360\n   11  chromedriver                        0x00000001047b2318 chromedriver + 467736\n   12  chromedriver                        0x0000000104b1b060 chromedriver + 4042848\n   13  chromedriver                        0x0000000104b1f8a4 chromedriver + 4061348\n   14  chromedriver                        0x0000000104b273d0 chromedriver + 4092880\n   15  chromedriver                        0x0000000104b206e4 chromedriver + 4064996\n   16  chromedriver                        0x0000000104af60fc chromedriver + 3891452\n   17  chromedriver                        0x0000000104b40a64 chromedriver + 4196964\n   18  chromedriver                        0x0000000104b40bb8 chromedriver + 4197304\n   19  chromedriver                        0x0000000104b54650 chromedriver + 4277840\n   20  libsystem_pthread.dylib             0x0000000186d6e06c _pthread_start + 148\n   21  libsystem_pthread.dylib             0x0000000186d68e2c thread_start + 8\n", "test_name": "test_3_AksesMenu", "rerun": "0"}, "3": {"status": "PASS", "message": "", "test_name": "test_17_exit", "rerun": "0"}}, "suite_name": "fungsional/test_AksesP2UInternal_Fungsi.py"}}}, "date": "March 28, 2023", "start_time": 1679943155.464472, "total_suite": 1, "status": "FAIL", "status_list": {"pass": "3", "fail": "1", "skip": "0", "error": "0", "xpass": "0", "xfail": "0", "rerun": "0"}, "total_tests": "4"}