{"content": {"suites": {"0": {"status": {"total_pass": 16, "total_skip": 0, "total_xpass": 0, "total_xfail": 0, "total_rerun": 0, "total_fail": 0, "total_error": 0}, "tests": {"0": {"status": "PASS", "message": "", "test_name": "test_1_setupOS", "rerun": "0"}, "1": {"status": "PASS", "message": "", "test_name": "test_2_loginOperator", "rerun": "0"}, "2": {"status": "PASS", "message": "", "test_name": "test_3_AksesMenu", "rerun": "0"}, "3": {"status": "PASS", "message": "", "test_name": "test_4_ClickButtonCreate", "rerun": "0"}, "4": {"status": "PASS", "message": "", "test_name": "test_5_SearchNamaWBP", "rerun": "0"}, "5": {"status": "PASS", "message": "", "test_name": "test_6_SearchNamaWBP", "rerun": "0"}, "6": {"status": "PASS", "message": "", "test_name": "test_7_ClickButtonDetile", "rerun": "0"}, "7": {"status": "PASS", "message": "", "test_name": "test_8_ButtonTambah", "rerun": "0"}, "8": {"status": "PASS", "message": "", "test_name": "test_9_InputNoSK", "rerun": "0"}, "9": {"status": "PASS", "message": "", "test_name": "test_10_UploadSK", "rerun": "0"}, "10": {"status": "PASS", "message": "", "test_name": "test_11_InputJenisKeluar", "rerun": "0"}, "11": {"status": "PASS", "message": "", "test_name": "test_12_InputTanggalKeluarKeamanan", "rerun": "0"}, "12": {"status": "PASS", "message": "", "test_name": "test_13_InputTanggalKembali", "rerun": "0"}, "13": {"status": "PASS", "message": "", "test_name": "test_14_InputDeskripsi", "rerun": "0"}, "14": {"status": "PASS", "message": "", "test_name": "test_15_InputJenisPengawal", "rerun": "0"}, "15": {"status": "PASS", "message": "", "test_name": "test_16_ClickButtonSubmit", "rerun": "0"}}, "suite_name": "fungsional/test_AksesP2UInternal_Fungsi.py"}}}, "date": "March 28, 2023", "start_time": 1679992524.384149, "total_suite": 1, "status": "PASS", "status_list": {"pass": "16", "fail": "0", "skip": "0", "error": "0", "xpass": "0", "xfail": "0", "rerun": "0"}, "total_tests": "16"}