{"content": {"suites": {"0": {"status": {"total_pass": 20, "total_skip": 0, "total_xpass": 0, "total_xfail": 0, "total_rerun": 0, "total_fail": 1, "total_error": 0}, "tests": {"0": {"status": "PASS", "message": "", "test_name": "test_1_setupOS", "rerun": "0"}, "1": {"status": "PASS", "message": "", "test_name": "test_2_loginOperator", "rerun": "0"}, "2": {"status": "PASS", "message": "", "test_name": "test_3_AksesMenu", "rerun": "0"}, "3": {"status": "PASS", "message": "", "test_name": "test_4_ClickButtonCreate", "rerun": "0"}, "4": {"status": "PASS", "message": "", "test_name": "test_5_SearchNamaWBP", "rerun": "0"}, "5": {"status": "PASS", "message": "", "test_name": "test_6_SearchNamaWBP", "rerun": "0"}, "6": {"status": "PASS", "message": "", "test_name": "test_7_ClickButtonDetile", "rerun": "0"}, "7": {"status": "PASS", "message": "", "test_name": "test_8_ButtonTambah", "rerun": "0"}, "8": {"status": "PASS", "message": "", "test_name": "test_9_InputNoSK", "rerun": "0"}, "9": {"status": "PASS", "message": "", "test_name": "test_10_UploadSK", "rerun": "0"}, "10": {"status": "PASS", "message": "", "test_name": "test_11_InputJenisKeluar", "rerun": "0"}, "11": {"status": "PASS", "message": "", "test_name": "test_12_InputTanggalKeluarKeamanan", "rerun": "0"}, "12": {"status": "PASS", "message": "", "test_name": "test_13_InputTanggalKembali", "rerun": "0"}, "13": {"status": "PASS", "message": "", "test_name": "test_14_InputDeskripsi", "rerun": "0"}, "14": {"status": "PASS", "message": "", "test_name": "test_15_InputJenisPengawal", "rerun": "0"}, "15": {"status": "PASS", "message": "", "test_name": "test_16_ClickButtonSubmit", "rerun": "0"}, "16": {"status": "PASS", "message": "", "test_name": "test_17_loginSpv", "rerun": "0"}, "17": {"status": "FAIL", "message": "   selenium.common.exceptions.NoSuchElementException: Message: no such element: Unable to locate element: {\"method\":\"link text\",\"selector\":\"Akses P2U Internal\"}\n     (Session info: chrome=111.0.5563.146)\n   Stacktrace:\n   0   chromedriver                        0x00000001012b51c0 chromedriver + 4248000\n   1   chromedriver                        0x0000000101235dc0 chromedriver + 3726784\n   2   chromedriver                        0x0000000100eeaec4 chromedriver + 274116\n   3   chromedriver                        0x0000000100f26be4 chromedriver + 519140\n   4   chromedriver                        0x0000000100f62054 chromedriver + 761940\n   5   chromedriver                        0x0000000100f19200 chromedriver + 463360\n   6   chromedriver                        0x0000000100f1a318 chromedriver + 467736\n   7   chromedriver                        0x0000000101283060 chromedriver + 4042848\n   8   chromedriver                        0x00000001012878a4 chromedriver + 4061348\n   9   chromedriver                        0x000000010128f3d0 chromedriver + 4092880\n   10  chromedriver                        0x00000001012886e4 chromedriver + 4064996\n   11  chromedriver                        0x000000010125e0fc chromedriver + 3891452\n   12  chromedriver                        0x00000001012a8a64 chromedriver + 4196964\n   13  chromedriver                        0x00000001012a8bb8 chromedriver + 4197304\n   14  chromedriver                        0x00000001012bc650 chromedriver + 4277840\n   15  libsystem_pthread.dylib             0x00000001a837606c _pthread_start + 148\n   16  libsystem_pthread.dylib             0x00000001a8370e2c thread_start + 8\n", "test_name": "test_18_AksesMenu", "rerun": "0"}, "18": {"status": "PASS", "message": "", "test_name": "test_19_PilihDropdownNama", "rerun": "0"}, "19": {"status": "PASS", "message": "", "test_name": "test_20_SearchNamaWBP_", "rerun": "0"}, "20": {"status": "PASS", "message": "", "test_name": "test_21_ClickButtonSearch", "rerun": "0"}}, "suite_name": "fungsional/test_AksesP2UInternal_Fungsi.py"}}}, "date": "March 28, 2023", "start_time": 1679993474.188297, "total_suite": 1, "status": "FAIL", "status_list": {"pass": "20", "fail": "1", "skip": "0", "error": "0", "xpass": "0", "xfail": "0", "rerun": "0"}, "total_tests": "21"}