{"content": {"suites": {"0": {"status": {"total_pass": 8, "total_skip": 0, "total_xpass": 0, "total_xfail": 0, "total_rerun": 0, "total_fail": 0, "total_error": 0}, "tests": {"0": {"status": "PASS", "message": "", "test_name": "test_1loginSPV", "rerun": "0"}, "1": {"status": "PASS", "message": "", "test_name": "test_2_AksesMenu", "rerun": "0"}, "2": {"status": "PASS", "message": "", "test_name": "test_3_SearchNama", "rerun": "0"}, "3": {"status": "PASS", "message": "", "test_name": "test_4_ClickButtonSearch", "rerun": "0"}, "4": {"status": "PASS", "message": "", "test_name": "test_5_ClickCetakSurat", "rerun": "0"}, "5": {"status": "PASS", "message": "", "test_name": "test_6_InputNoSurat_", "rerun": "0"}, "6": {"status": "PASS", "message": "", "test_name": "test_7_Click_ButtonSubmit", "rerun": "0"}, "7": {"status": "PASS", "message": "", "test_name": "test_8_exit", "rerun": "0"}}, "suite_name": "Fungsional/test_SuratMutasiFungsi.py"}}}, "date": "April 03, 2023", "start_time": 1680512665.185101, "total_suite": 1, "status": "PASS", "status_list": {"pass": "8", "fail": "0", "skip": "0", "error": "0", "xpass": "0", "xfail": "0", "rerun": "0"}, "total_tests": "8"}