{"content": {"suites": {"0": {"status": {"total_pass": 4, "total_skip": 0, "total_xpass": 0, "total_xfail": 0, "total_rerun": 0, "total_fail": 4, "total_error": 0}, "tests": {"0": {"status": "PASS", "message": "", "test_name": "test_TC_GIATJA_001", "rerun": "0"}, "1": {"status": "PASS", "message": "", "test_name": "test_TC_GIATJA_002", "rerun": "0"}, "2": {"status": "PASS", "message": "", "test_name": "test_TC_GIATJA_003", "rerun": "0"}, "3": {"status": "FAIL", "message": "   selenium.common.exceptions.TimeoutException: Message: \n   Stacktrace:\n   0   chromedriver                        0x0000000104d58ae8 chromedriver + 4958952\n   1   chromedriver                        0x0000000104d507b3 chromedriver + 4925363\n   2   chromedriver                        0x00000001049121d6 chromedriver + 475606\n   3   chromedriver                        0x0000000104955a20 chromedriver + 752160\n   4   chromedriver                        0x0000000104955c81 chromedriver + 752769\n   5   chromedriver                        0x0000000104999f64 chromedriver + 1032036\n   6   chromedriver                        0x000000010497bc3d chromedriver + 908349\n   7   chromedriver                        0x000000010499725b chromedriver + 1020507\n   8   chromedriver                        0x000000010497b9e3 chromedriver + 907747\n   9   chromedriver                        0x0000000104945aef chromedriver + 686831\n   10  chromedriver                        0x000000010494700e chromedriver + 692238\n   11  chromedriver                        0x0000000104d149ad chromedriver + 4680109\n   12  chromedriver                        0x0000000104d19c12 chromedriver + 4701202\n   13  chromedriver                        0x0000000104d2079f chromedriver + 4728735\n   14  chromedriver                        0x0000000104d1ab7a chromedriver + 4705146\n   15  chromedriver                        0x0000000104ced27e chromedriver + 4518526\n   16  chromedriver                        0x0000000104d3a908 chromedriver + 4835592\n   17  chromedriver                        0x0000000104d3aa87 chromedriver + 4835975\n   18  chromedriver                        0x0000000104d4a00f chromedriver + 4898831\n   19  libsystem_pthread.dylib             0x00007ff8099431d3 _pthread_start + 125\n   20  libsystem_pthread.dylib             0x00007ff80993ebd3 thread_start + 15\n", "test_name": "test_TC_GIATJA_004", "rerun": "0"}, "4": {"status": "FAIL", "message": "   selenium.common.exceptions.TimeoutException: Message:\n", "test_name": "test_TC_GIATJA_005", "rerun": "0"}, "5": {"status": "FAIL", "message": "   selenium.common.exceptions.ElementNotInteractableException: Message: element not interactable\n     (Session info: headless chrome=113.0.5672.126)\n   Stacktrace:\n   0   chromedriver                        0x0000000104d58ae8 chromedriver + 4958952\n   1   chromedriver                        0x0000000104d507b3 chromedriver + 4925363\n   2   chromedriver                        0x0000000104912051 chromedriver + 475217\n   3   chromedriver                        0x00000001049572e8 chromedriver + 758504\n   4   chromedriver                        0x0000000104948283 chromedriver + 696963\n   5   chromedriver                        0x000000010497bc12 chromedriver + 908306\n   6   chromedriver                        0x00000001049478f1 chromedriver + 694513\n   7   chromedriver                        0x000000010497bdce chromedriver + 908750\n   8   chromedriver                        0x000000010499725b chromedriver + 1020507\n   9   chromedriver                        0x000000010497b9e3 chromedriver + 907747\n   10  chromedriver                        0x0000000104945aef chromedriver + 686831\n   11  chromedriver                        0x000000010494700e chromedriver + 692238\n   12  chromedriver                        0x0000000104d149ad chromedriver + 4680109\n   13  chromedriver                        0x0000000104d19c12 chromedriver + 4701202\n   14  chromedriver                        0x0000000104d2079f chromedriver + 4728735\n   15  chromedriver                        0x0000000104d1ab7a chromedriver + 4705146\n   16  chromedriver                        0x0000000104ced27e chromedriver + 4518526\n   17  chromedriver                        0x0000000104d3a908 chromedriver + 4835592\n   18  chromedriver                        0x0000000104d3aa87 chromedriver + 4835975\n   19  chromedriver                        0x0000000104d4a00f chromedriver + 4898831\n   20  libsystem_pthread.dylib             0x00007ff8099431d3 _pthread_start + 125\n   21  libsystem_pthread.dylib             0x00007ff80993ebd3 thread_start + 15\n", "test_name": "test_TC_GIATJA_006", "rerun": "0"}, "6": {"status": "FAIL", "message": "   selenium.common.exceptions.TimeoutException: Message:\n", "test_name": "test_TC_GIATJA_007", "rerun": "0"}, "7": {"status": "PASS", "message": "", "test_name": "test_EXIT", "rerun": "0"}}, "suite_name": "Giatja/Fungsional/test_01_OpTambahGiatja.py"}}}, "date": "May 19, 2023", "start_time": 1684514688.150107, "total_suite": 1, "status": "FAIL", "status_list": {"pass": "4", "fail": "4", "skip": "0", "error": "0", "xpass": "0", "xfail": "0", "rerun": "0"}, "total_tests": "8"}