{"content": {"suites": {"0": {"status": {"total_pass": 0, "total_skip": 0, "total_xpass": 0, "total_xfail": 0, "total_rerun": 0, "total_fail": 2, "total_error": 0}, "tests": {"0": {"status": "FAIL", "message": "   AttributeError: 'NoneType' object has no attribute 'click'\n", "test_name": "test_TC_GIATJA_008", "rerun": "0"}, "1": {"status": "FAIL", "message": "   selenium.common.exceptions.NoSuchWindowException: Message: no such window: target window already closed\n   from unknown error: web view not found\n     (Session info: chrome=113.0.5672.126)\n   Stacktrace:\n   0   chromedriver                        0x0000000100e0dae8 chromedriver + 4958952\n   1   chromedriver                        0x0000000100e057b3 chromedriver + 4925363\n   2   chromedriver                        0x00000001009c71d6 chromedriver + 475606\n   3   chromedriver                        0x000000010099ccec chromedriver + 302316\n   4   chromedriver                        0x0000000100a35f2f chromedriver + 929583\n   5   chromedriver                        0x0000000100a4b926 chromedriver + 1018150\n   6   chromedriver                        0x0000000100a309e3 chromedriver + 907747\n   7   chromedriver                        0x00000001009faaef chromedriver + 686831\n   8   chromedriver                        0x00000001009fc00e chromedriver + 692238\n   9   chromedriver                        0x0000000100dc99ad chromedriver + 4680109\n   10  chromedriver                        0x0000000100dcec12 chromedriver + 4701202\n   11  chromedriver                        0x0000000100dd579f chromedriver + 4728735\n   12  chromedriver                        0x0000000100dcfb7a chromedriver + 4705146\n   13  chromedriver                        0x0000000100da227e chromedriver + 4518526\n   14  chromedriver                        0x0000000100def908 chromedriver + 4835592\n   15  chromedriver                        0x0000000100defa87 chromedriver + 4835975\n   16  chromedriver                        0x0000000100dff00f chromedriver + 4898831\n   17  libsystem_pthread.dylib             0x00007ff80b4171d3 _pthread_start + 125\n   18  libsystem_pthread.dylib             0x00007ff80b412bd3 thread_start + 15\n", "test_name": "test_TC_GIATJA_009", "rerun": "0"}}, "suite_name": "Giatja/Fungsional/test_02_OpPemasaran.py"}}}, "date": "May 22, 2023", "start_time": 1684746627.306265, "total_suite": 1, "status": "FAIL", "status_list": {"pass": "0", "fail": "2", "skip": "0", "error": "0", "xpass": "0", "xfail": "0", "rerun": "0"}, "total_tests": "2"}