{"content": {"suites": {"0": {"status": {"total_pass": 1, "total_skip": 0, "total_xpass": 0, "total_xfail": 0, "total_rerun": 0, "total_fail": 2, "total_error": 0}, "tests": {"0": {"status": "PASS", "message": "", "test_name": "test_SetupOsOpen", "rerun": "0"}, "1": {"status": "FAIL", "message": "   AttributeError: 'WebDriver' object has no attribute 'setSpeed'\n", "test_name": "test_TC_GIATJA_001", "rerun": "0"}, "2": {"status": "FAIL", "message": "   selenium.common.exceptions.NoSuchElementException: Message: no such element: Unable to locate element: {\"method\":\"css selector\",\"selector\":\".el-sub-menu__title > #pembinaan-10\"}\n     (Session info: chrome=113.0.5672.126)\n   Stacktrace:\n   0   chromedriver                        0x00000001053faae8 chromedriver + 4958952\n   1   chromedriver                        0x00000001053f27b3 chromedriver + 4925363\n   2   chromedriver                        0x0000000104fb41d6 chromedriver + 475606\n   3   chromedriver                        0x0000000104ff7a20 chromedriver + 752160\n   4   chromedriver                        0x0000000104ff7c81 chromedriver + 752769\n   5   chromedriver                        0x000000010503bf64 chromedriver + 1032036\n   6   chromedriver                        0x000000010501dc3d chromedriver + 908349\n   7   chromedriver                        0x000000010503925b chromedriver + 1020507\n   8   chromedriver                        0x000000010501d9e3 chromedriver + 907747\n   9   chromedriver                        0x0000000104fe7aef chromedriver + 686831\n   10  chromedriver                        0x0000000104fe900e chromedriver + 692238\n   11  chromedriver                        0x00000001053b69ad chromedriver + 4680109\n   12  chromedriver                        0x00000001053bbc12 chromedriver + 4701202\n   13  chromedriver                        0x00000001053c279f chromedriver + 4728735\n   14  chromedriver                        0x00000001053bcb7a chromedriver + 4705146\n   15  chromedriver                        0x000000010538f27e chromedriver + 4518526\n   16  chromedriver                        0x00000001053dc908 chromedriver + 4835592\n   17  chromedriver                        0x00000001053dca87 chromedriver + 4835975\n   18  chromedriver                        0x00000001053ec00f chromedriver + 4898831\n   19  libsystem_pthread.dylib             0x00007ff8003fb1d3 _pthread_start + 125\n   20  libsystem_pthread.dylib             0x00007ff8003f6bd3 thread_start + 15\n", "test_name": "test_TC_GIATJA_002", "rerun": "0"}}, "suite_name": "Giatja/Fungsional/test_01_OpTambahGiatja.py"}}}, "date": "May 19, 2023", "start_time": 1684473376.263498, "total_suite": 1, "status": "FAIL", "status_list": {"pass": "1", "fail": "2", "skip": "0", "error": "0", "xpass": "0", "xfail": "0", "rerun": "0"}, "total_tests": "3"}