{"content": {"suites": {"0": {"status": {"total_pass": 0, "total_skip": 0, "total_xpass": 0, "total_xfail": 0, "total_rerun": 0, "total_fail": 2, "total_error": 0}, "tests": {"0": {"status": "FAIL", "message": "   selenium.common.exceptions.NoSuchElementException: Message: no such element: Unable to locate element: {\"method\":\"css selector\",\"selector\":\"[id=\"login\"]\"}\n     (Session info: chrome=113.0.5672.126)\n   Stacktrace:\n   0   chromedriver                        0x0000000104c23ae8 chromedriver + 4958952\n   1   chromedriver                        0x0000000104c1b7b3 chromedriver + 4925363\n   2   chromedriver                        0x00000001047dd1d6 chromedriver + 475606\n   3   chromedriver                        0x0000000104820a20 chromedriver + 752160\n   4   chromedriver                        0x0000000104820c81 chromedriver + 752769\n   5   chromedriver                        0x0000000104864f64 chromedriver + 1032036\n   6   chromedriver                        0x0000000104846c3d chromedriver + 908349\n   7   chromedriver                        0x000000010486225b chromedriver + 1020507\n   8   chromedriver                        0x00000001048469e3 chromedriver + 907747\n   9   chromedriver                        0x0000000104810aef chromedriver + 686831\n   10  chromedriver                        0x000000010481200e chromedriver + 692238\n   11  chromedriver                        0x0000000104bdf9ad chromedriver + 4680109\n   12  chromedriver                        0x0000000104be4c12 chromedriver + 4701202\n   13  chromedriver                        0x0000000104beb79f chromedriver + 4728735\n   14  chromedriver                        0x0000000104be5b7a chromedriver + 4705146\n   15  chromedriver                        0x0000000104bb827e chromedriver + 4518526\n   16  chromedriver                        0x0000000104c05908 chromedriver + 4835592\n   17  chromedriver                        0x0000000104c05a87 chromedriver + 4835975\n   18  chromedriver                        0x0000000104c1500f chromedriver + 4898831\n   19  libsystem_pthread.dylib             0x00007ff8099431d3 _pthread_start + 125\n   20  libsystem_pthread.dylib             0x00007ff80993ebd3 thread_start + 15\n", "test_name": "test_TC_GIATJA_001", "rerun": "0"}, "1": {"status": "FAIL", "message": "   selenium.common.exceptions.NoSuchElementException: Message: no such element: Unable to locate element: {\"method\":\"css selector\",\"selector\":\".el-sub-menu__title > #pembinaan-10\"}\n     (Session info: chrome=113.0.5672.126)\n   Stacktrace:\n   0   chromedriver                        0x0000000104c23ae8 chromedriver + 4958952\n   1   chromedriver                        0x0000000104c1b7b3 chromedriver + 4925363\n   2   chromedriver                        0x00000001047dd1d6 chromedriver + 475606\n   3   chromedriver                        0x0000000104820a20 chromedriver + 752160\n   4   chromedriver                        0x0000000104820c81 chromedriver + 752769\n   5   chromedriver                        0x0000000104864f64 chromedriver + 1032036\n   6   chromedriver                        0x0000000104846c3d chromedriver + 908349\n   7   chromedriver                        0x000000010486225b chromedriver + 1020507\n   8   chromedriver                        0x00000001048469e3 chromedriver + 907747\n   9   chromedriver                        0x0000000104810aef chromedriver + 686831\n   10  chromedriver                        0x000000010481200e chromedriver + 692238\n   11  chromedriver                        0x0000000104bdf9ad chromedriver + 4680109\n   12  chromedriver                        0x0000000104be4c12 chromedriver + 4701202\n   13  chromedriver                        0x0000000104beb79f chromedriver + 4728735\n   14  chromedriver                        0x0000000104be5b7a chromedriver + 4705146\n   15  chromedriver                        0x0000000104bb827e chromedriver + 4518526\n   16  chromedriver                        0x0000000104c05908 chromedriver + 4835592\n   17  chromedriver                        0x0000000104c05a87 chromedriver + 4835975\n   18  chromedriver                        0x0000000104c1500f chromedriver + 4898831\n   19  libsystem_pthread.dylib             0x00007ff8099431d3 _pthread_start + 125\n   20  libsystem_pthread.dylib             0x00007ff80993ebd3 thread_start + 15\n", "test_name": "test_TC_GIATJA_002", "rerun": "0"}}, "suite_name": "Giatja/Fungsional/test_01_OpTambahGiatja.py"}}}, "date": "May 19, 2023", "start_time": 1684515452.213475, "total_suite": 1, "status": "FAIL", "status_list": {"pass": "0", "fail": "2", "skip": "0", "error": "0", "xpass": "0", "xfail": "0", "rerun": "0"}, "total_tests": "2"}