{"content": {"suites": {"0": {"status": {"total_pass": 0, "total_skip": 0, "total_xpass": 0, "total_xfail": 0, "total_rerun": 0, "total_fail": 0, "total_error": 1}, "tests": {"0": {"status": "ERROR", "message": "file /Users/wildanwijaksana/Documents/Work/Automationpython/SDP/SDP_TAHAP2/PEMBINAAN/Giatja/Fungsional/test_01_OpTambahGiatja.py, line 18\n  @pytest.mark.webtest\n  def test_TC_GIATJA_001(driver):\nE       fixture 'driver' not found\n>       available fixtures: _session_faker, cache, capfd, capfdbinary, caplog, capsys, capsysbinary, doctest_namespace, extra, faker, include_metadata_in_junit_xml, metadata, monkeypatch, pytestconfig, record_property, record_testsuite_property, record_xml_attribute, recwarn, tmp_path, tmp_path_factory, tmpdir, tmpdir_factory\n>       use 'pytest --fixtures [testpath]' for help on them.\n\n/Users/wildanwijaksana/Documents/Work/Automationpython/SDP/SDP_TAHAP2/PEMBINAAN/Giatja/Fungsional/test_01_OpTambahGiatja.py:18\n", "test_name": "test_TC_GIATJA_001", "rerun": "0"}}, "suite_name": "Giatja/Fungsional/test_01_OpTambahGiatja.py"}}}, "date": "May 19, 2023", "start_time": 1684510845.468351, "total_suite": 1, "status": "FAIL", "status_list": {"pass": "0", "fail": "0", "skip": "0", "error": "1", "xpass": "0", "xfail": "0", "rerun": "0"}, "total_tests": "1"}