{"content": {"suites": {"0": {"status": {"total_pass": 3, "total_skip": 0, "total_xpass": 0, "total_xfail": 0, "total_rerun": 0, "total_fail": 4, "total_error": 0}, "tests": {"0": {"status": "PASS", "message": "", "test_name": "test_SetupOsOpen", "rerun": "0"}, "1": {"status": "PASS", "message": "", "test_name": "test_TC_GIATJA_001", "rerun": "0"}, "2": {"status": "PASS", "message": "", "test_name": "test_TC_GIATJA_002", "rerun": "0"}, "3": {"status": "FAIL", "message": "   selenium.common.exceptions.TimeoutException: Message: \n   Stacktrace:\n   0   chromedriver                        0x00000001010e2ae8 chromedriver + 4958952\n   1   chromedriver                        0x00000001010da7b3 chromedriver + 4925363\n   2   chromedriver                        0x0000000100c9c1d6 chromedriver + 475606\n   3   chromedriver                        0x0000000100cdfa20 chromedriver + 752160\n   4   chromedriver                        0x0000000100cdfc81 chromedriver + 752769\n   5   chromedriver                        0x0000000100d23f64 chromedriver + 1032036\n   6   chromedriver                        0x0000000100d05c3d chromedriver + 908349\n   7   chromedriver                        0x0000000100d2125b chromedriver + 1020507\n   8   chromedriver                        0x0000000100d059e3 chromedriver + 907747\n   9   chromedriver                        0x0000000100ccfaef chromedriver + 686831\n   10  chromedriver                        0x0000000100cd100e chromedriver + 692238\n   11  chromedriver                        0x000000010109e9ad chromedriver + 4680109\n   12  chromedriver                        0x00000001010a3c12 chromedriver + 4701202\n   13  chromedriver                        0x00000001010aa79f chromedriver + 4728735\n   14  chromedriver                        0x00000001010a4b7a chromedriver + 4705146\n   15  chromedriver                        0x000000010107727e chromedriver + 4518526\n   16  chromedriver                        0x00000001010c4908 chromedriver + 4835592\n   17  chromedriver                        0x00000001010c4a87 chromedriver + 4835975\n   18  chromedriver                        0x00000001010d400f chromedriver + 4898831\n   19  libsystem_pthread.dylib             0x00007ff8003fb1d3 _pthread_start + 125\n   20  libsystem_pthread.dylib             0x00007ff8003f6bd3 thread_start + 15\n", "test_name": "test_TC_GIATJA_003", "rerun": "0"}, "4": {"status": "FAIL", "message": "   selenium.common.exceptions.TimeoutException: Message: \n   Stacktrace:\n   0   chromedriver                        0x00000001010e2ae8 chromedriver + 4958952\n   1   chromedriver                        0x00000001010da7b3 chromedriver + 4925363\n   2   chromedriver                        0x0000000100c9c1d6 chromedriver + 475606\n   3   chromedriver                        0x0000000100cdfa20 chromedriver + 752160\n   4   chromedriver                        0x0000000100cdfc81 chromedriver + 752769\n   5   chromedriver                        0x0000000100d23f64 chromedriver + 1032036\n   6   chromedriver                        0x0000000100d05c3d chromedriver + 908349\n   7   chromedriver                        0x0000000100d2125b chromedriver + 1020507\n   8   chromedriver                        0x0000000100d059e3 chromedriver + 907747\n   9   chromedriver                        0x0000000100ccfaef chromedriver + 686831\n   10  chromedriver                        0x0000000100cd100e chromedriver + 692238\n   11  chromedriver                        0x000000010109e9ad chromedriver + 4680109\n   12  chromedriver                        0x00000001010a3c12 chromedriver + 4701202\n   13  chromedriver                        0x00000001010aa79f chromedriver + 4728735\n   14  chromedriver                        0x00000001010a4b7a chromedriver + 4705146\n   15  chromedriver                        0x000000010107727e chromedriver + 4518526\n   16  chromedriver                        0x00000001010c4908 chromedriver + 4835592\n   17  chromedriver                        0x00000001010c4a87 chromedriver + 4835975\n   18  chromedriver                        0x00000001010d400f chromedriver + 4898831\n   19  libsystem_pthread.dylib             0x00007ff8003fb1d3 _pthread_start + 125\n   20  libsystem_pthread.dylib             0x00007ff8003f6bd3 thread_start + 15\n", "test_name": "test_TC_GIATJA_004", "rerun": "0"}, "5": {"status": "FAIL", "message": "   selenium.common.exceptions.TimeoutException: Message: \n   Stacktrace:\n   0   chromedriver                        0x00000001010e2ae8 chromedriver + 4958952\n   1   chromedriver                        0x00000001010da7b3 chromedriver + 4925363\n   2   chromedriver                        0x0000000100c9c1d6 chromedriver + 475606\n   3   chromedriver                        0x0000000100cdfa20 chromedriver + 752160\n   4   chromedriver                        0x0000000100cdfc81 chromedriver + 752769\n   5   chromedriver                        0x0000000100d23f64 chromedriver + 1032036\n   6   chromedriver                        0x0000000100d05c3d chromedriver + 908349\n   7   chromedriver                        0x0000000100d2125b chromedriver + 1020507\n   8   chromedriver                        0x0000000100d059e3 chromedriver + 907747\n   9   chromedriver                        0x0000000100ccfaef chromedriver + 686831\n   10  chromedriver                        0x0000000100cd100e chromedriver + 692238\n   11  chromedriver                        0x000000010109e9ad chromedriver + 4680109\n   12  chromedriver                        0x00000001010a3c12 chromedriver + 4701202\n   13  chromedriver                        0x00000001010aa79f chromedriver + 4728735\n   14  chromedriver                        0x00000001010a4b7a chromedriver + 4705146\n   15  chromedriver                        0x000000010107727e chromedriver + 4518526\n   16  chromedriver                        0x00000001010c4908 chromedriver + 4835592\n   17  chromedriver                        0x00000001010c4a87 chromedriver + 4835975\n   18  chromedriver                        0x00000001010d400f chromedriver + 4898831\n   19  libsystem_pthread.dylib             0x00007ff8003fb1d3 _pthread_start + 125\n   20  libsystem_pthread.dylib             0x00007ff8003f6bd3 thread_start + 15\n", "test_name": "test_TC_GIATJA_005", "rerun": "0"}, "6": {"status": "FAIL", "message": "   selenium.common.exceptions.TimeoutException: Message: \n   Stacktrace:\n   0   chromedriver                        0x00000001010e2ae8 chromedriver + 4958952\n   1   chromedriver                        0x00000001010da7b3 chromedriver + 4925363\n   2   chromedriver                        0x0000000100c9c1d6 chromedriver + 475606\n   3   chromedriver                        0x0000000100cdfa20 chromedriver + 752160\n   4   chromedriver                        0x0000000100cdfc81 chromedriver + 752769\n   5   chromedriver                        0x0000000100d23f64 chromedriver + 1032036\n   6   chromedriver                        0x0000000100d05c3d chromedriver + 908349\n   7   chromedriver                        0x0000000100d2125b chromedriver + 1020507\n   8   chromedriver                        0x0000000100d059e3 chromedriver + 907747\n   9   chromedriver                        0x0000000100ccfaef chromedriver + 686831\n   10  chromedriver                        0x0000000100cd100e chromedriver + 692238\n   11  chromedriver                        0x000000010109e9ad chromedriver + 4680109\n   12  chromedriver                        0x00000001010a3c12 chromedriver + 4701202\n   13  chromedriver                        0x00000001010aa79f chromedriver + 4728735\n   14  chromedriver                        0x00000001010a4b7a chromedriver + 4705146\n   15  chromedriver                        0x000000010107727e chromedriver + 4518526\n   16  chromedriver                        0x00000001010c4908 chromedriver + 4835592\n   17  chromedriver                        0x00000001010c4a87 chromedriver + 4835975\n   18  chromedriver                        0x00000001010d400f chromedriver + 4898831\n   19  libsystem_pthread.dylib             0x00007ff8003fb1d3 _pthread_start + 125\n   20  libsystem_pthread.dylib             0x00007ff8003f6bd3 thread_start + 15\n", "test_name": "test_TC_GIATJA_006", "rerun": "0"}}, "suite_name": "Giatja/Fungsional/test_01_OpTambahGiatja.py"}}}, "date": "May 19, 2023", "start_time": 1684477960.420018, "total_suite": 1, "status": "FAIL", "status_list": {"pass": "3", "fail": "4", "skip": "0", "error": "0", "xpass": "0", "xfail": "0", "rerun": "0"}, "total_tests": "7"}