{"content": {"suites": {"0": {"status": {"total_pass": 6, "total_skip": 0, "total_xpass": 0, "total_xfail": 0, "total_rerun": 0, "total_fail": 1, "total_error": 0}, "tests": {"0": {"status": "PASS", "message": "", "test_name": "test_SetupOsOpen", "rerun": "0"}, "1": {"status": "PASS", "message": "", "test_name": "test_TC_GIATJA_001", "rerun": "0"}, "2": {"status": "PASS", "message": "", "test_name": "test_TC_GIATJA_002", "rerun": "0"}, "3": {"status": "PASS", "message": "", "test_name": "test_TC_GIATJA_003", "rerun": "0"}, "4": {"status": "PASS", "message": "", "test_name": "test_TC_GIATJA_004", "rerun": "0"}, "5": {"status": "PASS", "message": "", "test_name": "test_TC_GIATJA_005", "rerun": "0"}, "6": {"status": "FAIL", "message": "   selenium.common.exceptions.TimeoutException: Message: \n   Stacktrace:\n   0   chromedriver                        0x0000000102665ae8 chromedriver + 4958952\n   1   chromedriver                        0x000000010265d7b3 chromedriver + 4925363\n   2   chromedriver                        0x000000010221f1d6 chromedriver + 475606\n   3   chromedriver                        0x0000000102262a20 chromedriver + 752160\n   4   chromedriver                        0x0000000102262c81 chromedriver + 752769\n   5   chromedriver                        0x00000001022a6f64 chromedriver + 1032036\n   6   chromedriver                        0x0000000102288c3d chromedriver + 908349\n   7   chromedriver                        0x00000001022a425b chromedriver + 1020507\n   8   chromedriver                        0x00000001022889e3 chromedriver + 907747\n   9   chromedriver                        0x0000000102252aef chromedriver + 686831\n   10  chromedriver                        0x000000010225400e chromedriver + 692238\n   11  chromedriver                        0x00000001026219ad chromedriver + 4680109\n   12  chromedriver                        0x0000000102626c12 chromedriver + 4701202\n   13  chromedriver                        0x000000010262d79f chromedriver + 4728735\n   14  chromedriver                        0x0000000102627b7a chromedriver + 4705146\n   15  chromedriver                        0x00000001025fa27e chromedriver + 4518526\n   16  chromedriver                        0x0000000102647908 chromedriver + 4835592\n   17  chromedriver                        0x0000000102647a87 chromedriver + 4835975\n   18  chromedriver                        0x000000010265700f chromedriver + 4898831\n   19  libsystem_pthread.dylib             0x00007ff80f4a71d3 _pthread_start + 125\n   20  libsystem_pthread.dylib             0x00007ff80f4a2bd3 thread_start + 15\n       assert False\n", "test_name": "test_TC_GIATJA_006", "rerun": "0"}}, "suite_name": "1.KegiatanKerja/Fungsional/test_OpGiatja.py"}}}, "date": "May 03, 2023", "start_time": 1683108419.0379279, "total_suite": 1, "status": "FAIL", "status_list": {"pass": "6", "fail": "1", "skip": "0", "error": "0", "xpass": "0", "xfail": "0", "rerun": "0"}, "total_tests": "7"}