{"content": {"suites": {"0": {"status": {"total_pass": 30, "total_skip": 0, "total_xpass": 0, "total_xfail": 0, "total_rerun": 0, "total_fail": 0, "total_error": 0}, "tests": {"0": {"status": "PASS", "message": "", "test_name": "test_1_SetupOs", "rerun": "0"}, "1": {"status": "PASS", "message": "", "test_name": "test_2_Login", "rerun": "0"}, "2": {"status": "PASS", "message": "", "test_name": "test_2_AksesMenu", "rerun": "0"}, "3": {"status": "PASS", "message": "", "test_name": "test_3_CreateButton", "rerun": "0"}, "4": {"status": "PASS", "message": "", "test_name": "test_4_inputTglKegitatan", "rerun": "0"}, "5": {"status": "PASS", "message": "", "test_name": "test_5_InputLokasiKegiatan", "rerun": "0"}, "6": {"status": "PASS", "message": "", "test_name": "test_6_InputJumlahAgen", "rerun": "0"}, "7": {"status": "PASS", "message": "", "test_name": "test_7_InputHasilkegiatan", "rerun": "0"}, "8": {"status": "PASS", "message": "", "test_name": "test_8_InputTindaklanjut", "rerun": "0"}, "9": {"status": "PASS", "message": "", "test_name": "test_9_InputKeterangan", "rerun": "0"}, "10": {"status": "PASS", "message": "", "test_name": "test_10_ClickbuttonSubmit", "rerun": "0"}, "11": {"status": "PASS", "message": "", "test_name": "test_11_SetupOs", "rerun": "0"}, "12": {"status": "PASS", "message": "", "test_name": "test_12_LoginSPV", "rerun": "0"}, "13": {"status": "PASS", "message": "", "test_name": "test_13_AksesMenuSpv", "rerun": "0"}, "14": {"status": "PASS", "message": "", "test_name": "test_14_KirimLaporanSpv", "rerun": "0"}, "15": {"status": "PASS", "message": "", "test_name": "test_15_loginKanwil", "rerun": "0"}, "16": {"status": "PASS", "message": "", "test_name": "test_16_AksesMenuSpv", "rerun": "0"}, "17": {"status": "PASS", "message": "", "test_name": "test_17_VerifikasiLaporanKanwil", "rerun": "0"}, "18": {"status": "PASS", "message": "", "test_name": "test_18_ClickButtonSearch", "rerun": "0"}, "19": {"status": "PASS", "message": "", "test_name": "test_19_ClickButtonVerifikasi", "rerun": "0"}, "20": {"status": "PASS", "message": "", "test_name": "test_20_StatusVerifikasiModal", "rerun": "0"}, "21": {"status": "PASS", "message": "", "test_name": "test_21_UbahStatus", "rerun": "0"}, "22": {"status": "PASS", "message": "", "test_name": "test_22_Inputketerangan", "rerun": "0"}, "23": {"status": "PASS", "message": "", "test_name": "test_23_SimpanVerifikasi", "rerun": "0"}, "24": {"status": "PASS", "message": "", "test_name": "test_24_loginPusat", "rerun": "0"}, "25": {"status": "PASS", "message": "", "test_name": "test_25_AksesMenuPusat", "rerun": "0"}, "26": {"status": "PASS", "message": "", "test_name": "test_26_PilihKanwil", "rerun": "0"}, "27": {"status": "PASS", "message": "", "test_name": "test_27_PilihUPT", "rerun": "0"}, "28": {"status": "PASS", "message": "", "test_name": "test_28_ClickButtonSearch", "rerun": "0"}, "29": {"status": "PASS", "message": "", "test_name": "test_29_exit", "rerun": "0"}}, "suite_name": "4LaporanBulanan/8.Laporan7B/Fungsional/test_Laporan7B.py"}}}, "date": "April 12, 2023", "start_time": 1681289108.3581839, "total_suite": 1, "status": "PASS", "status_list": {"pass": "30", "fail": "0", "skip": "0", "error": "0", "xpass": "0", "xfail": "0", "rerun": "0"}, "total_tests": "30"}