{"content": {"suites": {"0": {"status": {"total_pass": 7, "total_skip": 0, "total_xpass": 0, "total_xfail": 0, "total_rerun": 0, "total_fail": 2, "total_error": 0}, "tests": {"0": {"status": "PASS", "message": "", "test_name": "test_SetupOsOpen", "rerun": "0"}, "1": {"status": "PASS", "message": "", "test_name": "test_TC_GIATJA_001", "rerun": "0"}, "2": {"status": "PASS", "message": "", "test_name": "test_TC_GIATJA_002", "rerun": "0"}, "3": {"status": "PASS", "message": "", "test_name": "test_TC_GIATJA_003", "rerun": "0"}, "4": {"status": "FAIL", "message": "   selenium.common.exceptions.ElementClickInterceptedException: Message: element click intercepted: Element <input class=\"el-input__inner\" id=\"filterColumn\" type=\"text\" readonly=\"\" autocomplete=\"off\" placeholder=\"Cari berdasarkan kolom\"> is not clickable at point (139, 363). Other element would receive the click: <div class=\"el-loading-mask\" style=\"\">...</div>\n     (Session info: chrome=113.0.5672.126)\n   Stacktrace:\n   0   chromedriver                        0x0000000104d06ae8 chromedriver + 4958952\n   1   chromedriver                        0x0000000104cfe7b3 chromedriver + 4925363\n   2   chromedriver                        0x00000001048c01d6 chromedriver + 475606\n   3   chromedriver                        0x000000010490d321 chromedriver + 791329\n   4   chromedriver                        0x000000010490a36e chromedriver + 779118\n   5   chromedriver                        0x0000000104906fd4 chromedriver + 765908\n   6   chromedriver                        0x00000001049059af chromedriver + 760239\n   7   chromedriver                        0x00000001048f6283 chromedriver + 696963\n   8   chromedriver                        0x0000000104929c12 chromedriver + 908306\n   9   chromedriver                        0x00000001048f58f1 chromedriver + 694513\n   10  chromedriver                        0x0000000104929dce chromedriver + 908750\n   11  chromedriver                        0x000000010494525b chromedriver + 1020507\n   12  chromedriver                        0x00000001049299e3 chromedriver + 907747\n   13  chromedriver                        0x00000001048f3aef chromedriver + 686831\n   14  chromedriver                        0x00000001048f500e chromedriver + 692238\n   15  chromedriver                        0x0000000104cc29ad chromedriver + 4680109\n   16  chromedriver                        0x0000000104cc7c12 chromedriver + 4701202\n   17  chromedriver                        0x0000000104cce79f chromedriver + 4728735\n   18  chromedriver                        0x0000000104cc8b7a chromedriver + 4705146\n   19  chromedriver                        0x0000000104c9b27e chromedriver + 4518526\n   20  chromedriver                        0x0000000104ce8908 chromedriver + 4835592\n   21  chromedriver                        0x0000000104ce8a87 chromedriver + 4835975\n   22  chromedriver                        0x0000000104cf800f chromedriver + 4898831\n   23  libsystem_pthread.dylib             0x00007ff8003fb1d3 _pthread_start + 125\n   24  libsystem_pthread.dylib             0x00007ff8003f6bd3 thread_start + 15\n", "test_name": "test_TC_GIATJA_004", "rerun": "0"}, "5": {"status": "PASS", "message": "", "test_name": "test_TC_GIATJA_005", "rerun": "0"}, "6": {"status": "PASS", "message": "", "test_name": "test_TC_GIATJA_006", "rerun": "0"}, "7": {"status": "FAIL", "message": "   selenium.common.exceptions.TimeoutException: Message: \n   Stacktrace:\n   0   chromedriver                        0x0000000104d06ae8 chromedriver + 4958952\n   1   chromedriver                        0x0000000104cfe7b3 chromedriver + 4925363\n   2   chromedriver                        0x00000001048c01d6 chromedriver + 475606\n   3   chromedriver                        0x0000000104903a20 chromedriver + 752160\n   4   chromedriver                        0x0000000104903c81 chromedriver + 752769\n   5   chromedriver                        0x0000000104947f64 chromedriver + 1032036\n   6   chromedriver                        0x0000000104929c3d chromedriver + 908349\n   7   chromedriver                        0x000000010494525b chromedriver + 1020507\n   8   chromedriver                        0x00000001049299e3 chromedriver + 907747\n   9   chromedriver                        0x00000001048f3aef chromedriver + 686831\n   10  chromedriver                        0x00000001048f500e chromedriver + 692238\n   11  chromedriver                        0x0000000104cc29ad chromedriver + 4680109\n   12  chromedriver                        0x0000000104cc7c12 chromedriver + 4701202\n   13  chromedriver                        0x0000000104cce79f chromedriver + 4728735\n   14  chromedriver                        0x0000000104cc8b7a chromedriver + 4705146\n   15  chromedriver                        0x0000000104c9b27e chromedriver + 4518526\n   16  chromedriver                        0x0000000104ce8908 chromedriver + 4835592\n   17  chromedriver                        0x0000000104ce8a87 chromedriver + 4835975\n   18  chromedriver                        0x0000000104cf800f chromedriver + 4898831\n   19  libsystem_pthread.dylib             0x00007ff8003fb1d3 _pthread_start + 125\n   20  libsystem_pthread.dylib             0x00007ff8003f6bd3 thread_start + 15\n", "test_name": "test_TC_GIATJA_007", "rerun": "0"}, "8": {"status": "PASS", "message": "", "test_name": "test_EXIT", "rerun": "0"}}, "suite_name": "Giatja/Fungsional/test_01_OpTambahGiatja.py"}}}, "date": "May 19, 2023", "start_time": 1684476238.9772558, "total_suite": 1, "status": "FAIL", "status_list": {"pass": "7", "fail": "2", "skip": "0", "error": "0", "xpass": "0", "xfail": "0", "rerun": "0"}, "total_tests": "9"}