{"content": {"suites": {"0": {"status": {"total_pass": 1, "total_skip": 0, "total_xpass": 0, "total_xfail": 0, "total_rerun": 0, "total_fail": 1, "total_error": 0}, "tests": {"0": {"status": "PASS", "message": "", "test_name": "test_TC_GIATJA_015", "rerun": "0"}, "1": {"status": "FAIL", "message": "   selenium.common.exceptions.ElementNotInteractableException: Message: element not interactable\n     (Session info: chrome=113.0.5672.126)\n   Stacktrace:\n   0   chromedriver                        0x000000010321cae8 chromedriver + 4958952\n   1   chromedriver                        0x00000001032147b3 chromedriver + 4925363\n   2   chromedriver                        0x0000000102dd6051 chromedriver + 475217\n   3   chromedriver                        0x0000000102e1b2e8 chromedriver + 758504\n   4   chromedriver                        0x0000000102e0c283 chromedriver + 696963\n   5   chromedriver                        0x0000000102e3fc12 chromedriver + 908306\n   6   chromedriver                        0x0000000102e0b8f1 chromedriver + 694513\n   7   chromedriver                        0x0000000102e3fdce chromedriver + 908750\n   8   chromedriver                        0x0000000102e5b25b chromedriver + 1020507\n   9   chromedriver                        0x0000000102e3f9e3 chromedriver + 907747\n   10  chromedriver                        0x0000000102e09aef chromedriver + 686831\n   11  chromedriver                        0x0000000102e0b00e chromedriver + 692238\n   12  chromedriver                        0x00000001031d89ad chromedriver + 4680109\n   13  chromedriver                        0x00000001031ddc12 chromedriver + 4701202\n   14  chromedriver                        0x00000001031e479f chromedriver + 4728735\n   15  chromedriver                        0x00000001031deb7a chromedriver + 4705146\n   16  chromedriver                        0x00000001031b127e chromedriver + 4518526\n   17  chromedriver                        0x00000001031fe908 chromedriver + 4835592\n   18  chromedriver                        0x00000001031fea87 chromedriver + 4835975\n   19  chromedriver                        0x000000010320e00f chromedriver + 4898831\n   20  libsystem_pthread.dylib             0x00007ff80a4371d3 _pthread_start + 125\n   21  libsystem_pthread.dylib             0x00007ff80a432bd3 thread_start + 15\n", "test_name": "test_TC_GIATJA_016", "rerun": "0"}}, "suite_name": "Giatja/Fungsional/test_03_OpPNBP.py"}}}, "date": "May 23, 2023", "start_time": 1684822508.633555, "total_suite": 1, "status": "FAIL", "status_list": {"pass": "1", "fail": "1", "skip": "0", "error": "0", "xpass": "0", "xfail": "0", "rerun": "0"}, "total_tests": "2"}