{"content": {"suites": {"0": {"status": {"total_pass": 7, "total_skip": 0, "total_xpass": 0, "total_xfail": 0, "total_rerun": 0, "total_fail": 1, "total_error": 0}, "tests": {"0": {"status": "PASS", "message": "", "test_name": "test_TC_GIATJA_022", "rerun": "0"}, "1": {"status": "PASS", "message": "", "test_name": "test_TC_GIATJA_023", "rerun": "0"}, "2": {"status": "PASS", "message": "", "test_name": "test_TC_GIATJA_024", "rerun": "0"}, "3": {"status": "PASS", "message": "", "test_name": "test_TC_GIATJA_025", "rerun": "0"}, "4": {"status": "PASS", "message": "", "test_name": "test_TC_GIATJA_026", "rerun": "0"}, "5": {"status": "PASS", "message": "", "test_name": "test_TC_GIATJA_027", "rerun": "0"}, "6": {"status": "PASS", "message": "", "test_name": "test_TC_GIATJA_028", "rerun": "0"}, "7": {"status": "FAIL", "message": "   selenium.common.exceptions.ElementClickInterceptedException: Message: element click intercepted: Element <span class=\"\">...</span> is not clickable at point (1698, 259). Other element would receive the click: <div class=\"el-loading-mask\" style=\"\">...</div>\n     (Session info: chrome=113.0.5672.126)\n   Stacktrace:\n   0   chromedriver                        0x0000000104d25ae8 chromedriver + 4958952\n   1   chromedriver                        0x0000000104d1d7b3 chromedriver + 4925363\n   2   chromedriver                        0x00000001048df1d6 chromedriver + 475606\n   3   chromedriver                        0x000000010492c321 chromedriver + 791329\n   4   chromedriver                        0x000000010492936e chromedriver + 779118\n   5   chromedriver                        0x0000000104925fd4 chromedriver + 765908\n   6   chromedriver                        0x00000001049249af chromedriver + 760239\n   7   chromedriver                        0x0000000104915283 chromedriver + 696963\n   8   chromedriver                        0x0000000104948c12 chromedriver + 908306\n   9   chromedriver                        0x00000001049148f1 chromedriver + 694513\n   10  chromedriver                        0x0000000104948dce chromedriver + 908750\n   11  chromedriver                        0x000000010496425b chromedriver + 1020507\n   12  chromedriver                        0x00000001049489e3 chromedriver + 907747\n   13  chromedriver                        0x0000000104912aef chromedriver + 686831\n   14  chromedriver                        0x000000010491400e chromedriver + 692238\n   15  chromedriver                        0x0000000104ce19ad chromedriver + 4680109\n   16  chromedriver                        0x0000000104ce6c12 chromedriver + 4701202\n   17  chromedriver                        0x0000000104ced79f chromedriver + 4728735\n   18  chromedriver                        0x0000000104ce7b7a chromedriver + 4705146\n   19  chromedriver                        0x0000000104cba27e chromedriver + 4518526\n   20  chromedriver                        0x0000000104d07908 chromedriver + 4835592\n   21  chromedriver                        0x0000000104d07a87 chromedriver + 4835975\n   22  chromedriver                        0x0000000104d1700f chromedriver + 4898831\n   23  libsystem_pthread.dylib             0x00007ff80d7b71d3 _pthread_start + 125\n   24  libsystem_pthread.dylib             0x00007ff80d7b2bd3 thread_start + 15\n", "test_name": "test_TC_GIATJA_029", "rerun": "0"}}, "suite_name": "Giatja/Fungsional/test_04_LaporanGiatjaKegiatanKerja.py"}}}, "date": "May 24, 2023", "start_time": 1684923116.983726, "total_suite": 1, "status": "FAIL", "status_list": {"pass": "7", "fail": "1", "skip": "0", "error": "0", "xpass": "0", "xfail": "0", "rerun": "0"}, "total_tests": "8"}