{"content": {"suites": {"0": {"status": {"total_pass": 1, "total_skip": 0, "total_xpass": 0, "total_xfail": 0, "total_rerun": 0, "total_fail": 2, "total_error": 0}, "tests": {"0": {"status": "PASS", "message": "", "test_name": "test_TC_GIATJA_008", "rerun": "0"}, "1": {"status": "FAIL", "message": "   selenium.common.exceptions.ElementClickInterceptedException: Message: element click intercepted: Element <li class=\"el-select-dropdown__item\" id=\"jenis1\">...</li> is not clickable at point (958, 409). Other element would receive the click: <li class=\"el-select-dropdown__item\" id=\"jenis0\">...</li>\n     (Session info: chrome=113.0.5672.126)\n   Stacktrace:\n   0   chromedriver                        0x0000000104ac1ae8 chromedriver + 4958952\n   1   chromedriver                        0x0000000104ab97b3 chromedriver + 4925363\n   2   chromedriver                        0x000000010467b1d6 chromedriver + 475606\n   3   chromedriver                        0x00000001046c8321 chromedriver + 791329\n   4   chromedriver                        0x00000001046c536e chromedriver + 779118\n   5   chromedriver                        0x00000001046c1fd4 chromedriver + 765908\n   6   chromedriver                        0x00000001046c09af chromedriver + 760239\n   7   chromedriver                        0x00000001046b1283 chromedriver + 696963\n   8   chromedriver                        0x00000001046e4c12 chromedriver + 908306\n   9   chromedriver                        0x00000001046b08f1 chromedriver + 694513\n   10  chromedriver                        0x00000001046e4dce chromedriver + 908750\n   11  chromedriver                        0x000000010470025b chromedriver + 1020507\n   12  chromedriver                        0x00000001046e49e3 chromedriver + 907747\n   13  chromedriver                        0x00000001046aeaef chromedriver + 686831\n   14  chromedriver                        0x00000001046b000e chromedriver + 692238\n   15  chromedriver                        0x0000000104a7d9ad chromedriver + 4680109\n   16  chromedriver                        0x0000000104a82c12 chromedriver + 4701202\n   17  chromedriver                        0x0000000104a8979f chromedriver + 4728735\n   18  chromedriver                        0x0000000104a83b7a chromedriver + 4705146\n   19  chromedriver                        0x0000000104a5627e chromedriver + 4518526\n   20  chromedriver                        0x0000000104aa3908 chromedriver + 4835592\n   21  chromedriver                        0x0000000104aa3a87 chromedriver + 4835975\n   22  chromedriver                        0x0000000104ab300f chromedriver + 4898831\n   23  libsystem_pthread.dylib             0x00007ff80b4171d3 _pthread_start + 125\n   24  libsystem_pthread.dylib             0x00007ff80b412bd3 thread_start + 15\n", "test_name": "test_TC_GIATJA_009", "rerun": "0"}, "2": {"status": "FAIL", "message": "   selenium.common.exceptions.TimeoutException: Message: \n   Stacktrace:\n   0   chromedriver                        0x0000000104ac1ae8 chromedriver + 4958952\n   1   chromedriver                        0x0000000104ab97b3 chromedriver + 4925363\n   2   chromedriver                        0x000000010467b1d6 chromedriver + 475606\n   3   chromedriver                        0x00000001046bea20 chromedriver + 752160\n   4   chromedriver                        0x00000001046bec81 chromedriver + 752769\n   5   chromedriver                        0x0000000104702f64 chromedriver + 1032036\n   6   chromedriver                        0x00000001046e4c3d chromedriver + 908349\n   7   chromedriver                        0x000000010470025b chromedriver + 1020507\n   8   chromedriver                        0x00000001046e49e3 chromedriver + 907747\n   9   chromedriver                        0x00000001046aeaef chromedriver + 686831\n   10  chromedriver                        0x00000001046b000e chromedriver + 692238\n   11  chromedriver                        0x0000000104a7d9ad chromedriver + 4680109\n   12  chromedriver                        0x0000000104a82c12 chromedriver + 4701202\n   13  chromedriver                        0x0000000104a8979f chromedriver + 4728735\n   14  chromedriver                        0x0000000104a83b7a chromedriver + 4705146\n   15  chromedriver                        0x0000000104a5627e chromedriver + 4518526\n   16  chromedriver                        0x0000000104aa3908 chromedriver + 4835592\n   17  chromedriver                        0x0000000104aa3a87 chromedriver + 4835975\n   18  chromedriver                        0x0000000104ab300f chromedriver + 4898831\n   19  libsystem_pthread.dylib             0x00007ff80b4171d3 _pthread_start + 125\n   20  libsystem_pthread.dylib             0x00007ff80b412bd3 thread_start + 15\n", "test_name": "test_TC_GIATJA_010", "rerun": "0"}}, "suite_name": "Giatja/Fungsional/test_02_OpPemasaran.py"}}}, "date": "May 22, 2023", "start_time": 1684728923.88445, "total_suite": 1, "status": "FAIL", "status_list": {"pass": "1", "fail": "2", "skip": "0", "error": "0", "xpass": "0", "xfail": "0", "rerun": "0"}, "total_tests": "3"}