{"content": {"suites": {"0": {"status": {"total_pass": 1, "total_skip": 0, "total_xpass": 0, "total_xfail": 0, "total_rerun": 0, "total_fail": 1, "total_error": 0}, "tests": {"0": {"status": "PASS", "message": "", "test_name": "test_TC_GIATJA_022", "rerun": "0"}, "1": {"status": "FAIL", "message": "   selenium.common.exceptions.TimeoutException: Message: \n   Stacktrace:\n   0   chromedriver                        0x00000001029c5ae8 chromedriver + 4958952\n   1   chromedriver                        0x00000001029bd7b3 chromedriver + 4925363\n   2   chromedriver                        0x000000010257f1d6 chromedriver + 475606\n   3   chromedriver                        0x00000001025c2a20 chromedriver + 752160\n   4   chromedriver                        0x00000001025c2c81 chromedriver + 752769\n   5   chromedriver                        0x0000000102606f64 chromedriver + 1032036\n   6   chromedriver                        0x00000001025e8c3d chromedriver + 908349\n   7   chromedriver                        0x000000010260425b chromedriver + 1020507\n   8   chromedriver                        0x00000001025e89e3 chromedriver + 907747\n   9   chromedriver                        0x00000001025b2aef chromedriver + 686831\n   10  chromedriver                        0x00000001025b400e chromedriver + 692238\n   11  chromedriver                        0x00000001029819ad chromedriver + 4680109\n   12  chromedriver                        0x0000000102986c12 chromedriver + 4701202\n   13  chromedriver                        0x000000010298d79f chromedriver + 4728735\n   14  chromedriver                        0x0000000102987b7a chromedriver + 4705146\n   15  chromedriver                        0x000000010295a27e chromedriver + 4518526\n   16  chromedriver                        0x00000001029a7908 chromedriver + 4835592\n   17  chromedriver                        0x00000001029a7a87 chromedriver + 4835975\n   18  chromedriver                        0x00000001029b700f chromedriver + 4898831\n   19  libsystem_pthread.dylib             0x00007ff80d7b71d3 _pthread_start + 125\n   20  libsystem_pthread.dylib             0x00007ff80d7b2bd3 thread_start + 15\n", "test_name": "test_TC_GIATJA_023", "rerun": "0"}}, "suite_name": "Giatja/Fungsional/test_04_OpLaporanGiatjaKegiatanKerja.py"}}}, "date": "May 24, 2023", "start_time": 1684922141.2694888, "total_suite": 1, "status": "FAIL", "status_list": {"pass": "1", "fail": "1", "skip": "0", "error": "0", "xpass": "0", "xfail": "0", "rerun": "0"}, "total_tests": "2"}