{"content": {"suites": {"0": {"status": {"total_pass": 5, "total_skip": 0, "total_xpass": 0, "total_xfail": 0, "total_rerun": 0, "total_fail": 0, "total_error": 0}, "tests": {"0": {"status": "PASS", "message": "", "test_name": "test_TC_GIATJA_022", "rerun": "0"}, "1": {"status": "PASS", "message": "", "test_name": "test_TC_GIATJA_023", "rerun": "0"}, "2": {"status": "PASS", "message": "", "test_name": "test_TC_GIATJA_024", "rerun": "0"}, "3": {"status": "PASS", "message": "", "test_name": "test_TC_GIATJA_025", "rerun": "0"}, "4": {"status": "PASS", "message": "", "test_name": "test_TC_GIATJA_026", "rerun": "0"}}, "suite_name": "Giatja/Fungsional/test_04_LaporanGiatjaKegiatanKerja.py"}}}, "date": "May 24, 2023", "start_time": 1684924584.952775, "total_suite": 1, "status": "PASS", "status_list": {"pass": "5", "fail": "0", "skip": "0", "error": "0", "xpass": "0", "xfail": "0", "rerun": "0"}, "total_tests": "5"}