{"content": {"suites": {"0": {"status": {"total_pass": 8, "total_skip": 0, "total_xpass": 0, "total_xfail": 0, "total_rerun": 0, "total_fail": 1, "total_error": 0}, "tests": {"0": {"status": "PASS", "message": "", "test_name": "test_TC_GIATJA_030", "rerun": "0"}, "1": {"status": "PASS", "message": "", "test_name": "test_TC_GIATJA_031", "rerun": "0"}, "2": {"status": "PASS", "message": "", "test_name": "test_TC_GIATJA_032", "rerun": "0"}, "3": {"status": "PASS", "message": "", "test_name": "test_TC_GIATJA_033", "rerun": "0"}, "4": {"status": "PASS", "message": "", "test_name": "test_TC_GIATJA_034", "rerun": "0"}, "5": {"status": "PASS", "message": "", "test_name": "test_TC_GIATJA_035", "rerun": "0"}, "6": {"status": "PASS", "message": "", "test_name": "test_TC_GIATJA_036", "rerun": "0"}, "7": {"status": "PASS", "message": "", "test_name": "test_TC_GIATJA_037", "rerun": "0"}, "8": {"status": "FAIL", "message": "   selenium.common.exceptions.ElementClickInterceptedException: Message: element click intercepted: Element <span class=\"\">...</span> is not clickable at point (1698, 259). Other element would receive the click: <div class=\"el-loading-mask\" style=\"\">...</div>\n     (Session info: chrome=113.0.5672.126)\n   Stacktrace:\n   0   chromedriver                        0x000000010332eae8 chromedriver + 4958952\n   1   chromedriver                        0x00000001033267b3 chromedriver + 4925363\n   2   chromedriver                        0x0000000102ee81d6 chromedriver + 475606\n   3   chromedriver                        0x0000000102f35321 chromedriver + 791329\n   4   chromedriver                        0x0000000102f3236e chromedriver + 779118\n   5   chromedriver                        0x0000000102f2efd4 chromedriver + 765908\n   6   chromedriver                        0x0000000102f2d9af chromedriver + 760239\n   7   chromedriver                        0x0000000102f1e283 chromedriver + 696963\n   8   chromedriver                        0x0000000102f51c12 chromedriver + 908306\n   9   chromedriver                        0x0000000102f1d8f1 chromedriver + 694513\n   10  chromedriver                        0x0000000102f51dce chromedriver + 908750\n   11  chromedriver                        0x0000000102f6d25b chromedriver + 1020507\n   12  chromedriver                        0x0000000102f519e3 chromedriver + 907747\n   13  chromedriver                        0x0000000102f1baef chromedriver + 686831\n   14  chromedriver                        0x0000000102f1d00e chromedriver + 692238\n   15  chromedriver                        0x00000001032ea9ad chromedriver + 4680109\n   16  chromedriver                        0x00000001032efc12 chromedriver + 4701202\n   17  chromedriver                        0x00000001032f679f chromedriver + 4728735\n   18  chromedriver                        0x00000001032f0b7a chromedriver + 4705146\n   19  chromedriver                        0x00000001032c327e chromedriver + 4518526\n   20  chromedriver                        0x0000000103310908 chromedriver + 4835592\n   21  chromedriver                        0x0000000103310a87 chromedriver + 4835975\n   22  chromedriver                        0x000000010332000f chromedriver + 4898831\n   23  libsystem_pthread.dylib             0x00007ff8068bf1d3 _pthread_start + 125\n   24  libsystem_pthread.dylib             0x00007ff8068babd3 thread_start + 15\n", "test_name": "test_TC_GIATJA_038", "rerun": "0"}}, "suite_name": "Giatja/Fungsional/test_05_LaporanPemasaranPNBP.py"}}}, "date": "May 24, 2023", "start_time": 1684941539.706348, "total_suite": 1, "status": "FAIL", "status_list": {"pass": "8", "fail": "1", "skip": "0", "error": "0", "xpass": "0", "xfail": "0", "rerun": "0"}, "total_tests": "9"}