{"content": {"suites": {"0": {"status": {"total_pass": 6, "total_skip": 0, "total_xpass": 0, "total_xfail": 0, "total_rerun": 0, "total_fail": 2, "total_error": 0}, "tests": {"0": {"status": "PASS", "message": "", "test_name": "test_TC_GIATJA_030", "rerun": "0"}, "1": {"status": "PASS", "message": "", "test_name": "test_TC_GIATJA_031", "rerun": "0"}, "2": {"status": "PASS", "message": "", "test_name": "test_TC_GIATJA_032", "rerun": "0"}, "3": {"status": "PASS", "message": "", "test_name": "test_TC_GIATJA_033", "rerun": "0"}, "4": {"status": "PASS", "message": "", "test_name": "test_TC_GIATJA_034", "rerun": "0"}, "5": {"status": "FAIL", "message": "   selenium.common.exceptions.TimeoutException: Message: \n   Stacktrace:\n   0   chromedriver                        0x0000000102a13ae8 chromedriver + 4958952\n   1   chromedriver                        0x0000000102a0b7b3 chromedriver + 4925363\n   2   chromedriver                        0x00000001025cd1d6 chromedriver + 475606\n   3   chromedriver                        0x0000000102610a20 chromedriver + 752160\n   4   chromedriver                        0x0000000102610c81 chromedriver + 752769\n   5   chromedriver                        0x0000000102654f64 chromedriver + 1032036\n   6   chromedriver                        0x0000000102636c3d chromedriver + 908349\n   7   chromedriver                        0x000000010265225b chromedriver + 1020507\n   8   chromedriver                        0x00000001026369e3 chromedriver + 907747\n   9   chromedriver                        0x0000000102600aef chromedriver + 686831\n   10  chromedriver                        0x000000010260200e chromedriver + 692238\n   11  chromedriver                        0x00000001029cf9ad chromedriver + 4680109\n   12  chromedriver                        0x00000001029d4c12 chromedriver + 4701202\n   13  chromedriver                        0x00000001029db79f chromedriver + 4728735\n   14  chromedriver                        0x00000001029d5b7a chromedriver + 4705146\n   15  chromedriver                        0x00000001029a827e chromedriver + 4518526\n   16  chromedriver                        0x00000001029f5908 chromedriver + 4835592\n   17  chromedriver                        0x00000001029f5a87 chromedriver + 4835975\n   18  chromedriver                        0x0000000102a0500f chromedriver + 4898831\n   19  libsystem_pthread.dylib             0x00007ff8078631d3 _pthread_start + 125\n   20  libsystem_pthread.dylib             0x00007ff80785ebd3 thread_start + 15\n", "test_name": "test_TC_GIATJA_035", "rerun": "0"}, "6": {"status": "FAIL", "message": "   selenium.common.exceptions.NoSuchElementException: Message: no such element: Unable to locate element: {\"method\":\"css selector\",\"selector\":\"[id=\"login\"]\"}\n     (Session info: chrome=113.0.5672.126)\n   Stacktrace:\n   0   chromedriver                        0x0000000102a13ae8 chromedriver + 4958952\n   1   chromedriver                        0x0000000102a0b7b3 chromedriver + 4925363\n   2   chromedriver                        0x00000001025cd1d6 chromedriver + 475606\n   3   chromedriver                        0x0000000102610a20 chromedriver + 752160\n   4   chromedriver                        0x0000000102610c81 chromedriver + 752769\n   5   chromedriver                        0x0000000102654f64 chromedriver + 1032036\n   6   chromedriver                        0x0000000102636c3d chromedriver + 908349\n   7   chromedriver                        0x000000010265225b chromedriver + 1020507\n   8   chromedriver                        0x00000001026369e3 chromedriver + 907747\n   9   chromedriver                        0x0000000102600aef chromedriver + 686831\n   10  chromedriver                        0x000000010260200e chromedriver + 692238\n   11  chromedriver                        0x00000001029cf9ad chromedriver + 4680109\n   12  chromedriver                        0x00000001029d4c12 chromedriver + 4701202\n   13  chromedriver                        0x00000001029db79f chromedriver + 4728735\n   14  chromedriver                        0x00000001029d5b7a chromedriver + 4705146\n   15  chromedriver                        0x00000001029a827e chromedriver + 4518526\n   16  chromedriver                        0x00000001029f5908 chromedriver + 4835592\n   17  chromedriver                        0x00000001029f5a87 chromedriver + 4835975\n   18  chromedriver                        0x0000000102a0500f chromedriver + 4898831\n   19  libsystem_pthread.dylib             0x00007ff8078631d3 _pthread_start + 125\n   20  libsystem_pthread.dylib             0x00007ff80785ebd3 thread_start + 15\n", "test_name": "test_TC_GIATJA_036", "rerun": "0"}, "7": {"status": "PASS", "message": "", "test_name": "test_TC_GIATJA_037", "rerun": "0"}}, "suite_name": "Giatja/Fungsional/test_05_LaporanPemasaranPNBP.py"}}}, "date": "May 25, 2023", "start_time": 1684988858.2325299, "total_suite": 1, "status": "FAIL", "status_list": {"pass": "6", "fail": "2", "skip": "0", "error": "0", "xpass": "0", "xfail": "0", "rerun": "0"}, "total_tests": "8"}