{"content": {"suites": {"0": {"status": {"total_pass": 8, "total_skip": 0, "total_xpass": 0, "total_xfail": 0, "total_rerun": 0, "total_fail": 1, "total_error": 0}, "tests": {"0": {"status": "PASS", "message": "", "test_name": "test_1_SetupOs", "rerun": "0"}, "1": {"status": "PASS", "message": "", "test_name": "test_TC_GIATJA_008", "rerun": "0"}, "2": {"status": "FAIL", "message": "   selenium.common.exceptions.NoSuchElementException: Message: no such element: Unable to locate element: {\"method\":\"css selector\",\"selector\":\"[id=\"produk0\"]\"}\n     (Session info: chrome=112.0.5615.137)\n   Stacktrace:\n   0   chromedriver                        0x0000000104f97ae8 chromedriver + 4958952\n   1   chromedriver                        0x0000000104f8f7b3 chromedriver + 4925363\n   2   chromedriver                        0x0000000104b511d6 chromedriver + 475606\n   3   chromedriver                        0x0000000104b94a20 chromedriver + 752160\n   4   chromedriver                        0x0000000104b94c81 chromedriver + 752769\n   5   chromedriver                        0x0000000104bd8f64 chromedriver + 1032036\n   6   chromedriver                        0x0000000104bbac3d chromedriver + 908349\n   7   chromedriver                        0x0000000104bd625b chromedriver + 1020507\n   8   chromedriver                        0x0000000104bba9e3 chromedriver + 907747\n   9   chromedriver                        0x0000000104b84aef chromedriver + 686831\n   10  chromedriver                        0x0000000104b8600e chromedriver + 692238\n   11  chromedriver                        0x0000000104f539ad chromedriver + 4680109\n   12  chromedriver                        0x0000000104f58c12 chromedriver + 4701202\n   13  chromedriver                        0x0000000104f5f79f chromedriver + 4728735\n   14  chromedriver                        0x0000000104f59b7a chromedriver + 4705146\n   15  chromedriver                        0x0000000104f2c27e chromedriver + 4518526\n   16  chromedriver                        0x0000000104f79908 chromedriver + 4835592\n   17  chromedriver                        0x0000000104f79a87 chromedriver + 4835975\n   18  chromedriver                        0x0000000104f8900f chromedriver + 4898831\n   19  libsystem_pthread.dylib             0x00007ff80f4a71d3 _pthread_start + 125\n   20  libsystem_pthread.dylib             0x00007ff80f4a2bd3 thread_start + 15\n", "test_name": "test_TC_GIATJA_009", "rerun": "0"}, "3": {"status": "PASS", "message": "", "test_name": "test_TC_GIATJA_010", "rerun": "0"}, "4": {"status": "PASS", "message": "", "test_name": "test_TC_GIATJA_011", "rerun": "0"}, "5": {"status": "PASS", "message": "", "test_name": "test_TC_GIATJA_012", "rerun": "0"}, "6": {"status": "PASS", "message": "", "test_name": "test_TC_GIATJA_013", "rerun": "0"}, "7": {"status": "PASS", "message": "", "test_name": "test_TC_GIATJA_014", "rerun": "0"}, "8": {"status": "PASS", "message": "", "test_name": "test2_exit", "rerun": "0"}}, "suite_name": "2.Pemasaran/Fungsional/test_OpPemasaran.py"}}}, "date": "May 03, 2023", "start_time": 1683122364.136217, "total_suite": 1, "status": "FAIL", "status_list": {"pass": "8", "fail": "1", "skip": "0", "error": "0", "xpass": "0", "xfail": "0", "rerun": "0"}, "total_tests": "9"}