{"content": {"suites": {"0": {"status": {"total_pass": 5, "total_skip": 0, "total_xpass": 0, "total_xfail": 0, "total_rerun": 0, "total_fail": 1, "total_error": 0}, "tests": {"0": {"status": "PASS", "message": "", "test_name": "test_1_SetupOs", "rerun": "0"}, "1": {"status": "PASS", "message": "", "test_name": "test_TC_GIATJA_008", "rerun": "0"}, "2": {"status": "PASS", "message": "", "test_name": "test_TC_GIATJA_012", "rerun": "0"}, "3": {"status": "FAIL", "message": "   selenium.common.exceptions.ElementClickInterceptedException: Message: element click intercepted: Element <span class=\"\">...</span> is not clickable at point (1346, 769). Other element would receive the click: <div class=\"el-loading-mask\" style=\"\">...</div>\n     (Session info: chrome=113.0.5672.63)\n   Stacktrace:\n   0   chromedriver                        0x00000001051d2ae8 chromedriver + 4958952\n   1   chromedriver                        0x00000001051ca7b3 chromedriver + 4925363\n   2   chromedriver                        0x0000000104d8c1d6 chromedriver + 475606\n   3   chromedriver                        0x0000000104dd9321 chromedriver + 791329\n   4   chromedriver                        0x0000000104dd636e chromedriver + 779118\n   5   chromedriver                        0x0000000104dd2fd4 chromedriver + 765908\n   6   chromedriver                        0x0000000104dd19af chromedriver + 760239\n   7   chromedriver                        0x0000000104dc2283 chromedriver + 696963\n   8   chromedriver                        0x0000000104df5c12 chromedriver + 908306\n   9   chromedriver                        0x0000000104dc18f1 chromedriver + 694513\n   10  chromedriver                        0x0000000104df5dce chromedriver + 908750\n   11  chromedriver                        0x0000000104e1125b chromedriver + 1020507\n   12  chromedriver                        0x0000000104df59e3 chromedriver + 907747\n   13  chromedriver                        0x0000000104dbfaef chromedriver + 686831\n   14  chromedriver                        0x0000000104dc100e chromedriver + 692238\n   15  chromedriver                        0x000000010518e9ad chromedriver + 4680109\n   16  chromedriver                        0x0000000105193c12 chromedriver + 4701202\n   17  chromedriver                        0x000000010519a79f chromedriver + 4728735\n   18  chromedriver                        0x0000000105194b7a chromedriver + 4705146\n   19  chromedriver                        0x000000010516727e chromedriver + 4518526\n   20  chromedriver                        0x00000001051b4908 chromedriver + 4835592\n   21  chromedriver                        0x00000001051b4a87 chromedriver + 4835975\n   22  chromedriver                        0x00000001051c400f chromedriver + 4898831\n   23  libsystem_pthread.dylib             0x00007ff808d0f1d3 _pthread_start + 125\n   24  libsystem_pthread.dylib             0x00007ff808d0abd3 thread_start + 15\n", "test_name": "test_TC_GIATJA_013", "rerun": "0"}, "4": {"status": "PASS", "message": "", "test_name": "test_TC_GIATJA_014", "rerun": "0"}, "5": {"status": "PASS", "message": "", "test_name": "test2_exit", "rerun": "0"}}, "suite_name": "2.Pemasaran/Fungsional/test_OpPemasaran.py"}}}, "date": "May 04, 2023", "start_time": 1683169400.913743, "total_suite": 1, "status": "FAIL", "status_list": {"pass": "5", "fail": "1", "skip": "0", "error": "0", "xpass": "0", "xfail": "0", "rerun": "0"}, "total_tests": "6"}