{"content": {"suites": {"0": {"status": {"total_pass": 8, "total_skip": 0, "total_xpass": 0, "total_xfail": 0, "total_rerun": 0, "total_fail": 1, "total_error": 0}, "tests": {"0": {"status": "PASS", "message": "", "test_name": "test_1_SetupOs", "rerun": "0"}, "1": {"status": "PASS", "message": "", "test_name": "test_TC_GIATJA_008", "rerun": "0"}, "2": {"status": "FAIL", "message": "   selenium.common.exceptions.NoSuchElementException: Message: no such element: Unable to locate element: {\"method\":\"css selector\",\"selector\":\"el-form-item:nth-child(1) .el-input--prefix > .el-input__inner\"}\n     (Session info: chrome=112.0.5615.137)\n   Stacktrace:\n   0   chromedriver                        0x0000000103190ae8 chromedriver + 4958952\n   1   chromedriver                        0x00000001031887b3 chromedriver + 4925363\n   2   chromedriver                        0x0000000102d4a1d6 chromedriver + 475606\n   3   chromedriver                        0x0000000102d8da20 chromedriver + 752160\n   4   chromedriver                        0x0000000102d8dc81 chromedriver + 752769\n   5   chromedriver                        0x0000000102dd1f64 chromedriver + 1032036\n   6   chromedriver                        0x0000000102db3c3d chromedriver + 908349\n   7   chromedriver                        0x0000000102dcf25b chromedriver + 1020507\n   8   chromedriver                        0x0000000102db39e3 chromedriver + 907747\n   9   chromedriver                        0x0000000102d7daef chromedriver + 686831\n   10  chromedriver                        0x0000000102d7f00e chromedriver + 692238\n   11  chromedriver                        0x000000010314c9ad chromedriver + 4680109\n   12  chromedriver                        0x0000000103151c12 chromedriver + 4701202\n   13  chromedriver                        0x000000010315879f chromedriver + 4728735\n   14  chromedriver                        0x0000000103152b7a chromedriver + 4705146\n   15  chromedriver                        0x000000010312527e chromedriver + 4518526\n   16  chromedriver                        0x0000000103172908 chromedriver + 4835592\n   17  chromedriver                        0x0000000103172a87 chromedriver + 4835975\n   18  chromedriver                        0x000000010318200f chromedriver + 4898831\n   19  libsystem_pthread.dylib             0x00007ff80f4a71d3 _pthread_start + 125\n   20  libsystem_pthread.dylib             0x00007ff80f4a2bd3 thread_start + 15\n", "test_name": "test_TC_GIATJA_009", "rerun": "0"}, "3": {"status": "PASS", "message": "", "test_name": "test_TC_GIATJA_010", "rerun": "0"}, "4": {"status": "PASS", "message": "", "test_name": "test_TC_GIATJA_011", "rerun": "0"}, "5": {"status": "PASS", "message": "", "test_name": "test_TC_GIATJA_012", "rerun": "0"}, "6": {"status": "PASS", "message": "", "test_name": "test_TC_GIATJA_013", "rerun": "0"}, "7": {"status": "PASS", "message": "", "test_name": "test_TC_GIATJA_014", "rerun": "0"}, "8": {"status": "PASS", "message": "", "test_name": "test2_exit", "rerun": "0"}}, "suite_name": "2.Pemasaran/Fungsional/test_OpPemasaran.py"}}}, "date": "May 03, 2023", "start_time": 1683122829.526935, "total_suite": 1, "status": "FAIL", "status_list": {"pass": "8", "fail": "1", "skip": "0", "error": "0", "xpass": "0", "xfail": "0", "rerun": "0"}, "total_tests": "9"}