{"content": {"suites": {"0": {"status": {"total_pass": 7, "total_skip": 0, "total_xpass": 0, "total_xfail": 0, "total_rerun": 0, "total_fail": 2, "total_error": 0}, "tests": {"0": {"status": "PASS", "message": "", "test_name": "test_1_SetupOs", "rerun": "0"}, "1": {"status": "PASS", "message": "", "test_name": "test_TC_GIATJA_008", "rerun": "0"}, "2": {"status": "PASS", "message": "", "test_name": "test_TC_GIATJA_009", "rerun": "0"}, "3": {"status": "PASS", "message": "", "test_name": "test_TC_GIATJA_010", "rerun": "0"}, "4": {"status": "FAIL", "message": "   selenium.common.exceptions.NoSuchElementException: Message: no such element: Unable to locate element: {\"method\":\"xpath\",\"selector\":\"//tr[3]/td[8]/div/div/div/a/button\"}\n     (Session info: chrome=113.0.5672.63)\n   Stacktrace:\n   0   chromedriver                        0x0000000104a20ae8 chromedriver + 4958952\n   1   chromedriver                        0x0000000104a187b3 chromedriver + 4925363\n   2   chromedriver                        0x00000001045da1d6 chromedriver + 475606\n   3   chromedriver                        0x000000010461da20 chromedriver + 752160\n   4   chromedriver                        0x000000010461dc81 chromedriver + 752769\n   5   chromedriver                        0x0000000104661f64 chromedriver + 1032036\n   6   chromedriver                        0x0000000104643c3d chromedriver + 908349\n   7   chromedriver                        0x000000010465f25b chromedriver + 1020507\n   8   chromedriver                        0x00000001046439e3 chromedriver + 907747\n   9   chromedriver                        0x000000010460daef chromedriver + 686831\n   10  chromedriver                        0x000000010460f00e chromedriver + 692238\n   11  chromedriver                        0x00000001049dc9ad chromedriver + 4680109\n   12  chromedriver                        0x00000001049e1c12 chromedriver + 4701202\n   13  chromedriver                        0x00000001049e879f chromedriver + 4728735\n   14  chromedriver                        0x00000001049e2b7a chromedriver + 4705146\n   15  chromedriver                        0x00000001049b527e chromedriver + 4518526\n   16  chromedriver                        0x0000000104a02908 chromedriver + 4835592\n   17  chromedriver                        0x0000000104a02a87 chromedriver + 4835975\n   18  chromedriver                        0x0000000104a1200f chromedriver + 4898831\n   19  libsystem_pthread.dylib             0x00007ff808d0f1d3 _pthread_start + 125\n   20  libsystem_pthread.dylib             0x00007ff808d0abd3 thread_start + 15\n", "test_name": "test_TC_GIATJA_011", "rerun": "0"}, "5": {"status": "PASS", "message": "", "test_name": "test_TC_GIATJA_012", "rerun": "0"}, "6": {"status": "PASS", "message": "", "test_name": "test_TC_GIATJA_013", "rerun": "0"}, "7": {"status": "FAIL", "message": "   selenium.common.exceptions.TimeoutException: Message: \n   Stacktrace:\n   0   chromedriver                        0x0000000104a20ae8 chromedriver + 4958952\n   1   chromedriver                        0x0000000104a187b3 chromedriver + 4925363\n   2   chromedriver                        0x00000001045da1d6 chromedriver + 475606\n   3   chromedriver                        0x000000010461da20 chromedriver + 752160\n   4   chromedriver                        0x000000010461dc81 chromedriver + 752769\n   5   chromedriver                        0x0000000104661f64 chromedriver + 1032036\n   6   chromedriver                        0x0000000104643c3d chromedriver + 908349\n   7   chromedriver                        0x000000010465f25b chromedriver + 1020507\n   8   chromedriver                        0x00000001046439e3 chromedriver + 907747\n   9   chromedriver                        0x000000010460daef chromedriver + 686831\n   10  chromedriver                        0x000000010460f00e chromedriver + 692238\n   11  chromedriver                        0x00000001049dc9ad chromedriver + 4680109\n   12  chromedriver                        0x00000001049e1c12 chromedriver + 4701202\n   13  chromedriver                        0x00000001049e879f chromedriver + 4728735\n   14  chromedriver                        0x00000001049e2b7a chromedriver + 4705146\n   15  chromedriver                        0x00000001049b527e chromedriver + 4518526\n   16  chromedriver                        0x0000000104a02908 chromedriver + 4835592\n   17  chromedriver                        0x0000000104a02a87 chromedriver + 4835975\n   18  chromedriver                        0x0000000104a1200f chromedriver + 4898831\n   19  libsystem_pthread.dylib             0x00007ff808d0f1d3 _pthread_start + 125\n   20  libsystem_pthread.dylib             0x00007ff808d0abd3 thread_start + 15\n", "test_name": "test_TC_GIATJA_014", "rerun": "0"}, "8": {"status": "PASS", "message": "", "test_name": "test2_exit", "rerun": "0"}}, "suite_name": "2.Pemasaran/Fungsional/test_OpPemasaran.py"}}}, "date": "May 04, 2023", "start_time": 1683170124.6014562, "total_suite": 1, "status": "FAIL", "status_list": {"pass": "7", "fail": "2", "skip": "0", "error": "0", "xpass": "0", "xfail": "0", "rerun": "0"}, "total_tests": "9"}