{"content": {"suites": {"0": {"status": {"total_pass": 6, "total_skip": 0, "total_xpass": 0, "total_xfail": 0, "total_rerun": 0, "total_fail": 1, "total_error": 0}, "tests": {"0": {"status": "PASS", "message": "", "test_name": "test_1_SetupOs", "rerun": "0"}, "1": {"status": "PASS", "message": "", "test_name": "test_TC_GIATJA_008", "rerun": "0"}, "2": {"status": "FAIL", "message": "   selenium.common.exceptions.ElementClickInterceptedException: Message: element click intercepted: Element <path d=\"M4 4a2 2 0 012-2h4.586A2 2 0 0112 2.586L15.414 6A2 2 0 0116 7.414V16a2 2 0 01-2 2h-1.528A6 6 0 004 9.528V4z\"></path> is not clickable at point (1285, 511). Other element would receive the click: <svg xmlns=\"http://www.w3.org/2000/svg\" viewBox=\"0 0 20 20\" fill=\"currentColor\" aria-hidden=\"true\" class=\"h-5 w-5\">...</svg>\n     (Session info: chrome=113.0.5672.63)\n   Stacktrace:\n   0   chromedriver                        0x0000000102efdae8 chromedriver + 4958952\n   1   chromedriver                        0x0000000102ef57b3 chromedriver + 4925363\n   2   chromedriver                        0x0000000102ab71d6 chromedriver + 475606\n   3   chromedriver                        0x0000000102b04321 chromedriver + 791329\n   4   chromedriver                        0x0000000102b0136e chromedriver + 779118\n   5   chromedriver                        0x0000000102afdfd4 chromedriver + 765908\n   6   chromedriver                        0x0000000102afc9af chromedriver + 760239\n   7   chromedriver                        0x0000000102aed283 chromedriver + 696963\n   8   chromedriver                        0x0000000102b20c12 chromedriver + 908306\n   9   chromedriver                        0x0000000102aec8f1 chromedriver + 694513\n   10  chromedriver                        0x0000000102b20dce chromedriver + 908750\n   11  chromedriver                        0x0000000102b3c25b chromedriver + 1020507\n   12  chromedriver                        0x0000000102b209e3 chromedriver + 907747\n   13  chromedriver                        0x0000000102aeaaef chromedriver + 686831\n   14  chromedriver                        0x0000000102aec00e chromedriver + 692238\n   15  chromedriver                        0x0000000102eb99ad chromedriver + 4680109\n   16  chromedriver                        0x0000000102ebec12 chromedriver + 4701202\n   17  chromedriver                        0x0000000102ec579f chromedriver + 4728735\n   18  chromedriver                        0x0000000102ebfb7a chromedriver + 4705146\n   19  chromedriver                        0x0000000102e9227e chromedriver + 4518526\n   20  chromedriver                        0x0000000102edf908 chromedriver + 4835592\n   21  chromedriver                        0x0000000102edfa87 chromedriver + 4835975\n   22  chromedriver                        0x0000000102eef00f chromedriver + 4898831\n   23  libsystem_pthread.dylib             0x00007ff808d0f1d3 _pthread_start + 125\n   24  libsystem_pthread.dylib             0x00007ff808d0abd3 thread_start + 15\n", "test_name": "test_TC_GIATJA_011", "rerun": "0"}, "3": {"status": "PASS", "message": "", "test_name": "test_TC_GIATJA_012", "rerun": "0"}, "4": {"status": "PASS", "message": "", "test_name": "test_TC_GIATJA_013", "rerun": "0"}, "5": {"status": "PASS", "message": "", "test_name": "test_TC_GIATJA_014", "rerun": "0"}, "6": {"status": "PASS", "message": "", "test_name": "test2_exit", "rerun": "0"}}, "suite_name": "2.Pemasaran/Fungsional/test_OpPemasaran.py"}}}, "date": "May 04, 2023", "start_time": 1683165303.614998, "total_suite": 1, "status": "FAIL", "status_list": {"pass": "6", "fail": "1", "skip": "0", "error": "0", "xpass": "0", "xfail": "0", "rerun": "0"}, "total_tests": "7"}