{"content": {"suites": {"0": {"status": {"total_pass": 8, "total_skip": 0, "total_xpass": 0, "total_xfail": 0, "total_rerun": 0, "total_fail": 1, "total_error": 0}, "tests": {"0": {"status": "PASS", "message": "", "test_name": "test_1_SetupOs", "rerun": "0"}, "1": {"status": "PASS", "message": "", "test_name": "test_TC_GIATJA_008", "rerun": "0"}, "2": {"status": "FAIL", "message": "   selenium.common.exceptions.ElementClickInterceptedException: Message: element click intercepted: Element <li class=\"el-select-dropdown__item\" id=\"kota124\">...</li> is not clickable at point (563, 820). Other element would receive the click: ...<template class=\"flex w-full items-center justify-end\"></template>\n     (Session info: chrome=112.0.5615.137)\n   Stacktrace:\n   0   chromedriver                        0x000000010325fae8 chromedriver + 4958952\n   1   chromedriver                        0x00000001032577b3 chromedriver + 4925363\n   2   chromedriver                        0x0000000102e191d6 chromedriver + 475606\n   3   chromedriver                        0x0000000102e66321 chromedriver + 791329\n   4   chromedriver                        0x0000000102e6336e chromedriver + 779118\n   5   chromedriver                        0x0000000102e5ffd4 chromedriver + 765908\n   6   chromedriver                        0x0000000102e5e9af chromedriver + 760239\n   7   chromedriver                        0x0000000102e4f283 chromedriver + 696963\n   8   chromedriver                        0x0000000102e82c12 chromedriver + 908306\n   9   chromedriver                        0x0000000102e4e8f1 chromedriver + 694513\n   10  chromedriver                        0x0000000102e82dce chromedriver + 908750\n   11  chromedriver                        0x0000000102e9e25b chromedriver + 1020507\n   12  chromedriver                        0x0000000102e829e3 chromedriver + 907747\n   13  chromedriver                        0x0000000102e4caef chromedriver + 686831\n   14  chromedriver                        0x0000000102e4e00e chromedriver + 692238\n   15  chromedriver                        0x000000010321b9ad chromedriver + 4680109\n   16  chromedriver                        0x0000000103220c12 chromedriver + 4701202\n   17  chromedriver                        0x000000010322779f chromedriver + 4728735\n   18  chromedriver                        0x0000000103221b7a chromedriver + 4705146\n   19  chromedriver                        0x00000001031f427e chromedriver + 4518526\n   20  chromedriver                        0x0000000103241908 chromedriver + 4835592\n   21  chromedriver                        0x0000000103241a87 chromedriver + 4835975\n   22  chromedriver                        0x000000010325100f chromedriver + 4898831\n   23  libsystem_pthread.dylib             0x00007ff80f4a71d3 _pthread_start + 125\n   24  libsystem_pthread.dylib             0x00007ff80f4a2bd3 thread_start + 15\n", "test_name": "test_TC_GIATJA_009", "rerun": "0"}, "3": {"status": "PASS", "message": "", "test_name": "test_TC_GIATJA_010", "rerun": "0"}, "4": {"status": "PASS", "message": "", "test_name": "test_TC_GIATJA_011", "rerun": "0"}, "5": {"status": "PASS", "message": "", "test_name": "test_TC_GIATJA_012", "rerun": "0"}, "6": {"status": "PASS", "message": "", "test_name": "test_TC_GIATJA_013", "rerun": "0"}, "7": {"status": "PASS", "message": "", "test_name": "test_TC_GIATJA_014", "rerun": "0"}, "8": {"status": "PASS", "message": "", "test_name": "test2_exit", "rerun": "0"}}, "suite_name": "2.Pemasaran/Fungsional/test_OpPemasaran.py"}}}, "date": "May 03, 2023", "start_time": 1683112574.397255, "total_suite": 1, "status": "FAIL", "status_list": {"pass": "8", "fail": "1", "skip": "0", "error": "0", "xpass": "0", "xfail": "0", "rerun": "0"}, "total_tests": "9"}