{"content": {"suites": {"0": {"status": {"total_pass": 36, "total_skip": 0, "total_xpass": 0, "total_xfail": 0, "total_rerun": 0, "total_fail": 0, "total_error": 0}, "tests": {"0": {"status": "PASS", "message": "", "test_name": "test_1_SetupOs", "rerun": "0"}, "1": {"status": "PASS", "message": "", "test_name": "test_2_Login", "rerun": "0"}, "2": {"status": "PASS", "message": "", "test_name": "test_2_AksesMenu", "rerun": "0"}, "3": {"status": "PASS", "message": "", "test_name": "test_3_CreateButton", "rerun": "0"}, "4": {"status": "PASS", "message": "", "test_name": "test_4_InputJenisSarana", "rerun": "0"}, "5": {"status": "PASS", "message": "", "test_name": "test_5_InputKondisi", "rerun": "0"}, "6": {"status": "PASS", "message": "", "test_name": "test_6_InputKeterangan", "rerun": "0"}, "7": {"status": "PASS", "message": "", "test_name": "test_7_ButtonSubmit", "rerun": "0"}, "8": {"status": "PASS", "message": "", "test_name": "test_8_TambahUsulan", "rerun": "0"}, "9": {"status": "PASS", "message": "", "test_name": "test_9_InputJumlah", "rerun": "0"}, "10": {"status": "PASS", "message": "", "test_name": "test_10_ClickButtonSUbmit", "rerun": "0"}, "11": {"status": "PASS", "message": "", "test_name": "test_11_SetupOS", "rerun": "0"}, "12": {"status": "PASS", "message": "", "test_name": "test_12_LoginSpv", "rerun": "0"}, "13": {"status": "PASS", "message": "", "test_name": "test_13_AksesMenuSpv", "rerun": "0"}, "14": {"status": "PASS", "message": "", "test_name": "test_14_KirimLaporanSpv", "rerun": "0"}, "15": {"status": "PASS", "message": "", "test_name": "test_15_loginKanwil", "rerun": "0"}, "16": {"status": "PASS", "message": "", "test_name": "test_16_AksesMenuSpv", "rerun": "0"}, "17": {"status": "PASS", "message": "", "test_name": "test_17_VerifikasiLaporanKanwil", "rerun": "0"}, "18": {"status": "PASS", "message": "", "test_name": "test_18_ClickButtonSearch", "rerun": "0"}, "19": {"status": "PASS", "message": "", "test_name": "test_19_ClickButtonVerifikasi", "rerun": "0"}, "20": {"status": "PASS", "message": "", "test_name": "test_20_StatusVerifikasiModal", "rerun": "0"}, "21": {"status": "PASS", "message": "", "test_name": "test_21_UbahStatus", "rerun": "0"}, "22": {"status": "PASS", "message": "", "test_name": "test_22_Inputketerangan", "rerun": "0"}, "23": {"status": "PASS", "message": "", "test_name": "test_23_SimpanVerifikasi", "rerun": "0"}, "24": {"status": "PASS", "message": "", "test_name": "test_24_loginPusat", "rerun": "0"}, "25": {"status": "PASS", "message": "", "test_name": "test_25_AksesMenuPusat", "rerun": "0"}, "26": {"status": "PASS", "message": "", "test_name": "test_26_PilihKanwil", "rerun": "0"}, "27": {"status": "PASS", "message": "", "test_name": "test_27_PilihUPT", "rerun": "0"}, "28": {"status": "PASS", "message": "", "test_name": "test_28_ClickButtonSearch", "rerun": "0"}, "29": {"status": "PASS", "message": "", "test_name": "test_29_ClickButtonMaster", "rerun": "0"}, "30": {"status": "PASS", "message": "", "test_name": "test_30_CreateButton", "rerun": "0"}, "31": {"status": "PASS", "message": "", "test_name": "test_31_InputNama", "rerun": "0"}, "32": {"status": "PASS", "message": "", "test_name": "test_32_InputDeskripsi", "rerun": "0"}, "33": {"status": "PASS", "message": "", "test_name": "test_33_Switch", "rerun": "0"}, "34": {"status": "PASS", "message": "", "test_name": "test_34_Tambah", "rerun": "0"}, "35": {"status": "PASS", "message": "", "test_name": "test_35_exit", "rerun": "0"}}, "suite_name": "4LaporanBulanan/4.Laporan6D/Fungsional/test_Laporan6D.py"}}}, "date": "April 11, 2023", "start_time": 1681213918.3206458, "total_suite": 1, "status": "PASS", "status_list": {"pass": "36", "fail": "0", "skip": "0", "error": "0", "xpass": "0", "xfail": "0", "rerun": "0"}, "total_tests": "36"}