{"content": {"suites": {"0": {"status": {"total_pass": 7, "total_skip": 0, "total_xpass": 0, "total_xfail": 0, "total_rerun": 0, "total_fail": 0, "total_error": 0}, "tests": {"0": {"status": "PASS", "message": "", "test_name": "test_1_loginSPV", "rerun": "0"}, "1": {"status": "PASS", "message": "", "test_name": "test_2_AksesMenu", "rerun": "0"}, "2": {"status": "PASS", "message": "", "test_name": "test_3_SearchSemua", "rerun": "0"}, "3": {"status": "PASS", "message": "", "test_name": "test_4_SearchNoreg", "rerun": "0"}, "4": {"status": "PASS", "message": "", "test_name": "test_5_SearchNamaLengkap", "rerun": "0"}, "5": {"status": "PASS", "message": "", "test_name": "test_6_SearchPidana", "rerun": "0"}, "6": {"status": "PASS", "message": "", "test_name": "test_7_exit", "rerun": "0"}}, "suite_name": "2ManajemenPenempatan/5.RiwayatPenempatan/Looping/Fungsional/test_RiwayatPenempatan.py"}}}, "date": "April 04, 2023", "start_time": 1680597350.733912, "total_suite": 1, "status": "PASS", "status_list": {"pass": "7", "fail": "0", "skip": "0", "error": "0", "xpass": "0", "xfail": "0", "rerun": "0"}, "total_tests": "7"}